{"overrides":[{"predicate":{"custom_model_data":1},"model":"modelengine:tc_cyclops/torso"},{"predicate":{"custom_model_data":2},"model":"modelengine:tc_cyclops/spike"},{"predicate":{"custom_model_data":3},"model":"modelengine:tc_cyclops/head"},{"predicate":{"custom_model_data":4},"model":"modelengine:tc_cyclops/cage"},{"predicate":{"custom_model_data":5},"model":"modelengine:tc_cyclops/right_arm"},{"predicate":{"custom_model_data":6},"model":"modelengine:tc_cyclops/left_leg"},{"predicate":{"custom_model_data":7},"model":"modelengine:tc_cyclops/left_arm"},{"predicate":{"custom_model_data":8},"model":"modelengine:tc_cyclops/right_leg"},{"predicate":{"custom_model_data":9},"model":"modelengine:tc_cyclops/bone5"},{"predicate":{"custom_model_data":10},"model":"modelengine:tc_cyclops/bone4"},{"predicate":{"custom_model_data":11},"model":"modelengine:tc_cyclops/bone6"},{"predicate":{"custom_model_data":12},"model":"modelengine:tc_cyclops/jaw"},{"predicate":{"custom_model_data":13},"model":"modelengine:tc_cyclops/chain_7"},{"predicate":{"custom_model_data":14},"model":"modelengine:tc_cyclops/chain_10"},{"predicate":{"custom_model_data":15},"model":"modelengine:tc_cyclops/chain_6"},{"predicate":{"custom_model_data":16},"model":"modelengine:tc_cyclops/chain_9"},{"predicate":{"custom_model_data":17},"model":"modelengine:tc_cyclops/chain_8"},{"predicate":{"custom_model_data":18},"model":"modelengine:tc_cyclops/chain_11"},{"predicate":{"custom_model_data":19},"model":"modelengine:tc_cyclops/chain_1"},{"predicate":{"custom_model_data":20},"model":"modelengine:tc_cyclops/chain_3"},{"predicate":{"custom_model_data":21},"model":"modelengine:tc_cyclops/chain_2"},{"predicate":{"custom_model_data":22},"model":"modelengine:tc_cyclops/chain_5"},{"predicate":{"custom_model_data":23},"model":"modelengine:tc_cyclops/chain_4"},{"predicate":{"custom_model_data":24},"model":"modelengine:tc_cyclops/right_hand"},{"predicate":{"custom_model_data":25},"model":"modelengine:tc_cyclops/left_shin"},{"predicate":{"custom_model_data":26},"model":"modelengine:tc_cyclops/left_hand"},{"predicate":{"custom_model_data":27},"model":"modelengine:tc_cyclops/right_shin"},{"predicate":{"custom_model_data":28},"model":"modelengine:tc_cyclops/tooth2"},{"predicate":{"custom_model_data":29},"model":"modelengine:tc_cyclops/tooth1"},{"predicate":{"custom_model_data":30},"model":"modelengine:tc_cyclops/hammer"},{"predicate":{"custom_model_data":31},"model":"modelengine:tc_cyclops/bone2"},{"predicate":{"custom_model_data":32},"model":"modelengine:tc_cyclops/right_finger_d_1"},{"predicate":{"custom_model_data":33},"model":"modelengine:tc_cyclops/right_finger_c_1"},{"predicate":{"custom_model_data":34},"model":"modelengine:tc_cyclops/right_finger_b_1"},{"predicate":{"custom_model_data":35},"model":"modelengine:tc_cyclops/right_finger_a_1"},{"predicate":{"custom_model_data":36},"model":"modelengine:tc_cyclops/left_foot"},{"predicate":{"custom_model_data":37},"model":"modelengine:tc_cyclops/left_finger_c_1"},{"predicate":{"custom_model_data":38},"model":"modelengine:tc_cyclops/left_finger_b_1"},{"predicate":{"custom_model_data":39},"model":"modelengine:tc_cyclops/left_finger_a_1"},{"predicate":{"custom_model_data":40},"model":"modelengine:tc_cyclops/bone9"},{"predicate":{"custom_model_data":41},"model":"modelengine:tc_cyclops/left_finger_d_1"},{"predicate":{"custom_model_data":42},"model":"modelengine:tc_cyclops/right_foot"},{"predicate":{"custom_model_data":43},"model":"modelengine:tc_cyclops/bone3"},{"predicate":{"custom_model_data":44},"model":"modelengine:tc_cyclops/bone"},{"predicate":{"custom_model_data":45},"model":"modelengine:tc_cyclops/right_finger_d_2"},{"predicate":{"custom_model_data":46},"model":"modelengine:tc_cyclops/right_finger_c_2"},{"predicate":{"custom_model_data":47},"model":"modelengine:tc_cyclops/right_finger_b_2"},{"predicate":{"custom_model_data":48},"model":"modelengine:tc_cyclops/right_finger_a_2"},{"predicate":{"custom_model_data":49},"model":"modelengine:tc_cyclops/left_finger_c_2"},{"predicate":{"custom_model_data":50},"model":"modelengine:tc_cyclops/left_finger_b_2"},{"predicate":{"custom_model_data":51},"model":"modelengine:tc_cyclops/left_finger_a_2"},{"predicate":{"custom_model_data":52},"model":"modelengine:tc_cyclops/left_finger_d_2"},{"predicate":{"custom_model_data":53},"model":"modelengine:tc_cyclops_spike/spike"},{"predicate":{"custom_model_data":54},"model":"modelengine:mso_laval_lord/left_leg"},{"predicate":{"custom_model_data":55},"model":"modelengine:mso_laval_lord/right_leg"},{"predicate":{"custom_model_data":56},"model":"modelengine:mso_laval_lord/hip"},{"predicate":{"custom_model_data":57},"model":"modelengine:mso_laval_lord/left_knee"},{"predicate":{"custom_model_data":58},"model":"modelengine:mso_laval_lord/right_knee"},{"predicate":{"custom_model_data":59},"model":"modelengine:mso_laval_lord/spine"},{"predicate":{"custom_model_data":60},"model":"modelengine:mso_laval_lord/left_foot"},{"predicate":{"custom_model_data":61},"model":"modelengine:mso_laval_lord/right_foot"},{"predicate":{"custom_model_data":62},"model":"modelengine:mso_laval_lord/chest"},{"predicate":{"custom_model_data":63},"model":"modelengine:mso_laval_lord/upper_chest"},{"predicate":{"custom_model_data":64},"model":"modelengine:mso_laval_lord/head"},{"predicate":{"custom_model_data":65},"model":"modelengine:mso_laval_lord/left_shoulder"},{"predicate":{"custom_model_data":66},"model":"modelengine:mso_laval_lord/right_shoulder"},{"predicate":{"custom_model_data":67},"model":"modelengine:mso_laval_lord/jaw"},{"predicate":{"custom_model_data":68},"model":"modelengine:mso_laval_lord/right_horn"},{"predicate":{"custom_model_data":69},"model":"modelengine:mso_laval_lord/left_horn"},{"predicate":{"custom_model_data":70},"model":"modelengine:mso_laval_lord/left_arm"},{"predicate":{"custom_model_data":71},"model":"modelengine:mso_laval_lord/right_arm"},{"predicate":{"custom_model_data":72},"model":"modelengine:mso_laval_lord/fire_left"},{"predicate":{"custom_model_data":73},"model":"modelengine:mso_laval_lord/left_elbow"},{"predicate":{"custom_model_data":74},"model":"modelengine:mso_laval_lord/fire_right"},{"predicate":{"custom_model_data":75},"model":"modelengine:mso_laval_lord/right_elbow"},{"predicate":{"custom_model_data":76},"model":"modelengine:mso_laval_lord/left_hand"},{"predicate":{"custom_model_data":77},"model":"modelengine:mso_laval_lord/right_hand"},{"predicate":{"custom_model_data":78},"model":"modelengine:mso_lavastone_golem/hip"},{"predicate":{"custom_model_data":79},"model":"modelengine:mso_lavastone_golem/chest"},{"predicate":{"custom_model_data":80},"model":"modelengine:mso_lavastone_golem/tail"},{"predicate":{"custom_model_data":81},"model":"modelengine:mso_lavastone_golem/head"},{"predicate":{"custom_model_data":82},"model":"modelengine:mso_lavastone_golem/right_arm"},{"predicate":{"custom_model_data":83},"model":"modelengine:mso_lavastone_golem/left_arm"},{"predicate":{"custom_model_data":84},"model":"modelengine:mso_lavastone_golem/tail_tip"},{"predicate":{"custom_model_data":85},"model":"modelengine:mso_lavastone_golem/right_elbow"},{"predicate":{"custom_model_data":86},"model":"modelengine:mso_lavastone_golem/left_elbow"},{"predicate":{"custom_model_data":87},"model":"modelengine:mso_lavastone_golem/right_fist"},{"predicate":{"custom_model_data":88},"model":"modelengine:mso_lavastone_golem/left_fist"}],"parent":"minecraft:item/generated","textures":{"layer0":"minecraft:item/leather_horse_armor"}}