{"textures":{"0":"modelengine:entity/infernal_marauder"},"elements":[{"from":[5.0,-4.0,5.0],"to":[11.0,7.0,11.0],"faces":{"east":{"uv":[2.125,4.25,1.375,5.625],"tintindex":0,"rotation":0,"texture":"#0"},"south":{"uv":[4.875,1.375,4.125,2.75],"tintindex":0,"rotation":0,"texture":"#0"},"north":{"uv":[4.625,3.875,3.875,5.25],"tintindex":0,"rotation":0,"texture":"#0"},"west":{"uv":[4.875,0.0,4.125,1.375],"tintindex":0,"rotation":0,"texture":"#0"},"up":{"uv":[3.625,8.75,4.375,8.0],"tintindex":0,"rotation":0,"texture":"#0"},"down":{"uv":[8.0,4.0,8.75,4.75],"tintindex":0,"rotation":0,"texture":"#0"}}},{"from":[4.75,-4.25,4.75],"to":[11.25,7.25,11.25],"faces":{"east":{"uv":[0.75,4.75,0.0,6.125],"tintindex":0,"rotation":0,"texture":"#0"},"south":{"uv":[5.375,3.875,4.625,5.25],"tintindex":0,"rotation":0,"texture":"#0"},"north":{"uv":[2.875,4.25,2.125,5.625],"tintindex":0,"rotation":0,"texture":"#0"},"west":{"uv":[3.625,4.25,2.875,5.625],"tintindex":0,"rotation":0,"texture":"#0"},"up":{"uv":[4.375,8.75,5.125,8.0],"tintindex":0,"rotation":0,"texture":"#0"},"down":{"uv":[6.0,8.0,6.75,8.75],"tintindex":0,"rotation":0,"texture":"#0"}}}],"display":{"gui":{"rotation":[30,225,0]}}}