{"textures":{"0":"modelengine:entity/infernal_marauder"},"elements":[{"from":[7.375,6.375,2.875],"to":[8.625,9.625,6.125],"faces":{"east":{"uv":[8.5,7.25,7.75,8.0],"tintindex":0,"rotation":0,"texture":"#0"},"south":{"uv":[9.125,9.25,8.875,10.0],"tintindex":0,"rotation":0,"texture":"#0"},"north":{"uv":[5.625,6.25,5.375,7.0],"tintindex":0,"rotation":0,"texture":"#0"},"west":{"uv":[8.5,6.5,7.75,7.25],"tintindex":0,"rotation":0,"texture":"#0"},"up":{"uv":[9.375,9.375,9.625,8.625],"tintindex":0,"rotation":0,"texture":"#0"},"down":{"uv":[9.375,9.375,9.625,10.125],"tintindex":0,"rotation":0,"texture":"#0"}},"rotation":{"origin":[8.0,8.0,4.5],"angle":45.0,"axis":"x"}},{"from":[7.375,7.375,10.375],"to":[8.625,8.625,11.625],"faces":{"east":{"uv":[9.875,9.125,9.625,9.375],"tintindex":0,"rotation":0,"texture":"#0"},"south":{"uv":[9.875,8.875,9.625,9.125],"tintindex":0,"rotation":0,"texture":"#0"},"north":{"uv":[7.5,9.625,7.25,9.875],"tintindex":0,"rotation":0,"texture":"#0"},"west":{"uv":[9.875,8.625,9.625,8.875],"tintindex":0,"rotation":0,"texture":"#0"},"up":{"uv":[9.625,9.625,9.875,9.375],"tintindex":0,"rotation":0,"texture":"#0"},"down":{"uv":[9.625,9.625,9.875,9.875],"tintindex":0,"rotation":0,"texture":"#0"}},"rotation":{"origin":[8.0,8.0,11.0],"angle":22.5,"axis":"x"}},{"from":[7.5,7.5,5.0],"to":[8.5,8.5,11.0],"faces":{"east":{"uv":[10.625,1.25,9.125,1.5],"tintindex":0,"rotation":0,"texture":"#0"},"south":{"uv":[8.375,6.25,8.125,6.5],"tintindex":0,"rotation":0,"texture":"#0"},"north":{"uv":[5.375,8.0,5.125,8.25],"tintindex":0,"rotation":0,"texture":"#0"},"west":{"uv":[9.125,9.0,7.625,9.25],"tintindex":0,"rotation":0,"texture":"#0"},"up":{"uv":[4.875,10.25,5.125,8.75],"tintindex":0,"rotation":0,"texture":"#0"},"down":{"uv":[3.0,9.0,3.25,10.5],"tintindex":0,"rotation":0,"texture":"#0"}}},{"from":[8.0,6.0,-7.5],"to":[8.0,10.0,-3.5],"faces":{"east":{"uv":[6.25,2.625,5.25,3.625],"tintindex":0,"rotation":0,"texture":"#0"},"south":{"uv":[15.875,15.875,16.0,16.0],"tintindex":0,"rotation":0,"texture":"#0"},"north":{"uv":[15.875,15.875,16.0,16.0],"tintindex":0,"rotation":0,"texture":"#0"},"west":{"uv":[5.25,2.625,6.25,3.625],"tintindex":0,"rotation":0,"texture":"#0"},"up":{"uv":[15.875,15.875,16.0,16.0],"tintindex":0,"rotation":0,"texture":"#0"},"down":{"uv":[15.875,15.875,16.0,16.0],"tintindex":0,"rotation":0,"texture":"#0"}},"rotation":{"origin":[7.9995,10.0,-5.5],"angle":-22.5,"axis":"x"}},{"from":[8.0,5.5,0.5],"to":[8.0,6.5,4.5],"faces":{"east":{"uv":[7.625,9.25,8.625,9.5],"tintindex":0,"rotation":0,"texture":"#0"},"south":{"uv":[15.875,15.875,16.0,16.0],"tintindex":0,"rotation":0,"texture":"#0"},"north":{"uv":[15.875,15.875,16.0,16.0],"tintindex":0,"rotation":0,"texture":"#0"},"west":{"uv":[8.625,9.25,7.625,9.5],"tintindex":0,"rotation":0,"texture":"#0"},"up":{"uv":[15.875,15.875,16.0,16.0],"tintindex":0,"rotation":0,"texture":"#0"},"down":{"uv":[15.875,15.875,16.0,16.0],"tintindex":0,"rotation":0,"texture":"#0"}},"rotation":{"origin":[8.0,6.0,4.5],"angle":22.5,"axis":"x"}},{"from":[7.75,7.0,-5.5],"to":[8.25,10.0,4.5],"faces":{"east":{"uv":[0.0,0.75,2.5,1.5],"tintindex":0,"rotation":0,"texture":"#0"},"south":{"uv":[6.75,9.625,6.625,10.375],"tintindex":0,"rotation":0,"texture":"#0"},"north":{"uv":[9.75,6.125,9.625,6.875],"tintindex":0,"rotation":0,"texture":"#0"},"west":{"uv":[2.5,0.75,0.0,1.5],"tintindex":0,"rotation":0,"texture":"#0"},"up":{"uv":[1.875,11.375,2.0,8.875],"tintindex":0,"rotation":0,"texture":"#0"},"down":{"uv":[3.25,9.0,3.375,11.5],"tintindex":0,"rotation":0,"texture":"#0"}}}],"display":{"gui":{"rotation":[30,225,0]}}}