{"textures":{"0":"modelengine:entity/infernal_marauder"},"elements":[{"from":[2.5,6.0,4.5],"to":[13.5,10.0,11.5],"faces":{"east":{"uv":[8.75,5.25,9.625,5.75],"tintindex":0,"rotation":0,"texture":"#0"},"south":{"uv":[7.25,0.0,8.625,0.5],"tintindex":0,"rotation":0,"texture":"#0"},"north":{"uv":[7.125,3.5,8.5,4.0],"tintindex":0,"rotation":0,"texture":"#0"},"west":{"uv":[5.75,8.75,6.625,9.25],"tintindex":0,"rotation":0,"texture":"#0"},"up":{"uv":[1.375,4.75,0.0,3.875],"tintindex":0,"rotation":0,"texture":"#0"},"down":{"uv":[5.25,3.0,3.875,3.875],"tintindex":0,"rotation":0,"texture":"#0"}}}],"display":{"gui":{"rotation":[30,225,0]}}}