{"textures":{"0":"modelengine:entity/infernal_marauder"},"elements":[{"from":[4.75,4.25,4.25],"to":[11.25,11.75,10.75],"faces":{"east":{"uv":[8.375,5.375,8.5,5.5],"tintindex":0,"rotation":0,"texture":"#0"},"south":{"uv":[8.375,5.375,8.5,5.5],"tintindex":0,"rotation":0,"texture":"#0"},"north":{"uv":[8.375,5.375,8.5,5.5],"tintindex":0,"rotation":0,"texture":"#0"},"west":{"uv":[8.375,5.375,8.5,5.5],"tintindex":0,"rotation":0,"texture":"#0"},"up":{"uv":[8.375,5.375,8.5,5.5],"tintindex":0,"rotation":0,"texture":"#0"},"down":{"uv":[8.375,5.375,8.5,5.5],"tintindex":0,"rotation":0,"texture":"#0"}},"rotation":{"origin":[8.0,8.0,8.0],"angle":22.5,"axis":"x"}}],"display":{"gui":{"rotation":[30,225,0]}}}