{"textures":{"0":"modelengine:entity/infernal_marauder"},"elements":[{"from":[4.5,5.0,4.0],"to":[11.5,13.0,11.0],"faces":{"east":{"uv":[5.625,6.0,6.5,7.0],"tintindex":0,"rotation":0,"texture":"#0"},"south":{"uv":[6.25,2.125,7.125,3.125],"tintindex":0,"rotation":0,"texture":"#0"},"north":{"uv":[5.875,1.125,6.75,2.125],"tintindex":0,"rotation":0,"texture":"#0"},"west":{"uv":[6.25,3.125,7.125,4.125],"tintindex":0,"rotation":0,"texture":"#0"},"up":{"uv":[8.0,2.625,7.125,1.75],"tintindex":0,"rotation":0,"texture":"#0"},"down":{"uv":[8.0,2.625,7.125,3.5],"tintindex":0,"rotation":0,"texture":"#0"}},"rotation":{"origin":[8.0,9.0,8.0],"angle":22.5,"axis":"x"}},{"from":[6.0,-1.0,4.0],"to":[10.0,5.0,9.0],"faces":{"east":{"uv":[8.125,4.75,8.75,5.5],"tintindex":0,"rotation":0,"texture":"#0"},"south":{"uv":[7.125,8.875,7.625,9.625],"tintindex":0,"rotation":0,"texture":"#0"},"north":{"uv":[6.625,8.875,7.125,9.625],"tintindex":0,"rotation":0,"texture":"#0"},"west":{"uv":[8.125,5.5,8.75,6.25],"tintindex":0,"rotation":0,"texture":"#0"},"up":{"uv":[5.625,9.625,5.125,9.0],"tintindex":0,"rotation":0,"texture":"#0"},"down":{"uv":[9.625,2.25,9.125,2.875],"tintindex":0,"rotation":0,"texture":"#0"}},"rotation":{"origin":[8.0,9.0,8.0],"angle":22.5,"axis":"x"}},{"from":[4.75,5.25,4.25],"to":[11.25,12.75,10.75],"faces":{"east":{"uv":[4.5,6.25,5.375,7.25],"tintindex":0,"rotation":0,"texture":"#0"},"south":{"uv":[0.0,6.375,0.875,7.375],"tintindex":0,"rotation":0,"texture":"#0"},"north":{"uv":[3.625,6.25,4.5,7.25],"tintindex":0,"rotation":0,"texture":"#0"},"west":{"uv":[6.375,0.0,7.25,1.0],"tintindex":0,"rotation":0,"texture":"#0"},"up":{"uv":[6.875,8.0,6.0,7.125],"tintindex":0,"rotation":0,"texture":"#0"},"down":{"uv":[7.75,7.125,6.875,8.0],"tintindex":0,"rotation":0,"texture":"#0"}},"rotation":{"origin":[8.0,9.0,8.0],"angle":22.5,"axis":"x"}}],"display":{"gui":{"rotation":[30,225,0]}}}