{"textures":{"0":"modelengine:entity/infernal_marauder"},"elements":[{"from":[6.0,-2.0,5.0],"to":[10.0,8.0,9.0],"faces":{"east":{"uv":[1.5,7.625,1.0,8.875],"tintindex":0,"rotation":0,"texture":"#0"},"south":{"uv":[1.0,7.625,0.5,8.875],"tintindex":0,"rotation":0,"texture":"#0"},"north":{"uv":[0.5,7.375,0.0,8.625],"tintindex":0,"rotation":0,"texture":"#0"},"west":{"uv":[8.0,4.0,7.5,5.25],"tintindex":0,"rotation":0,"texture":"#0"},"up":{"uv":[5.625,9.75,6.125,9.25],"tintindex":0,"rotation":0,"texture":"#0"},"down":{"uv":[6.125,9.25,6.625,9.75],"tintindex":0,"rotation":0,"texture":"#0"}}}],"display":{"gui":{"rotation":[30,225,0]}}}