{"textures":{"0":"modelengine:entity/infernal_marauder"},"elements":[{"from":[-1.4280558,8.0,3.1246428],"to":[0.57194424,8.0,7.1246433],"faces":{"east":{"uv":[15.875,15.875,16.0,16.0],"tintindex":0,"rotation":0,"texture":"#0"},"south":{"uv":[15.875,15.875,16.0,16.0],"tintindex":0,"rotation":0,"texture":"#0"},"north":{"uv":[15.875,15.875,16.0,16.0],"tintindex":0,"rotation":0,"texture":"#0"},"west":{"uv":[15.875,15.875,16.0,16.0],"tintindex":0,"rotation":0,"texture":"#0"},"up":{"uv":[5.375,5.25,5.625,4.75],"tintindex":0,"rotation":0,"texture":"#0"},"down":{"uv":[5.375,4.75,5.625,5.25],"tintindex":0,"rotation":0,"texture":"#0"}},"rotation":{"origin":[-1.4280558,8.000999,7.1246433],"angle":22.5,"axis":"y"}},{"from":[3.0,6.0,6.0],"to":[10.0,10.0,10.0],"faces":{"east":{"uv":[7.75,0.5,7.25,1.0],"tintindex":0,"rotation":0,"texture":"#0"},"south":{"uv":[9.625,3.75,8.75,4.25],"tintindex":0,"rotation":0,"texture":"#0"},"north":{"uv":[4.5,8.75,3.625,9.25],"tintindex":0,"rotation":0,"texture":"#0"},"west":{"uv":[1.375,6.375,0.875,6.875],"tintindex":0,"rotation":0,"texture":"#0"},"up":{"uv":[8.75,4.75,9.625,4.25],"tintindex":0,"rotation":0,"texture":"#0"},"down":{"uv":[8.75,4.75,9.625,5.25],"tintindex":0,"rotation":0,"texture":"#0"}}},{"from":[-2.0,7.0,6.5],"to":[3.0,9.0,9.5],"faces":{"east":{"uv":[0.875,7.375,0.5,7.625],"tintindex":0,"rotation":0,"texture":"#0"},"south":{"uv":[10.25,4.5,9.625,4.75],"tintindex":0,"rotation":0,"texture":"#0"},"north":{"uv":[10.25,4.25,9.625,4.5],"tintindex":0,"rotation":0,"texture":"#0"},"west":{"uv":[7.125,1.75,6.75,2.0],"tintindex":0,"rotation":0,"texture":"#0"},"up":{"uv":[9.375,1.125,10.0,0.75],"tintindex":0,"rotation":0,"texture":"#0"},"down":{"uv":[9.375,7.75,10.0,8.125],"tintindex":0,"rotation":0,"texture":"#0"}},"rotation":{"origin":[3.0,6.5,9.5],"angle":-22.5,"axis":"y"}}],"display":{"gui":{"rotation":[30,225,0]}}}