{"textures":{"0":"modelengine:entity/infernal_marauder"},"elements":[{"from":[4.5,0.0,5.0],"to":[9.5,10.0,11.0],"faces":{"east":{"uv":[2.875,5.625,2.125,6.875],"tintindex":0,"rotation":0,"texture":"#0"},"south":{"uv":[6.0,7.0,5.375,8.25],"tintindex":0,"rotation":0,"texture":"#0"},"north":{"uv":[3.625,6.875,3.0,8.125],"tintindex":0,"rotation":0,"texture":"#0"},"west":{"uv":[2.125,5.625,1.375,6.875],"tintindex":0,"rotation":0,"texture":"#0"},"up":{"uv":[5.125,9.0,5.75,8.25],"tintindex":0,"rotation":0,"texture":"#0"},"down":{"uv":[2.0,8.5,2.625,9.25],"tintindex":0,"rotation":0,"texture":"#0"}}},{"from":[3.5,5.0,4.5],"to":[8.5,11.0,11.5],"faces":{"east":{"uv":[5.375,7.25,4.5,8.0],"tintindex":0,"rotation":0,"texture":"#0"},"south":{"uv":[9.125,7.0,8.5,7.75],"tintindex":0,"rotation":0,"texture":"#0"},"north":{"uv":[9.125,6.25,8.5,7.0],"tintindex":0,"rotation":0,"texture":"#0"},"west":{"uv":[4.5,7.25,3.625,8.0],"tintindex":0,"rotation":0,"texture":"#0"},"up":{"uv":[6.75,8.875,7.375,8.0],"tintindex":0,"rotation":0,"texture":"#0"},"down":{"uv":[7.375,8.0,8.0,8.875],"tintindex":0,"rotation":0,"texture":"#0"}},"rotation":{"origin":[6.0,8.0,8.0],"angle":-22.5,"axis":"z"}}],"display":{"gui":{"rotation":[30,225,0]}}}