{"textures":{"0":"modelengine:entity/infernal_marauder"},"elements":[{"from":[6.0,-5.0,7.0],"to":[10.0,8.0,12.0],"faces":{"east":{"uv":[5.5,0.0,4.875,1.625],"tintindex":0,"rotation":0,"texture":"#0"},"south":{"uv":[3.0,6.875,2.5,8.5],"tintindex":0,"rotation":0,"texture":"#0"},"north":{"uv":[2.5,6.875,2.0,8.5],"tintindex":0,"rotation":0,"texture":"#0"},"west":{"uv":[1.375,4.75,0.75,6.375],"tintindex":0,"rotation":0,"texture":"#0"},"up":{"uv":[9.125,7.375,9.625,6.75],"tintindex":0,"rotation":0,"texture":"#0"},"down":{"uv":[0.375,9.25,0.875,9.875],"tintindex":0,"rotation":0,"texture":"#0"}}}],"display":{"gui":{"rotation":[30,225,0]}}}