{"textures":{"0":"modelengine:entity/infernal_marauder"},"elements":[{"from":[6.5,-2.0,3.5],"to":[9.5,8.0,12.5],"faces":{"east":{"uv":[3.875,3.0,2.75,4.25],"tintindex":0,"rotation":0,"texture":"#0"},"south":{"uv":[9.125,2.5,8.75,3.75],"tintindex":0,"rotation":0,"texture":"#0"},"north":{"uv":[9.125,1.25,8.75,2.5],"tintindex":0,"rotation":0,"texture":"#0"},"west":{"uv":[2.75,3.0,1.625,4.25],"tintindex":0,"rotation":0,"texture":"#0"},"up":{"uv":[4.5,9.875,4.875,8.75],"tintindex":0,"rotation":0,"texture":"#0"},"down":{"uv":[1.5,8.875,1.875,10.0],"tintindex":0,"rotation":0,"texture":"#0"}}}],"display":{"gui":{"rotation":[30,225,0]}}}