{"textures":{"0":"modelengine:entity/infernal_marauder"},"elements":[{"from":[3.0,-2.5,7.0],"to":[9.0,7.5,9.0],"faces":{"east":{"uv":[9.375,9.0,9.125,10.25],"tintindex":0,"rotation":0,"texture":"#0"},"south":{"uv":[6.375,4.75,5.625,6.0],"tintindex":0,"rotation":0,"texture":"#0"},"north":{"uv":[3.625,5.625,2.875,6.875],"tintindex":0,"rotation":0,"texture":"#0"},"west":{"uv":[3.625,9.0,3.375,10.25],"tintindex":0,"rotation":0,"texture":"#0"},"up":{"uv":[9.625,4.0,10.375,3.75],"tintindex":0,"rotation":0,"texture":"#0"},"down":{"uv":[9.625,4.0,10.375,4.25],"tintindex":0,"rotation":0,"texture":"#0"}}}],"display":{"gui":{"rotation":[30,225,0]}}}