{"textures":{"0":"modelengine:entity/infernal_marauder"},"elements":[{"from":[7.5,5.0,4.5],"to":[12.5,11.0,11.5],"faces":{"east":{"uv":[3.625,7.25,4.5,8.0],"tintindex":0,"rotation":0,"texture":"#0"},"south":{"uv":[8.5,7.0,9.125,7.75],"tintindex":0,"rotation":0,"texture":"#0"},"north":{"uv":[8.5,6.25,9.125,7.0],"tintindex":0,"rotation":0,"texture":"#0"},"west":{"uv":[4.5,7.25,5.375,8.0],"tintindex":0,"rotation":0,"texture":"#0"},"up":{"uv":[7.375,8.875,6.75,8.0],"tintindex":0,"rotation":0,"texture":"#0"},"down":{"uv":[8.0,8.0,7.375,8.875],"tintindex":0,"rotation":0,"texture":"#0"}},"rotation":{"origin":[10.0,8.0,8.0],"angle":22.5,"axis":"z"}},{"from":[6.5,0.0,5.0],"to":[11.5,10.0,11.0],"faces":{"east":{"uv":[1.375,5.625,2.125,6.875],"tintindex":0,"rotation":0,"texture":"#0"},"south":{"uv":[5.375,7.0,6.0,8.25],"tintindex":0,"rotation":0,"texture":"#0"},"north":{"uv":[3.0,6.875,3.625,8.125],"tintindex":0,"rotation":0,"texture":"#0"},"west":{"uv":[2.125,5.625,2.875,6.875],"tintindex":0,"rotation":0,"texture":"#0"},"up":{"uv":[5.75,9.0,5.125,8.25],"tintindex":0,"rotation":0,"texture":"#0"},"down":{"uv":[2.625,8.5,2.0,9.25],"tintindex":0,"rotation":0,"texture":"#0"}}}],"display":{"gui":{"rotation":[30,225,0]}}}