{"textures":{"0":"modelengine:entity/infernal_marauder"},"elements":[{"from":[4.5,1.0,8.0],"to":[11.5,10.0,8.0],"faces":{"east":{"uv":[15.875,15.875,16.0,16.0],"tintindex":0,"rotation":0,"texture":"#0"},"south":{"uv":[5.5,0.0,6.375,1.125],"tintindex":0,"rotation":0,"texture":"#0"},"north":{"uv":[6.375,0.0,5.5,1.125],"tintindex":0,"rotation":0,"texture":"#0"},"west":{"uv":[15.875,15.875,16.0,16.0],"tintindex":0,"rotation":0,"texture":"#0"},"up":{"uv":[15.875,15.875,16.0,16.0],"tintindex":0,"rotation":0,"texture":"#0"},"down":{"uv":[15.875,15.875,16.0,16.0],"tintindex":0,"rotation":0,"texture":"#0"}}}],"display":{"gui":{"rotation":[30,225,0]}}}