{"textures":{"0":"modelengine:entity/infernal_marauder"},"elements":[{"from":[7.0,-2.5,7.0],"to":[13.0,7.5,9.0],"faces":{"east":{"uv":[3.375,9.0,3.625,10.25],"tintindex":0,"rotation":0,"texture":"#0"},"south":{"uv":[5.625,4.75,6.375,6.0],"tintindex":0,"rotation":0,"texture":"#0"},"north":{"uv":[2.875,5.625,3.625,6.875],"tintindex":0,"rotation":0,"texture":"#0"},"west":{"uv":[9.125,9.0,9.375,10.25],"tintindex":0,"rotation":0,"texture":"#0"},"up":{"uv":[10.375,4.0,9.625,3.75],"tintindex":0,"rotation":0,"texture":"#0"},"down":{"uv":[10.375,4.0,9.625,4.25],"tintindex":0,"rotation":0,"texture":"#0"}}}],"display":{"gui":{"rotation":[30,225,0]}}}