{"textures":{"0":"modelengine:entity/infernal_marauder"},"elements":[{"from":[8.0,11.0,10.0],"to":[8.0,12.0,12.0],"faces":{"east":{"uv":[9.875,7.25,9.625,7.375],"tintindex":0,"rotation":0,"texture":"#0"},"west":{"uv":[9.625,7.25,9.875,7.375],"tintindex":0,"rotation":0,"texture":"#0"}}},{"from":[7.0,8.0,8.0],"to":[9.0,11.0,16.0],"faces":{"east":{"uv":[9.125,1.5,10.125,1.875],"tintindex":0,"rotation":0,"texture":"#0"},"south":{"uv":[7.0,9.625,7.25,10.0],"tintindex":0,"rotation":0,"texture":"#0"},"north":{"uv":[9.625,6.875,9.875,7.25],"tintindex":0,"rotation":0,"texture":"#0"},"west":{"uv":[9.125,1.875,10.125,2.25],"tintindex":0,"rotation":0,"texture":"#0"},"up":{"uv":[3.875,5.25,3.625,4.25],"tintindex":0,"rotation":0,"texture":"#0"},"down":{"uv":[8.875,9.25,8.625,10.25],"tintindex":0,"rotation":0,"texture":"#0"}}},{"from":[8.0,11.0,13.0],"to":[8.0,12.0,15.0],"faces":{"east":{"uv":[9.625,1.125,9.375,1.25],"tintindex":0,"rotation":0,"texture":"#0"},"west":{"uv":[9.375,1.125,9.625,1.25],"tintindex":0,"rotation":0,"texture":"#0"}}}],"display":{"gui":{"rotation":[30,225,0]}}}