{"textures":{"0":"modelengine:entity/infernal_marauder"},"elements":[{"from":[6.75,6.25,7.75],"to":[9.25,9.75,17.25],"faces":{"east":{"uv":[8.75,5.75,9.875,6.125],"tintindex":0,"rotation":0,"texture":"#0"},"south":{"uv":[6.75,9.625,7.0,10.0],"tintindex":0,"rotation":0,"texture":"#0"},"north":{"uv":[9.625,5.375,9.875,5.75],"tintindex":0,"rotation":0,"texture":"#0"},"west":{"uv":[0.375,8.875,1.5,9.25],"tintindex":0,"rotation":0,"texture":"#0"},"up":{"uv":[1.5,10.375,1.25,9.25],"tintindex":0,"rotation":0,"texture":"#0"},"down":{"uv":[2.625,9.25,2.375,10.375],"tintindex":0,"rotation":0,"texture":"#0"}}},{"from":[8.0,9.75,14.75],"to":[8.0,10.75,16.75],"faces":{"east":{"uv":[6.5,7.0,6.25,7.125],"tintindex":0,"rotation":0,"texture":"#0"},"west":{"uv":[6.25,7.0,6.5,7.125],"tintindex":0,"rotation":0,"texture":"#0"}}},{"from":[8.0,9.75,8.75],"to":[8.0,10.75,10.75],"faces":{"east":{"uv":[5.125,2.625,4.875,2.75],"tintindex":0,"rotation":0,"texture":"#0"},"west":{"uv":[4.875,2.625,5.125,2.75],"tintindex":0,"rotation":0,"texture":"#0"}}},{"from":[8.0,9.75,11.75],"to":[8.0,10.75,13.75],"faces":{"east":{"uv":[7.0,2.0,6.75,2.125],"tintindex":0,"rotation":0,"texture":"#0"},"west":{"uv":[6.75,2.0,7.0,2.125],"tintindex":0,"rotation":0,"texture":"#0"}}}],"display":{"gui":{"rotation":[30,225,0]}}}