{"textures":{"0":"modelengine:entity/infernal_marauder"},"elements":[{"from":[8.0,10.0,9.5],"to":[8.0,11.0,11.5],"faces":{"east":{"uv":[7.875,8.875,7.625,9.0],"tintindex":0,"rotation":0,"texture":"#0"},"west":{"uv":[7.625,8.875,7.875,9.0],"tintindex":0,"rotation":0,"texture":"#0"}}},{"from":[7.99,9.99,12.99],"to":[8.01,11.01,15.01],"faces":{"east":{"uv":[8.375,8.875,8.125,9.0],"tintindex":0,"rotation":0,"texture":"#0"},"south":{"uv":[15.875,15.875,16.0,16.0],"tintindex":0,"rotation":0,"texture":"#0"},"north":{"uv":[15.875,15.875,16.0,16.0],"tintindex":0,"rotation":0,"texture":"#0"},"west":{"uv":[8.125,8.875,8.375,9.0],"tintindex":0,"rotation":0,"texture":"#0"},"up":{"uv":[15.875,15.875,16.0,16.0],"tintindex":0,"rotation":0,"texture":"#0"},"down":{"uv":[15.875,15.875,16.0,16.0],"tintindex":0,"rotation":0,"texture":"#0"}}},{"from":[7.5,8.0,8.0],"to":[8.5,10.0,16.0],"faces":{"east":{"uv":[9.375,0.25,10.375,0.5],"tintindex":0,"rotation":0,"texture":"#0"},"south":{"uv":[8.0,4.75,8.125,5.0],"tintindex":0,"rotation":0,"texture":"#0"},"north":{"uv":[7.875,1.5,8.0,1.75],"tintindex":0,"rotation":0,"texture":"#0"},"west":{"uv":[9.375,0.5,10.375,0.75],"tintindex":0,"rotation":0,"texture":"#0"},"up":{"uv":[5.5,10.625,5.375,9.625],"tintindex":0,"rotation":0,"texture":"#0"},"down":{"uv":[5.625,9.625,5.5,10.625],"tintindex":0,"rotation":0,"texture":"#0"}}}],"display":{"gui":{"rotation":[30,225,0]}}}