{"textures":{"0":"modelengine:entity/infernal_marauder"},"elements":[{"from":[8.0,10.0,10.0],"to":[8.0,11.0,12.0],"faces":{"east":{"uv":[8.75,3.875,8.5,4.0],"tintindex":0,"rotation":0,"texture":"#0"},"west":{"uv":[8.5,3.875,8.75,4.0],"tintindex":0,"rotation":0,"texture":"#0"}}},{"from":[8.0,8.0,8.0],"to":[8.0,10.0,15.0],"faces":{"east":{"uv":[10.25,8.375,9.375,8.625],"tintindex":0,"rotation":0,"texture":"#0"},"south":{"uv":[15.875,15.875,16.0,16.0],"tintindex":0,"rotation":0,"texture":"#0"},"north":{"uv":[15.875,15.875,16.0,16.0],"tintindex":0,"rotation":0,"texture":"#0"},"west":{"uv":[9.375,8.375,10.25,8.625],"tintindex":0,"rotation":0,"texture":"#0"},"up":{"uv":[15.875,15.875,16.0,16.0],"tintindex":0,"rotation":0,"texture":"#0"},"down":{"uv":[15.875,15.875,16.0,16.0],"tintindex":0,"rotation":0,"texture":"#0"}}}],"display":{"gui":{"rotation":[30,225,0]}}}