{"textures":{"0":"modelengine:entity/infernal_marauder"},"elements":[{"from":[7.0,7.0,11.0],"to":[9.0,12.0,13.0],"faces":{"east":{"uv":[4.25,9.625,4.5,10.25],"tintindex":0,"rotation":0,"texture":"#0"},"south":{"uv":[9.625,4.75,9.875,5.375],"tintindex":0,"rotation":0,"texture":"#0"},"north":{"uv":[4.0,9.625,4.25,10.25],"tintindex":0,"rotation":0,"texture":"#0"},"west":{"uv":[5.125,9.625,5.375,10.25],"tintindex":0,"rotation":0,"texture":"#0"},"up":{"uv":[2.875,10.0,2.625,9.75],"tintindex":0,"rotation":0,"texture":"#0"},"down":{"uv":[5.875,9.75,5.625,10.0],"tintindex":0,"rotation":0,"texture":"#0"}}},{"from":[6.5,12.0,10.0],"to":[9.5,22.0,14.0],"faces":{"east":{"uv":[1.5,7.625,2.0,8.875],"tintindex":0,"rotation":0,"texture":"#0"},"south":{"uv":[0.0,8.625,0.375,9.875],"tintindex":0,"rotation":0,"texture":"#0"},"north":{"uv":[2.625,8.5,3.0,9.75],"tintindex":0,"rotation":0,"texture":"#0"},"west":{"uv":[7.625,5.25,8.125,6.5],"tintindex":0,"rotation":0,"texture":"#0"},"up":{"uv":[5.875,1.625,5.5,1.125],"tintindex":0,"rotation":0,"texture":"#0"},"down":{"uv":[6.25,2.125,5.875,2.625],"tintindex":0,"rotation":0,"texture":"#0"}}},{"from":[8.0,13.0,14.0],"to":[8.0,15.0,15.0],"faces":{"east":{"uv":[7.875,1.25,8.0,1.5],"tintindex":0,"rotation":0,"texture":"#0"},"west":{"uv":[7.875,1.25,8.0,1.5],"tintindex":0,"rotation":0,"texture":"#0"}}},{"from":[10.0,15.0,12.0],"to":[10.0,22.0,17.0],"faces":{"east":{"uv":[8.0,8.0,8.625,8.875],"tintindex":0,"rotation":0,"texture":"#0"},"south":{"uv":[15.875,15.875,16.0,16.0],"tintindex":0,"rotation":0,"texture":"#0"},"north":{"uv":[15.875,15.875,16.0,16.0],"tintindex":0,"rotation":0,"texture":"#0"},"west":{"uv":[8.625,8.0,8.0,8.875],"tintindex":0,"rotation":0,"texture":"#0"},"up":{"uv":[15.875,15.875,16.0,16.0],"tintindex":0,"rotation":0,"texture":"#0"},"down":{"uv":[15.875,15.875,16.0,16.0],"tintindex":0,"rotation":0,"texture":"#0"}},"rotation":{"origin":[10.0,17.0,12.0],"angle":45.0,"axis":"y"}},{"from":[12.5,9.75,5.0],"to":[12.5,12.75,11.0],"faces":{"east":{"uv":[4.375,9.25,3.625,9.625],"tintindex":0,"rotation":0,"texture":"#0"},"south":{"uv":[15.875,15.875,16.0,16.0],"tintindex":0,"rotation":0,"texture":"#0"},"north":{"uv":[15.875,15.875,16.0,16.0],"tintindex":0,"rotation":0,"texture":"#0"},"west":{"uv":[3.625,9.25,4.375,9.625],"tintindex":0,"rotation":0,"texture":"#0"},"up":{"uv":[15.875,15.875,16.0,16.0],"tintindex":0,"rotation":0,"texture":"#0"},"down":{"uv":[15.875,15.875,16.0,16.0],"tintindex":0,"rotation":0,"texture":"#0"}},"rotation":{"origin":[12.5,9.75,8.0],"angle":-22.5,"axis":"z"}},{"from":[10.231497,9.0,11.650146],"to":[13.231497,13.0,11.650146],"faces":{"east":{"uv":[15.875,15.875,16.0,16.0],"tintindex":0,"rotation":0,"texture":"#0"},"south":{"uv":[10.0,3.0,9.625,3.5],"tintindex":0,"rotation":0,"texture":"#0"},"north":{"uv":[9.625,3.0,10.0,3.5],"tintindex":0,"rotation":0,"texture":"#0"},"west":{"uv":[15.875,15.875,16.0,16.0],"tintindex":0,"rotation":0,"texture":"#0"},"up":{"uv":[15.875,15.875,16.0,16.0],"tintindex":0,"rotation":0,"texture":"#0"},"down":{"uv":[15.875,15.875,16.0,16.0],"tintindex":0,"rotation":0,"texture":"#0"}},"rotation":{"origin":[12.0,18.0,12.0],"angle":-22.5,"axis":"y"}},{"from":[3.3774667,9.0,8.588678],"to":[6.377466,13.0,8.588678],"faces":{"east":{"uv":[15.875,15.875,16.0,16.0],"tintindex":0,"rotation":0,"texture":"#0"},"south":{"uv":[9.625,3.0,10.0,3.5],"tintindex":0,"rotation":0,"texture":"#0"},"north":{"uv":[10.0,3.0,9.625,3.5],"tintindex":0,"rotation":0,"texture":"#0"},"west":{"uv":[15.875,15.875,16.0,16.0],"tintindex":0,"rotation":0,"texture":"#0"},"up":{"uv":[15.875,15.875,16.0,16.0],"tintindex":0,"rotation":0,"texture":"#0"},"down":{"uv":[15.875,15.875,16.0,16.0],"tintindex":0,"rotation":0,"texture":"#0"}},"rotation":{"origin":[12.0,18.0,12.0],"angle":22.5,"axis":"y"}},{"from":[3.5,7.0,5.0],"to":[12.5,13.0,11.0],"faces":{"east":{"uv":[7.875,0.5,8.625,1.25],"tintindex":0,"rotation":0,"texture":"#0"},"south":{"uv":[6.375,4.875,7.5,5.625],"tintindex":0,"rotation":0,"texture":"#0"},"north":{"uv":[6.375,4.125,7.5,4.875],"tintindex":0,"rotation":0,"texture":"#0"},"west":{"uv":[8.0,1.25,8.75,2.0],"tintindex":0,"rotation":0,"texture":"#0"},"up":{"uv":[7.625,6.375,6.5,5.625],"tintindex":0,"rotation":0,"texture":"#0"},"down":{"uv":[7.625,6.375,6.5,7.125],"tintindex":0,"rotation":0,"texture":"#0"}}},{"from":[3.5,9.75,5.0],"to":[3.5,12.75,11.0],"faces":{"east":{"uv":[4.375,9.25,3.625,9.625],"tintindex":0,"rotation":0,"texture":"#0"},"south":{"uv":[15.875,15.875,16.0,16.0],"tintindex":0,"rotation":0,"texture":"#0"},"north":{"uv":[15.875,15.875,16.0,16.0],"tintindex":0,"rotation":0,"texture":"#0"},"west":{"uv":[3.625,9.25,4.375,9.625],"tintindex":0,"rotation":0,"texture":"#0"},"up":{"uv":[15.875,15.875,16.0,16.0],"tintindex":0,"rotation":0,"texture":"#0"},"down":{"uv":[15.875,15.875,16.0,16.0],"tintindex":0,"rotation":0,"texture":"#0"}},"rotation":{"origin":[3.5,9.75,8.0],"angle":22.5,"axis":"z"}},{"from":[5.0,20.0,6.0],"to":[11.0,25.0,12.0],"faces":{"east":{"uv":[8.625,0.625,9.375,1.25],"tintindex":0,"rotation":0,"texture":"#0"},"south":{"uv":[8.625,7.75,9.375,8.375],"tintindex":0,"rotation":0,"texture":"#0"},"north":{"uv":[8.625,0.0,9.375,0.625],"tintindex":0,"rotation":0,"texture":"#0"},"west":{"uv":[8.625,8.375,9.375,9.0],"tintindex":0,"rotation":0,"texture":"#0"},"up":{"uv":[8.75,2.75,8.0,2.0],"tintindex":0,"rotation":0,"texture":"#0"},"down":{"uv":[8.75,2.75,8.0,3.5],"tintindex":0,"rotation":0,"texture":"#0"}},"rotation":{"origin":[5.0,20.0,11.0],"angle":-22.5,"axis":"x"}},{"from":[12.0,13.0,11.0],"to":[12.0,18.0,15.0],"faces":{"east":{"uv":[9.625,6.125,9.125,6.75],"tintindex":0,"rotation":0,"texture":"#0"},"south":{"uv":[15.875,15.875,16.0,16.0],"tintindex":0,"rotation":0,"texture":"#0"},"north":{"uv":[15.875,15.875,16.0,16.0],"tintindex":0,"rotation":0,"texture":"#0"},"west":{"uv":[9.125,6.125,9.625,6.75],"tintindex":0,"rotation":0,"texture":"#0"},"up":{"uv":[15.875,15.875,16.0,16.0],"tintindex":0,"rotation":0,"texture":"#0"},"down":{"uv":[15.875,15.875,16.0,16.0],"tintindex":0,"rotation":0,"texture":"#0"}},"rotation":{"origin":[12.0,18.0,12.0],"angle":45.0,"axis":"y"}},{"from":[8.0,22.0,11.5],"to":[8.0,23.0,13.5],"faces":{"east":{"uv":[2.125,2.875,1.875,3.0],"tintindex":0,"rotation":0,"texture":"#0"},"west":{"uv":[1.875,2.875,2.125,3.0],"tintindex":0,"rotation":0,"texture":"#0"}}},{"from":[6.343146,13.0,16.656855],"to":[6.343146,18.0,20.656855],"faces":{"east":{"uv":[9.625,6.125,9.125,6.75],"tintindex":0,"rotation":0,"texture":"#0"},"south":{"uv":[15.875,15.875,16.0,16.0],"tintindex":0,"rotation":0,"texture":"#0"},"north":{"uv":[15.875,15.875,16.0,16.0],"tintindex":0,"rotation":0,"texture":"#0"},"west":{"uv":[9.125,6.125,9.625,6.75],"tintindex":0,"rotation":0,"texture":"#0"},"up":{"uv":[15.875,15.875,16.0,16.0],"tintindex":0,"rotation":0,"texture":"#0"},"down":{"uv":[15.875,15.875,16.0,16.0],"tintindex":0,"rotation":0,"texture":"#0"}},"rotation":{"origin":[12.0,18.0,12.0],"angle":-45.0,"axis":"y"}},{"from":[8.0,9.25,13.0],"to":[8.0,11.25,14.0],"faces":{"east":{"uv":[6.25,4.125,6.375,4.375],"tintindex":0,"rotation":0,"texture":"#0"},"west":{"uv":[6.25,4.125,6.375,4.375],"tintindex":0,"rotation":0,"texture":"#0"}}},{"from":[8.0,16.0,14.0],"to":[8.0,18.0,15.0],"faces":{"east":{"uv":[7.625,6.75,7.75,7.0],"tintindex":0,"rotation":0,"texture":"#0"},"west":{"uv":[7.625,6.75,7.75,7.0],"tintindex":0,"rotation":0,"texture":"#0"}}},{"from":[7.0,20.0,10.0],"to":[9.0,26.0,13.0],"faces":{"east":{"uv":[0.875,9.25,1.25,10.0],"tintindex":0,"rotation":0,"texture":"#0"},"south":{"uv":[9.625,2.25,9.875,3.0],"tintindex":0,"rotation":0,"texture":"#0"},"north":{"uv":[8.375,9.5,8.625,10.25],"tintindex":0,"rotation":0,"texture":"#0"},"west":{"uv":[2.0,9.25,2.375,10.0],"tintindex":0,"rotation":0,"texture":"#0"},"up":{"uv":[1.625,4.25,1.375,3.875],"tintindex":0,"rotation":0,"texture":"#0"},"down":{"uv":[8.75,3.5,8.5,3.875],"tintindex":0,"rotation":0,"texture":"#0"}},"rotation":{"origin":[5.0,20.0,11.0],"angle":-22.5,"axis":"x"}},{"from":[6.0,15.0,12.0],"to":[6.0,22.0,17.0],"faces":{"east":{"uv":[8.0,8.0,8.625,8.875],"tintindex":0,"rotation":0,"texture":"#0"},"south":{"uv":[15.875,15.875,16.0,16.0],"tintindex":0,"rotation":0,"texture":"#0"},"north":{"uv":[15.875,15.875,16.0,16.0],"tintindex":0,"rotation":0,"texture":"#0"},"west":{"uv":[8.625,8.0,8.0,8.875],"tintindex":0,"rotation":0,"texture":"#0"},"up":{"uv":[15.875,15.875,16.0,16.0],"tintindex":0,"rotation":0,"texture":"#0"},"down":{"uv":[15.875,15.875,16.0,16.0],"tintindex":0,"rotation":0,"texture":"#0"}},"rotation":{"origin":[6.0,17.0,12.0],"angle":-45.0,"axis":"y"}},{"from":[8.0,19.0,14.0],"to":[8.0,21.0,15.0],"faces":{"east":{"uv":[7.625,6.5,7.75,6.75],"tintindex":0,"rotation":0,"texture":"#0"},"west":{"uv":[7.625,6.5,7.75,6.75],"tintindex":0,"rotation":0,"texture":"#0"}}},{"from":[1.5,13.0,4.0],"to":[14.5,21.0,12.0],"faces":{"east":{"uv":[3.625,5.25,4.625,6.25],"tintindex":0,"rotation":0,"texture":"#0"},"south":{"uv":[2.5,1.0,4.125,2.0],"tintindex":0,"rotation":0,"texture":"#0"},"north":{"uv":[2.5,0.0,4.125,1.0],"tintindex":0,"rotation":0,"texture":"#0"},"west":{"uv":[4.625,5.25,5.625,6.25],"tintindex":0,"rotation":0,"texture":"#0"},"up":{"uv":[4.125,3.0,2.5,2.0],"tintindex":0,"rotation":0,"texture":"#0"},"down":{"uv":[1.625,2.875,0.0,3.875],"tintindex":0,"rotation":0,"texture":"#0"}}},{"from":[3.25,7.5,4.75],"to":[12.75,10.0,11.25],"faces":{"east":{"uv":[0.0,6.125,0.75,6.375],"tintindex":0,"rotation":0,"texture":"#0"},"south":{"uv":[9.125,3.5,10.25,3.75],"tintindex":0,"rotation":0,"texture":"#0"},"north":{"uv":[4.125,2.75,5.25,3.0],"tintindex":0,"rotation":0,"texture":"#0"},"west":{"uv":[7.625,9.5,8.375,9.75],"tintindex":0,"rotation":0,"texture":"#0"},"up":{"uv":[7.875,1.75,6.75,1.0],"tintindex":0,"rotation":0,"texture":"#0"},"down":{"uv":[2.0,6.875,0.875,7.625],"tintindex":0,"rotation":0,"texture":"#0"}}},{"from":[8.0,23.0,13.0],"to":[8.0,25.0,14.0],"faces":{"east":{"uv":[6.375,5.625,6.5,5.875],"tintindex":0,"rotation":0,"texture":"#0"},"west":{"uv":[6.375,5.625,6.5,5.875],"tintindex":0,"rotation":0,"texture":"#0"}},"rotation":{"origin":[5.0,20.0,11.0],"angle":-22.5,"axis":"x"}}],"display":{"gui":{"rotation":[30,225,0]}}}