{"textures":{"0":"modelengine:entity/tc_cyclops"},"elements":[{"from":[0.6405754,13.900002,4.0],"to":[6.6405754,15.900002,10.0],"faces":{"east":{"uv":[9.875,4.3125,10.0625,4.375],"tintindex":0,"rotation":0,"texture":"#0"},"south":{"uv":[9.875,5.375,10.0625,5.4375],"tintindex":0,"rotation":0,"texture":"#0"},"north":{"uv":[9.875,2.71875,10.0625,2.78125],"tintindex":0,"rotation":0,"texture":"#0"},"west":{"uv":[9.875,5.4375,10.0625,5.5],"tintindex":0,"rotation":0,"texture":"#0"},"up":{"uv":[9.25,1.46875,9.0625,1.28125],"tintindex":0,"rotation":0,"texture":"#0"},"down":{"uv":[9.25,3.625,9.0625,3.8125],"tintindex":0,"rotation":0,"texture":"#0"}},"rotation":{"origin":[2.6405754,12.900002,8.0],"angle":-45.0,"axis":"y"}},{"from":[7.3905754,-5.1000004,2.0],"to":[10.390575,4.9000015,14.0],"faces":{"east":{"uv":[1.65625,3.5625,2.03125,3.875],"tintindex":0,"rotation":0,"texture":"#0"},"south":{"uv":[2.875,9.34375,2.96875,9.65625],"tintindex":0,"rotation":0,"texture":"#0"},"north":{"uv":[1.96875,9.34375,2.0625,9.65625],"tintindex":0,"rotation":0,"texture":"#0"},"west":{"uv":[4.90625,7.34375,5.28125,7.65625],"tintindex":0,"rotation":0,"texture":"#0"},"up":{"uv":[8.53125,9.375,8.4375,9.0],"tintindex":0,"rotation":0,"texture":"#0"},"down":{"uv":[3.1875,9.0625,3.09375,9.4375],"tintindex":0,"rotation":0,"texture":"#0"}}},{"from":[3.0219612,13.900002,-2.9076176],"to":[9.021961,15.900002,3.0923824],"faces":{"east":{"uv":[9.90625,7.21875,10.09375,7.28125],"tintindex":0,"rotation":0,"texture":"#0"},"south":{"uv":[9.90625,7.28125,10.09375,7.34375],"tintindex":0,"rotation":0,"texture":"#0"},"north":{"uv":[9.90625,7.15625,10.09375,7.21875],"tintindex":0,"rotation":0,"texture":"#0"},"west":{"uv":[9.90625,7.34375,10.09375,7.40625],"tintindex":0,"rotation":0,"texture":"#0"},"up":{"uv":[7.03125,9.3125,6.84375,9.125],"tintindex":0,"rotation":0,"texture":"#0"},"down":{"uv":[9.3125,7.03125,9.125,7.21875],"tintindex":0,"rotation":0,"texture":"#0"}},"rotation":{"origin":[6.021961,14.900002,0.69238234],"angle":22.5,"axis":"y"}},{"from":[9.789663,-5.09,-3.757767],"to":[12.769663,4.8900013,4.222233],"faces":{"east":{"uv":[7.28125,8.25,7.53125,8.5625],"tintindex":0,"rotation":0,"texture":"#0"},"south":{"uv":[8.75,9.34375,8.84375,9.65625],"tintindex":0,"rotation":0,"texture":"#0"},"north":{"uv":[8.65625,9.34375,8.75,9.65625],"tintindex":0,"rotation":0,"texture":"#0"},"west":{"uv":[8.25,7.4375,8.5,7.75],"tintindex":0,"rotation":0,"texture":"#0"},"up":{"uv":[9.65625,7.71875,9.5625,7.46875],"tintindex":0,"rotation":0,"texture":"#0"},"down":{"uv":[7.78125,9.5625,7.6875,9.8125],"tintindex":0,"rotation":0,"texture":"#0"}},"rotation":{"origin":[11.279663,2.9000015,0.23223305],"angle":-45.0,"axis":"y"}},{"from":[6.029663,9.900002,13.767767],"to":[9.029663,19.900002,21.767767],"faces":{"east":{"uv":[4.96875,8.15625,5.21875,8.46875],"tintindex":0,"rotation":0,"texture":"#0"},"south":{"uv":[3.5625,9.34375,3.65625,9.65625],"tintindex":0,"rotation":0,"texture":"#0"},"north":{"uv":[3.46875,9.34375,3.5625,9.65625],"tintindex":0,"rotation":0,"texture":"#0"},"west":{"uv":[5.21875,8.15625,5.46875,8.46875],"tintindex":0,"rotation":0,"texture":"#0"},"up":{"uv":[9.65625,3.0625,9.5625,2.8125],"tintindex":0,"rotation":0,"texture":"#0"},"down":{"uv":[9.65625,3.0625,9.5625,3.3125],"tintindex":0,"rotation":0,"texture":"#0"}},"rotation":{"origin":[7.529663,17.900002,17.767767],"angle":45.0,"axis":"y"}},{"from":[6.282305,2.9100015,-0.51512647],"to":[9.262304,12.890001,7.4648733],"faces":{"east":{"uv":[8.25,6.15625,8.5,6.46875],"tintindex":0,"rotation":0,"texture":"#0"},"south":{"uv":[9.34375,5.3125,9.4375,5.625],"tintindex":0,"rotation":0,"texture":"#0"},"north":{"uv":[9.34375,4.5625,9.4375,4.875],"tintindex":0,"rotation":0,"texture":"#0"},"west":{"uv":[6.5625,8.25,6.8125,8.5625],"tintindex":0,"rotation":0,"texture":"#0"},"up":{"uv":[7.25,9.8125,7.15625,9.5625],"tintindex":0,"rotation":0,"texture":"#0"},"down":{"uv":[9.65625,7.21875,9.5625,7.46875],"tintindex":0,"rotation":0,"texture":"#0"}},"rotation":{"origin":[13.772305,10.900002,3.474874],"angle":-45.0,"axis":"y"}},{"from":[5.6405754,2.9000015,1.0],"to":[8.640575,12.900002,15.0],"faces":{"east":{"uv":[7.03125,2.75,7.46875,3.0625],"tintindex":0,"rotation":0,"texture":"#0"},"south":{"uv":[3.1875,9.34375,3.28125,9.65625],"tintindex":0,"rotation":0,"texture":"#0"},"north":{"uv":[2.96875,9.34375,3.0625,9.65625],"tintindex":0,"rotation":0,"texture":"#0"},"west":{"uv":[7.0625,4.46875,7.5,4.78125],"tintindex":0,"rotation":0,"texture":"#0"},"up":{"uv":[1.03125,9.375,0.9375,8.9375],"tintindex":0,"rotation":0,"texture":"#0"},"down":{"uv":[1.125,8.9375,1.03125,9.375],"tintindex":0,"rotation":0,"texture":"#0"}}},{"from":[6.771961,-1.1000004,10.907618],"to":[12.771961,0.9000015,16.907618],"faces":{"east":{"uv":[9.875,6.6875,10.0625,6.75],"tintindex":0,"rotation":0,"texture":"#0"},"south":{"uv":[9.875,9.84375,10.0625,9.90625],"tintindex":0,"rotation":0,"texture":"#0"},"north":{"uv":[9.875,6.625,10.0625,6.6875],"tintindex":0,"rotation":0,"texture":"#0"},"west":{"uv":[9.90625,7.09375,10.09375,7.15625],"tintindex":0,"rotation":0,"texture":"#0"},"up":{"uv":[9.3125,5.1875,9.125,5.0],"tintindex":0,"rotation":0,"texture":"#0"},"down":{"uv":[6.84375,9.125,6.65625,9.3125],"tintindex":0,"rotation":0,"texture":"#0"}},"rotation":{"origin":[9.771961,-0.10000038,13.307618],"angle":-22.5,"axis":"y"}},{"from":[6.771961,-1.1000004,-0.90761757],"to":[12.771961,0.9000015,5.0923824],"faces":{"east":{"uv":[9.90625,7.90625,10.09375,7.96875],"tintindex":0,"rotation":0,"texture":"#0"},"south":{"uv":[9.90625,7.96875,10.09375,8.03125],"tintindex":0,"rotation":0,"texture":"#0"},"north":{"uv":[9.90625,7.40625,10.09375,7.46875],"tintindex":0,"rotation":0,"texture":"#0"},"west":{"uv":[9.90625,8.03125,10.09375,8.09375],"tintindex":0,"rotation":0,"texture":"#0"},"up":{"uv":[7.5,9.3125,7.3125,9.125],"tintindex":0,"rotation":0,"texture":"#0"},"down":{"uv":[7.6875,9.125,7.5,9.3125],"tintindex":0,"rotation":0,"texture":"#0"}},"rotation":{"origin":[9.771961,-0.10000038,2.6923823],"angle":22.5,"axis":"y"}},{"from":[9.789663,-5.09,11.777767],"to":[12.769663,4.8900013,19.757767],"faces":{"east":{"uv":[7.03125,8.15625,7.28125,8.46875],"tintindex":0,"rotation":0,"texture":"#0"},"south":{"uv":[3.75,9.34375,3.84375,9.65625],"tintindex":0,"rotation":0,"texture":"#0"},"north":{"uv":[3.65625,9.34375,3.75,9.65625],"tintindex":0,"rotation":0,"texture":"#0"},"west":{"uv":[7.5625,8.15625,7.8125,8.46875],"tintindex":0,"rotation":0,"texture":"#0"},"up":{"uv":[4.53125,9.8125,4.4375,9.5625],"tintindex":0,"rotation":0,"texture":"#0"},"down":{"uv":[9.65625,4.625,9.5625,4.875],"tintindex":0,"rotation":0,"texture":"#0"}},"rotation":{"origin":[11.279663,2.9000015,15.767767],"angle":45.0,"axis":"y"}},{"from":[2.1405754,6.4000015,2.5],"to":[8.140575,8.400002,8.5],"faces":{"east":{"uv":[9.875,5.5625,10.0625,5.625],"tintindex":0,"rotation":0,"texture":"#0"},"south":{"uv":[9.875,6.25,10.0625,6.3125],"tintindex":0,"rotation":0,"texture":"#0"},"north":{"uv":[9.875,5.5,10.0625,5.5625],"tintindex":0,"rotation":0,"texture":"#0"},"west":{"uv":[9.875,6.3125,10.0625,6.375],"tintindex":0,"rotation":0,"texture":"#0"},"up":{"uv":[9.25,6.90625,9.0625,6.71875],"tintindex":0,"rotation":0,"texture":"#0"},"down":{"uv":[9.28125,3.8125,9.09375,4.0],"tintindex":0,"rotation":0,"texture":"#0"}},"rotation":{"origin":[2.6405754,12.900002,8.0],"angle":-45.0,"axis":"y"}},{"from":[6.029663,9.900002,-5.767767],"to":[9.029663,19.900002,2.232233],"faces":{"east":{"uv":[2.21875,8.25,2.46875,8.5625],"tintindex":0,"rotation":0,"texture":"#0"},"south":{"uv":[9.34375,4.25,9.4375,4.5625],"tintindex":0,"rotation":0,"texture":"#0"},"north":{"uv":[4.03125,9.34375,4.125,9.65625],"tintindex":0,"rotation":0,"texture":"#0"},"west":{"uv":[8.25,5.84375,8.5,6.15625],"tintindex":0,"rotation":0,"texture":"#0"},"up":{"uv":[9.65625,7.21875,9.5625,6.96875],"tintindex":0,"rotation":0,"texture":"#0"},"down":{"uv":[7.15625,9.5625,7.0625,9.8125],"tintindex":0,"rotation":0,"texture":"#0"}},"rotation":{"origin":[7.529663,17.900002,-1.767767],"angle":-45.0,"axis":"y"}},{"from":[3.0219612,13.900002,12.907618],"to":[9.021961,15.900002,18.907618],"faces":{"east":{"uv":[9.875,6.4375,10.0625,6.5],"tintindex":0,"rotation":0,"texture":"#0"},"south":{"uv":[9.875,6.5,10.0625,6.5625],"tintindex":0,"rotation":0,"texture":"#0"},"north":{"uv":[9.875,6.375,10.0625,6.4375],"tintindex":0,"rotation":0,"texture":"#0"},"west":{"uv":[9.875,6.5625,10.0625,6.625],"tintindex":0,"rotation":0,"texture":"#0"},"up":{"uv":[9.28125,4.1875,9.09375,4.0],"tintindex":0,"rotation":0,"texture":"#0"},"down":{"uv":[9.28125,6.34375,9.09375,6.53125],"tintindex":0,"rotation":0,"texture":"#0"}},"rotation":{"origin":[6.021961,14.900002,15.307618],"angle":-22.5,"axis":"y"}},{"from":[3.6505754,9.910002,0.01],"to":[6.630575,19.890001,15.99],"faces":{"east":{"uv":[6.65625,3.0625,7.15625,3.375],"tintindex":0,"rotation":0,"texture":"#0"},"south":{"uv":[3.375,9.34375,3.46875,9.65625],"tintindex":0,"rotation":0,"texture":"#0"},"north":{"uv":[3.28125,9.34375,3.375,9.65625],"tintindex":0,"rotation":0,"texture":"#0"},"west":{"uv":[4.59375,6.65625,5.09375,6.96875],"tintindex":0,"rotation":0,"texture":"#0"},"up":{"uv":[4.34375,9.3125,4.25,8.8125],"tintindex":0,"rotation":0,"texture":"#0"},"down":{"uv":[4.4375,8.8125,4.34375,9.3125],"tintindex":0,"rotation":0,"texture":"#0"}}},{"from":[5.9894104,2.9100015,7.8280196],"to":[8.96941,12.890001,15.80802],"faces":{"east":{"uv":[7.8125,8.15625,8.0625,8.46875],"tintindex":0,"rotation":0,"texture":"#0"},"south":{"uv":[3.9375,9.34375,4.03125,9.65625],"tintindex":0,"rotation":0,"texture":"#0"},"north":{"uv":[3.84375,9.34375,3.9375,9.65625],"tintindex":0,"rotation":0,"texture":"#0"},"west":{"uv":[8.15625,7.9375,8.40625,8.25],"tintindex":0,"rotation":0,"texture":"#0"},"up":{"uv":[9.65625,5.40625,9.5625,5.15625],"tintindex":0,"rotation":0,"texture":"#0"},"down":{"uv":[9.65625,5.625,9.5625,5.875],"tintindex":0,"rotation":0,"texture":"#0"}},"rotation":{"origin":[14.47941,10.900002,11.81802],"angle":45.0,"axis":"y"}}],"display":{"gui":{"rotation":[30,225,0]}}}