{"textures":{"0":"modelengine:entity/tc_cyclops"},"elements":[{"from":[6.55,-12.430021,1.2698517],"to":[9.55,-6.9300203,6.7698517],"faces":{"east":{"uv":[9.5,2.25,9.34375,2.4375],"tintindex":0,"rotation":90,"texture":"#0"},"south":{"uv":[3.4375,10.0,3.34375,9.84375],"tintindex":0,"rotation":0,"texture":"#0"},"north":{"uv":[9.9375,3.28125,9.84375,3.4375],"tintindex":0,"rotation":180,"texture":"#0"},"west":{"uv":[2.875,9.34375,2.71875,9.53125],"tintindex":0,"rotation":270,"texture":"#0"},"up":{"uv":[7.34375,9.8125,7.4375,9.625],"tintindex":0,"rotation":180,"texture":"#0"},"down":{"uv":[7.4375,9.8125,7.53125,9.625],"tintindex":0,"rotation":0,"texture":"#0"}},"rotation":{"origin":[7.95,-9.680019,4.0198517],"angle":-22.5,"axis":"x"}},{"from":[6.5600004,22.18831,4.6728992],"to":[9.499999,27.16831,7.612898],"faces":{"east":{"uv":[6.5,6.0625,6.59375,6.21875],"tintindex":0,"rotation":0,"texture":"#0"},"south":{"uv":[7.375,1.0625,7.46875,1.21875],"tintindex":0,"rotation":0,"texture":"#0"},"north":{"uv":[2.59375,3.875,2.6875,4.03125],"tintindex":0,"rotation":0,"texture":"#0"},"west":{"uv":[0.25,8.0,0.34375,8.15625],"tintindex":0,"rotation":0,"texture":"#0"},"up":{"uv":[1.3125,10.15625,1.21875,10.0625],"tintindex":0,"rotation":0,"texture":"#0"},"down":{"uv":[1.40625,10.0625,1.3125,10.15625],"tintindex":0,"rotation":0,"texture":"#0"}}},{"from":[6.459999,9.976507,-3.2157342],"to":[9.52,19.036509,9.804266],"faces":{"east":{"uv":[7.375,3.8125,7.78125,4.09375],"tintindex":0,"rotation":0,"texture":"#0"},"south":{"uv":[8.4375,9.375,8.53125,9.65625],"tintindex":0,"rotation":0,"texture":"#0"},"north":{"uv":[0.46875,3.71875,0.5625,4.0],"tintindex":0,"rotation":0,"texture":"#0"},"west":{"uv":[3.875,7.375,4.28125,7.65625],"tintindex":0,"rotation":0,"texture":"#0"},"up":{"uv":[1.6875,9.34375,1.59375,8.9375],"tintindex":0,"rotation":0,"texture":"#0"},"down":{"uv":[2.8125,8.9375,2.71875,9.34375],"tintindex":0,"rotation":0,"texture":"#0"}},"rotation":{"origin":[7.99,11.0,7.6815834],"angle":45.0,"axis":"x"}},{"from":[6.5200005,-7.362088,12.387648],"to":[9.459999,-4.4220886,15.327646],"faces":{"east":{"uv":[10.0625,2.8125,10.15625,2.90625],"tintindex":0,"rotation":0,"texture":"#0"},"south":{"uv":[2.875,10.0625,2.96875,10.15625],"tintindex":0,"rotation":0,"texture":"#0"},"north":{"uv":[2.78125,10.0625,2.875,10.15625],"tintindex":0,"rotation":0,"texture":"#0"},"west":{"uv":[2.96875,10.0625,3.0625,10.15625],"tintindex":0,"rotation":0,"texture":"#0"},"up":{"uv":[3.15625,10.15625,3.0625,10.0625],"tintindex":0,"rotation":0,"texture":"#0"},"down":{"uv":[3.25,10.0625,3.15625,10.15625],"tintindex":0,"rotation":0,"texture":"#0"}},"rotation":{"origin":[7.99,5.0,11.681583],"angle":-22.5,"axis":"x"}},{"from":[6.55,22.93002,1.2698517],"to":[9.55,28.43002,6.7698517],"faces":{"east":{"uv":[9.34375,2.25,9.5,2.4375],"tintindex":0,"rotation":90,"texture":"#0"},"south":{"uv":[3.4375,9.84375,3.34375,10.0],"tintindex":0,"rotation":0,"texture":"#0"},"north":{"uv":[9.9375,3.4375,9.84375,3.28125],"tintindex":0,"rotation":180,"texture":"#0"},"west":{"uv":[2.71875,9.34375,2.875,9.53125],"tintindex":0,"rotation":270,"texture":"#0"},"up":{"uv":[7.4375,9.625,7.53125,9.8125],"tintindex":0,"rotation":0,"texture":"#0"},"down":{"uv":[7.34375,9.625,7.4375,9.8125],"tintindex":0,"rotation":180,"texture":"#0"}},"rotation":{"origin":[8.0,25.68002,4.0198517],"angle":22.5,"axis":"x"}},{"from":[6.49,-1.1480856,13.058559],"to":[9.49,6.3519154,23.05856],"faces":{"east":{"uv":[8.03125,1.5625,8.34375,1.8125],"tintindex":0,"rotation":0,"texture":"#0"},"south":{"uv":[1.15625,9.53125,1.25,9.78125],"tintindex":0,"rotation":0,"texture":"#0"},"north":{"uv":[1.0625,9.53125,1.15625,9.78125],"tintindex":0,"rotation":0,"texture":"#0"},"west":{"uv":[8.09375,6.6875,8.40625,6.9375],"tintindex":0,"rotation":0,"texture":"#0"},"up":{"uv":[7.6875,9.625,7.59375,9.3125],"tintindex":0,"rotation":0,"texture":"#0"},"down":{"uv":[9.40625,7.90625,9.3125,8.21875],"tintindex":0,"rotation":0,"texture":"#0"}},"rotation":{"origin":[7.99,5.0,11.681583],"angle":22.5,"axis":"x"}},{"from":[6.3799996,20.984257,0.56113863],"to":[9.62,29.024258,4.6011386],"faces":{"east":{"uv":[3.46875,5.78125,3.59375,6.03125],"tintindex":0,"rotation":0,"texture":"#0"},"south":{"uv":[9.5,0.1875,9.59375,0.4375],"tintindex":0,"rotation":0,"texture":"#0"},"north":{"uv":[9.15625,9.46875,9.25,9.71875],"tintindex":0,"rotation":0,"texture":"#0"},"west":{"uv":[2.90625,5.9375,3.03125,6.1875],"tintindex":0,"rotation":0,"texture":"#0"},"up":{"uv":[9.40625,1.5625,9.3125,1.4375],"tintindex":0,"rotation":0,"texture":"#0"},"down":{"uv":[9.9375,7.59375,9.84375,7.71875],"tintindex":0,"rotation":0,"texture":"#0"}},"rotation":{"origin":[7.8812933,24.033539,2.9452934],"angle":-22.5,"axis":"x"}},{"from":[6.49,9.648085,13.058559],"to":[9.49,17.148085,23.05856],"faces":{"east":{"uv":[8.0,5.0,8.3125,5.25],"tintindex":0,"rotation":0,"texture":"#0"},"south":{"uv":[9.0625,9.46875,9.15625,9.71875],"tintindex":0,"rotation":0,"texture":"#0"},"north":{"uv":[9.46875,8.875,9.5625,9.125],"tintindex":0,"rotation":0,"texture":"#0"},"west":{"uv":[6.71875,8.0,7.03125,8.25],"tintindex":0,"rotation":0,"texture":"#0"},"up":{"uv":[2.625,9.59375,2.53125,9.28125],"tintindex":0,"rotation":0,"texture":"#0"},"down":{"uv":[2.71875,9.28125,2.625,9.59375],"tintindex":0,"rotation":0,"texture":"#0"}},"rotation":{"origin":[7.99,11.0,11.681583],"angle":-22.5,"axis":"x"}},{"from":[6.5600004,-11.16831,4.6728992],"to":[9.499999,-6.1883097,7.612898],"faces":{"east":{"uv":[8.8125,9.8125,8.90625,9.96875],"tintindex":0,"rotation":0,"texture":"#0"},"south":{"uv":[8.90625,9.8125,9.0,9.96875],"tintindex":0,"rotation":0,"texture":"#0"},"north":{"uv":[9.8125,8.25,9.90625,8.40625],"tintindex":0,"rotation":0,"texture":"#0"},"west":{"uv":[9.8125,9.21875,9.90625,9.375],"tintindex":0,"rotation":0,"texture":"#0"},"up":{"uv":[1.84375,10.15625,1.75,10.0625],"tintindex":0,"rotation":0,"texture":"#0"},"down":{"uv":[10.15625,1.84375,10.0625,1.9375],"tintindex":0,"rotation":0,"texture":"#0"}}},{"from":[6.3799996,-13.024258,0.56113863],"to":[9.62,-4.984257,4.6011386],"faces":{"east":{"uv":[9.21875,1.75,9.34375,2.0],"tintindex":0,"rotation":0,"texture":"#0"},"south":{"uv":[0.96875,9.53125,1.0625,9.78125],"tintindex":0,"rotation":0,"texture":"#0"},"north":{"uv":[0.875,9.53125,0.96875,9.78125],"tintindex":0,"rotation":0,"texture":"#0"},"west":{"uv":[9.21875,2.0,9.34375,2.25],"tintindex":0,"rotation":0,"texture":"#0"},"up":{"uv":[9.96875,2.09375,9.875,1.96875],"tintindex":0,"rotation":0,"texture":"#0"},"down":{"uv":[9.96875,2.09375,9.875,2.21875],"tintindex":0,"rotation":0,"texture":"#0"}},"rotation":{"origin":[7.8812933,-8.033537,2.9452934],"angle":22.5,"axis":"x"}},{"from":[6.459999,-3.0365074,-3.2157342],"to":[9.52,6.023493,9.804266],"faces":{"east":{"uv":[7.375,6.25,7.78125,6.53125],"tintindex":0,"rotation":0,"texture":"#0"},"south":{"uv":[5.5,9.4375,5.59375,9.71875],"tintindex":0,"rotation":0,"texture":"#0"},"north":{"uv":[5.40625,9.4375,5.5,9.71875],"tintindex":0,"rotation":0,"texture":"#0"},"west":{"uv":[7.40625,1.9375,7.8125,2.21875],"tintindex":0,"rotation":0,"texture":"#0"},"up":{"uv":[2.90625,9.34375,2.8125,8.9375],"tintindex":0,"rotation":0,"texture":"#0"},"down":{"uv":[3.0,8.9375,2.90625,9.34375],"tintindex":0,"rotation":0,"texture":"#0"}},"rotation":{"origin":[7.99,5.0,7.6815834],"angle":-45.0,"axis":"x"}},{"from":[6.5200005,20.422087,12.387648],"to":[9.459999,23.36209,15.327646],"faces":{"east":{"uv":[7.1875,8.46875,7.28125,8.5625],"tintindex":0,"rotation":0,"texture":"#0"},"south":{"uv":[7.75,8.625,7.84375,8.71875],"tintindex":0,"rotation":0,"texture":"#0"},"north":{"uv":[8.0625,8.15625,8.15625,8.25],"tintindex":0,"rotation":0,"texture":"#0"},"west":{"uv":[9.03125,8.65625,9.125,8.75],"tintindex":0,"rotation":0,"texture":"#0"},"up":{"uv":[9.6875,1.21875,9.59375,1.125],"tintindex":0,"rotation":0,"texture":"#0"},"down":{"uv":[9.71875,4.875,9.625,4.96875],"tintindex":0,"rotation":0,"texture":"#0"}},"rotation":{"origin":[7.99,11.0,11.681583],"angle":22.5,"axis":"x"}},{"from":[6.5200005,13.66551,2.5940225],"to":[9.459999,20.605509,5.534025],"faces":{"east":{"uv":[8.3125,6.46875,8.40625,6.6875],"tintindex":0,"rotation":0,"texture":"#0"},"south":{"uv":[9.5625,5.875,9.65625,6.09375],"tintindex":0,"rotation":0,"texture":"#0"},"north":{"uv":[6.09375,3.0625,6.1875,3.28125],"tintindex":0,"rotation":0,"texture":"#0"},"west":{"uv":[7.875,9.5625,7.96875,9.78125],"tintindex":0,"rotation":0,"texture":"#0"},"up":{"uv":[10.15625,1.125,10.0625,1.03125],"tintindex":0,"rotation":0,"texture":"#0"},"down":{"uv":[1.21875,10.0625,1.125,10.15625],"tintindex":0,"rotation":0,"texture":"#0"}},"rotation":{"origin":[7.99,11.0,7.6815834],"angle":-22.5,"axis":"x"}},{"from":[6.5200005,-4.6055098,2.5940225],"to":[9.459999,2.33449,5.534025],"faces":{"east":{"uv":[8.25,9.5625,8.34375,9.78125],"tintindex":0,"rotation":0,"texture":"#0"},"south":{"uv":[9.5625,8.375,9.65625,8.59375],"tintindex":0,"rotation":0,"texture":"#0"},"north":{"uv":[8.15625,9.5625,8.25,9.78125],"tintindex":0,"rotation":0,"texture":"#0"},"west":{"uv":[9.5625,8.875,9.65625,9.09375],"tintindex":0,"rotation":0,"texture":"#0"},"up":{"uv":[2.78125,10.15625,2.6875,10.0625],"tintindex":0,"rotation":0,"texture":"#0"},"down":{"uv":[10.15625,2.71875,10.0625,2.8125],"tintindex":0,"rotation":0,"texture":"#0"}},"rotation":{"origin":[7.99,5.0,7.6815834],"angle":22.5,"axis":"x"}}],"display":{"gui":{"rotation":[30,225,0]}}}