{"textures":{"0":"modelengine:entity/tc_cyclops"},"elements":[{"from":[8.965925,5.832802,8.081937],"to":[8.965925,8.832802,11.081937],"faces":{"east":{"uv":[0.71875,9.21875,0.90625,9.40625],"tintindex":0,"rotation":0,"texture":"#0"},"west":{"uv":[9.21875,1.5625,9.40625,1.75],"tintindex":0,"rotation":0,"texture":"#0"}}},{"from":[4.960926,-9.672199,13.576937],"to":[12.970925,5.837802,13.586937],"faces":{"south":{"uv":[0.0,1.3125,0.5,2.28125],"tintindex":0,"rotation":0,"texture":"#0"},"north":{"uv":[0.5,1.3125,0.0,2.28125],"tintindex":0,"rotation":0,"texture":"#0"}}},{"from":[4.965926,5.832802,5.5819373],"to":[12.965925,5.832802,13.581937],"faces":{"up":{"uv":[5.1875,1.0,4.6875,0.5],"tintindex":0,"rotation":0,"texture":"#0"},"down":{"uv":[4.6875,0.5,5.1875,1.0],"tintindex":0,"rotation":0,"texture":"#0"}}},{"from":[12.960925,-9.672199,5.576937],"to":[12.970925,5.837802,13.586937],"faces":{"east":{"uv":[0.0,1.3125,0.5,2.28125],"tintindex":0,"rotation":0,"texture":"#0"},"west":{"uv":[0.5,1.3125,0.0,2.28125],"tintindex":0,"rotation":0,"texture":"#0"}}},{"from":[4.960926,-9.672199,5.576937],"to":[4.9709263,5.837802,13.586937],"faces":{"east":{"uv":[0.5,1.3125,0.0,2.28125],"tintindex":0,"rotation":0,"texture":"#0"},"west":{"uv":[0.0,1.3125,0.5,2.28125],"tintindex":0,"rotation":0,"texture":"#0"}}},{"from":[4.965926,-10.167198,5.5819373],"to":[12.965925,-9.667198,13.581937],"faces":{"east":{"uv":[9.78125,9.1875,10.28125,9.21875],"tintindex":0,"rotation":0,"texture":"#0"},"south":{"uv":[9.8125,2.9375,10.3125,2.96875],"tintindex":0,"rotation":0,"texture":"#0"},"north":{"uv":[5.03125,4.59375,5.53125,4.625],"tintindex":0,"rotation":0,"texture":"#0"},"west":{"uv":[9.8125,4.5625,10.3125,4.59375],"tintindex":0,"rotation":0,"texture":"#0"},"up":{"uv":[4.5625,5.15625,4.0625,4.65625],"tintindex":0,"rotation":0,"texture":"#0"},"down":{"uv":[5.1875,0.0,4.6875,0.5],"tintindex":0,"rotation":0,"texture":"#0"}}},{"from":[4.960926,-9.672199,5.576937],"to":[12.970925,5.837802,5.5869374],"faces":{"south":{"uv":[0.5,1.3125,0.0,2.28125],"tintindex":0,"rotation":0,"texture":"#0"},"north":{"uv":[0.0,1.3125,0.5,2.28125],"tintindex":0,"rotation":0,"texture":"#0"}}}],"display":{"gui":{"rotation":[30,225,0]}}}