{"textures":{"0":"modelengine:entity/tc_cyclops"},"elements":[{"from":[7.515515,12.982986,-10.098106],"to":[8.515514,14.81632,-8.264774],"faces":{"east":{"uv":[9.34375,2.25,9.5,2.4375],"tintindex":0,"rotation":90,"texture":"#0"},"south":{"uv":[3.4375,9.84375,3.34375,10.0],"tintindex":0,"rotation":0,"texture":"#0"},"north":{"uv":[9.9375,3.4375,9.84375,3.28125],"tintindex":0,"rotation":180,"texture":"#0"},"west":{"uv":[2.71875,9.34375,2.875,9.53125],"tintindex":0,"rotation":270,"texture":"#0"},"up":{"uv":[7.4375,9.625,7.53125,9.8125],"tintindex":0,"rotation":0,"texture":"#0"},"down":{"uv":[7.34375,9.625,7.4375,9.8125],"tintindex":0,"rotation":180,"texture":"#0"}},"rotation":{"origin":[7.998848,13.899653,-9.18144],"angle":22.5,"axis":"x"}},{"from":[7.4955144,4.956951,-6.168537],"to":[8.495515,7.4569516,-2.8352041],"faces":{"east":{"uv":[0.96875,8.15625,1.28125,8.40625],"tintindex":0,"rotation":0,"texture":"#0"},"south":{"uv":[5.09375,9.53125,5.1875,9.78125],"tintindex":0,"rotation":0,"texture":"#0"},"north":{"uv":[5.0,9.53125,5.09375,9.78125],"tintindex":0,"rotation":0,"texture":"#0"},"west":{"uv":[1.28125,8.15625,1.59375,8.40625],"tintindex":0,"rotation":0,"texture":"#0"},"up":{"uv":[0.59375,9.65625,0.5,9.34375],"tintindex":0,"rotation":0,"texture":"#0"},"down":{"uv":[0.6875,9.34375,0.59375,9.65625],"tintindex":0,"rotation":0,"texture":"#0"}},"rotation":{"origin":[7.9955144,7.0063133,-6.627529],"angle":22.5,"axis":"x"}},{"from":[6.8955145,6.906313,16.655775],"to":[9.095515,9.106314,18.855774],"faces":{"east":{"uv":[8.9375,8.9375,9.125,9.125],"tintindex":0,"rotation":0,"texture":"#0"},"south":{"uv":[8.96875,0.25,9.15625,0.4375],"tintindex":0,"rotation":0,"texture":"#0"},"north":{"uv":[8.9375,8.75,9.125,8.9375],"tintindex":0,"rotation":0,"texture":"#0"},"west":{"uv":[0.34375,8.96875,0.53125,9.15625],"tintindex":0,"rotation":0,"texture":"#0"},"up":{"uv":[0.71875,9.15625,0.53125,8.96875],"tintindex":0,"rotation":0,"texture":"#0"},"down":{"uv":[3.96875,8.96875,3.78125,9.15625],"tintindex":0,"rotation":0,"texture":"#0"}},"rotation":{"origin":[7.9955144,8.006313,17.755775],"angle":45.0,"axis":"x"}},{"from":[6.9955144,7.0063133,10.534473],"to":[8.995515,9.006313,11.20114],"faces":{"east":{"uv":[7.03125,8.9375,7.09375,9.125],"tintindex":0,"rotation":0,"texture":"#0"},"south":{"uv":[1.6875,9.0,1.875,9.1875],"tintindex":0,"rotation":0,"texture":"#0"},"north":{"uv":[9.0,0.75,9.1875,0.9375],"tintindex":0,"rotation":0,"texture":"#0"},"west":{"uv":[6.96875,9.3125,7.03125,9.5],"tintindex":0,"rotation":0,"texture":"#0"},"up":{"uv":[10.03125,7.03125,9.84375,6.96875],"tintindex":0,"rotation":0,"texture":"#0"},"down":{"uv":[10.03125,7.03125,9.84375,7.09375],"tintindex":0,"rotation":0,"texture":"#0"}}},{"from":[6.662181,6.67298,-2.2240057],"to":[9.328848,9.339646,-1.5573387],"faces":{"east":{"uv":[9.8125,6.5,9.875,6.75],"tintindex":0,"rotation":0,"texture":"#0"},"south":{"uv":[5.71875,8.34375,5.96875,8.59375],"tintindex":0,"rotation":0,"texture":"#0"},"north":{"uv":[5.46875,8.34375,5.71875,8.59375],"tintindex":0,"rotation":0,"texture":"#0"},"west":{"uv":[6.5625,9.8125,6.625,10.0625],"tintindex":0,"rotation":0,"texture":"#0"},"up":{"uv":[8.125,7.71875,7.875,7.65625],"tintindex":0,"rotation":0,"texture":"#0"},"down":{"uv":[8.15625,3.75,7.90625,3.8125],"tintindex":0,"rotation":0,"texture":"#0"}}},{"from":[7.518848,12.73575,-8.963758],"to":[8.498848,14.39575,-7.983757],"faces":{"east":{"uv":[9.84375,3.4375,9.9375,3.59375],"tintindex":0,"rotation":0,"texture":"#0"},"south":{"uv":[3.53125,9.84375,3.625,10.0],"tintindex":0,"rotation":0,"texture":"#0"},"north":{"uv":[3.4375,9.84375,3.53125,10.0],"tintindex":0,"rotation":0,"texture":"#0"},"west":{"uv":[9.84375,3.59375,9.9375,3.75],"tintindex":0,"rotation":0,"texture":"#0"},"up":{"uv":[7.15625,10.15625,7.0625,10.0625],"tintindex":0,"rotation":0,"texture":"#0"},"down":{"uv":[7.25,10.0625,7.15625,10.15625],"tintindex":0,"rotation":0,"texture":"#0"}}},{"from":[7.485514,4.3274775,-11.593302],"to":[8.505515,7.3474774,-7.2533026],"faces":{"east":{"uv":[0.8125,7.4375,1.21875,7.71875],"tintindex":0,"rotation":0,"texture":"#0"},"south":{"uv":[6.28125,9.4375,6.375,9.71875],"tintindex":0,"rotation":0,"texture":"#0"},"north":{"uv":[6.1875,9.4375,6.28125,9.71875],"tintindex":0,"rotation":0,"texture":"#0"},"west":{"uv":[5.28125,7.4375,5.6875,7.71875],"tintindex":0,"rotation":0,"texture":"#0"},"up":{"uv":[3.59375,9.34375,3.5,8.9375],"tintindex":0,"rotation":0,"texture":"#0"},"down":{"uv":[3.6875,8.9375,3.59375,9.34375],"tintindex":0,"rotation":0,"texture":"#0"}},"rotation":{"origin":[7.9955144,7.0063133,-7.960863],"angle":-45.0,"axis":"x"}},{"from":[6.7455144,6.7563133,-10.474007],"to":[9.245515,9.256313,-9.474007],"faces":{"east":{"uv":[9.46875,6.96875,9.5625,7.21875],"tintindex":0,"rotation":0,"texture":"#0"},"south":{"uv":[8.34375,0.3125,8.59375,0.5625],"tintindex":0,"rotation":0,"texture":"#0"},"north":{"uv":[8.3125,8.25,8.5625,8.5],"tintindex":0,"rotation":0,"texture":"#0"},"west":{"uv":[9.46875,7.21875,9.5625,7.46875],"tintindex":0,"rotation":0,"texture":"#0"},"up":{"uv":[9.71875,5.0625,9.46875,4.96875],"tintindex":0,"rotation":0,"texture":"#0"},"down":{"uv":[9.71875,5.0625,9.46875,5.15625],"tintindex":0,"rotation":0,"texture":"#0"}},"rotation":{"origin":[7.9955144,8.006313,-9.974007],"angle":45.0,"axis":"z"}},{"from":[7.458848,12.334399,-10.334345],"to":[8.538848,15.0144,-8.987679],"faces":{"east":{"uv":[2.09375,9.25,2.21875,9.5],"tintindex":0,"rotation":0,"texture":"#0"},"south":{"uv":[1.4375,9.5625,1.53125,9.8125],"tintindex":0,"rotation":0,"texture":"#0"},"north":{"uv":[0.78125,9.5625,0.875,9.8125],"tintindex":0,"rotation":0,"texture":"#0"},"west":{"uv":[2.21875,9.25,2.34375,9.5],"tintindex":0,"rotation":0,"texture":"#0"},"up":{"uv":[9.96875,5.25,9.875,5.125],"tintindex":0,"rotation":0,"texture":"#0"},"down":{"uv":[9.96875,5.25,9.875,5.375],"tintindex":0,"rotation":0,"texture":"#0"}},"rotation":{"origin":[7.959279,13.350826,-9.539627],"angle":-22.5,"axis":"x"}},{"from":[7.485514,8.665149,-11.593302],"to":[8.505515,11.68515,-7.2533026],"faces":{"east":{"uv":[7.46875,1.0625,7.875,1.34375],"tintindex":0,"rotation":0,"texture":"#0"},"south":{"uv":[8.53125,9.4375,8.625,9.71875],"tintindex":0,"rotation":0,"texture":"#0"},"north":{"uv":[6.375,9.4375,6.46875,9.71875],"tintindex":0,"rotation":0,"texture":"#0"},"west":{"uv":[7.46875,1.34375,7.875,1.625],"tintindex":0,"rotation":0,"texture":"#0"},"up":{"uv":[3.78125,9.34375,3.6875,8.9375],"tintindex":0,"rotation":0,"texture":"#0"},"down":{"uv":[9.03125,4.34375,8.9375,4.75],"tintindex":0,"rotation":0,"texture":"#0"}},"rotation":{"origin":[7.9955144,9.006313,-7.960863],"angle":45.0,"axis":"x"}},{"from":[7.518848,1.6168766,-8.963758],"to":[8.498848,3.2768764,-7.983757],"faces":{"east":{"uv":[9.84375,2.96875,9.9375,3.125],"tintindex":0,"rotation":0,"texture":"#0"},"south":{"uv":[3.0625,9.84375,3.15625,10.0],"tintindex":0,"rotation":0,"texture":"#0"},"north":{"uv":[2.96875,9.84375,3.0625,10.0],"tintindex":0,"rotation":0,"texture":"#0"},"west":{"uv":[9.84375,3.125,9.9375,3.28125],"tintindex":0,"rotation":0,"texture":"#0"},"up":{"uv":[6.34375,10.15625,6.25,10.0625],"tintindex":0,"rotation":0,"texture":"#0"},"down":{"uv":[10.15625,6.25,10.0625,6.34375],"tintindex":0,"rotation":0,"texture":"#0"}}},{"from":[6.9955144,7.0063133,13.867807],"to":[8.995515,9.006313,14.534473],"faces":{"east":{"uv":[9.875,1.46875,9.9375,1.65625],"tintindex":0,"rotation":0,"texture":"#0"},"south":{"uv":[9.0625,0.9375,9.25,1.125],"tintindex":0,"rotation":0,"texture":"#0"},"north":{"uv":[9.0625,0.0,9.25,0.1875],"tintindex":0,"rotation":0,"texture":"#0"},"west":{"uv":[9.875,1.65625,9.9375,1.84375],"tintindex":0,"rotation":0,"texture":"#0"},"up":{"uv":[10.0625,1.90625,9.875,1.84375],"tintindex":0,"rotation":0,"texture":"#0"},"down":{"uv":[10.0625,1.90625,9.875,1.96875],"tintindex":0,"rotation":0,"texture":"#0"}}},{"from":[7.515515,1.1963062,-10.098106],"to":[8.515514,3.0296397,-8.264774],"faces":{"east":{"uv":[9.5,2.25,9.34375,2.4375],"tintindex":0,"rotation":90,"texture":"#0"},"south":{"uv":[3.4375,10.0,3.34375,9.84375],"tintindex":0,"rotation":0,"texture":"#0"},"north":{"uv":[9.9375,3.28125,9.84375,3.4375],"tintindex":0,"rotation":180,"texture":"#0"},"west":{"uv":[2.875,9.34375,2.71875,9.53125],"tintindex":0,"rotation":270,"texture":"#0"},"up":{"uv":[7.34375,9.8125,7.4375,9.625],"tintindex":0,"rotation":180,"texture":"#0"},"down":{"uv":[7.4375,9.8125,7.53125,9.625],"tintindex":0,"rotation":0,"texture":"#0"}},"rotation":{"origin":[7.982181,2.1129732,-9.18144],"angle":-22.5,"axis":"x"}},{"from":[6.9955144,7.0063133,-4.2240057],"to":[8.995515,9.006313,1.7759943],"faces":{"east":{"uv":[7.375,6.53125,7.9375,6.71875],"tintindex":0,"rotation":0,"texture":"#0"},"south":{"uv":[8.96875,5.59375,9.15625,5.78125],"tintindex":0,"rotation":0,"texture":"#0"},"north":{"uv":[3.96875,8.96875,4.15625,9.15625],"tintindex":0,"rotation":0,"texture":"#0"},"west":{"uv":[7.46875,1.625,8.03125,1.8125],"tintindex":0,"rotation":0,"texture":"#0"},"up":{"uv":[2.65625,7.71875,2.46875,7.15625],"tintindex":0,"rotation":0,"texture":"#0"},"down":{"uv":[7.03125,7.4375,6.84375,8.0],"tintindex":0,"rotation":0,"texture":"#0"}}},{"from":[7.5055146,9.894816,-9.656717],"to":[8.485515,12.20815,-8.676716],"faces":{"east":{"uv":[9.59375,3.4375,9.6875,3.65625],"tintindex":0,"rotation":0,"texture":"#0"},"south":{"uv":[4.125,9.59375,4.21875,9.8125],"tintindex":0,"rotation":0,"texture":"#0"},"north":{"uv":[2.625,9.59375,2.71875,9.8125],"tintindex":0,"rotation":0,"texture":"#0"},"west":{"uv":[4.21875,9.59375,4.3125,9.8125],"tintindex":0,"rotation":0,"texture":"#0"},"up":{"uv":[6.8125,10.15625,6.71875,10.0625],"tintindex":0,"rotation":0,"texture":"#0"},"down":{"uv":[6.90625,10.0625,6.8125,10.15625],"tintindex":0,"rotation":0,"texture":"#0"}},"rotation":{"origin":[7.9955144,9.006313,-7.960863],"angle":-22.5,"axis":"x"}},{"from":[6.7455144,6.7563133,15.859328],"to":[9.245515,9.256313,16.85933],"faces":{"east":{"uv":[4.625,9.46875,4.71875,9.71875],"tintindex":0,"rotation":0,"texture":"#0"},"south":{"uv":[8.3125,7.1875,8.5625,7.4375],"tintindex":0,"rotation":0,"texture":"#0"},"north":{"uv":[8.3125,6.9375,8.5625,7.1875],"tintindex":0,"rotation":0,"texture":"#0"},"west":{"uv":[9.46875,5.78125,9.5625,6.03125],"tintindex":0,"rotation":0,"texture":"#0"},"up":{"uv":[7.40625,2.03125,7.15625,1.9375],"tintindex":0,"rotation":0,"texture":"#0"},"down":{"uv":[9.71875,3.34375,9.46875,3.4375],"tintindex":0,"rotation":0,"texture":"#0"}}},{"from":[6.4955144,6.5063133,-9.974007],"to":[9.495515,9.506313,-2.9740057],"faces":{"east":{"uv":[6.3125,4.1875,6.96875,4.46875],"tintindex":0,"rotation":0,"texture":"#0"},"south":{"uv":[7.28125,7.96875,7.5625,8.25],"tintindex":0,"rotation":0,"texture":"#0"},"north":{"uv":[2.28125,7.96875,2.5625,8.25],"tintindex":0,"rotation":0,"texture":"#0"},"west":{"uv":[0.0,6.34375,0.65625,6.625],"tintindex":0,"rotation":0,"texture":"#0"},"up":{"uv":[2.46875,6.71875,2.1875,6.0625],"tintindex":0,"rotation":0,"texture":"#0"},"down":{"uv":[0.9375,6.375,0.65625,7.03125],"tintindex":0,"rotation":0,"texture":"#0"}},"rotation":{"origin":[7.9955144,8.006313,-7.4740057],"angle":45.0,"axis":"z"}},{"from":[7.458848,0.9982271,-10.334345],"to":[8.538848,3.6782274,-8.987679],"faces":{"east":{"uv":[9.0625,9.21875,9.1875,9.46875],"tintindex":0,"rotation":0,"texture":"#0"},"south":{"uv":[0.1875,9.5625,0.28125,9.8125],"tintindex":0,"rotation":0,"texture":"#0"},"north":{"uv":[5.1875,9.53125,5.28125,9.78125],"tintindex":0,"rotation":0,"texture":"#0"},"west":{"uv":[9.1875,9.21875,9.3125,9.46875],"tintindex":0,"rotation":0,"texture":"#0"},"up":{"uv":[9.96875,4.1875,9.875,4.0625],"tintindex":0,"rotation":0,"texture":"#0"},"down":{"uv":[9.96875,4.1875,9.875,4.3125],"tintindex":0,"rotation":0,"texture":"#0"}},"rotation":{"origin":[7.959279,2.6618009,-9.539627],"angle":22.5,"axis":"x"}},{"from":[7.1455145,7.156313,2.3759942],"to":[8.845515,8.856314,15.942661],"faces":{"east":{"uv":[5.03125,4.4375,6.3125,4.59375],"tintindex":0,"rotation":0,"texture":"#0"},"west":{"uv":[5.3125,2.0,6.59375,2.15625],"tintindex":0,"rotation":0,"texture":"#0"},"up":{"uv":[4.625,6.5,4.46875,5.21875],"tintindex":0,"rotation":0,"texture":"#0"},"down":{"uv":[4.78125,5.21875,4.625,6.5],"tintindex":0,"rotation":0,"texture":"#0"}}},{"from":[7.5055146,2.8856173,-6.3921757],"to":[8.485515,3.8656168,-5.412174],"faces":{"east":{"uv":[5.53125,10.0625,5.625,10.15625],"tintindex":0,"rotation":0,"texture":"#0"},"south":{"uv":[10.0625,5.5625,10.15625,5.65625],"tintindex":0,"rotation":0,"texture":"#0"},"north":{"uv":[10.0625,5.46875,10.15625,5.5625],"tintindex":0,"rotation":0,"texture":"#0"},"west":{"uv":[5.625,10.0625,5.71875,10.15625],"tintindex":0,"rotation":0,"texture":"#0"},"up":{"uv":[10.15625,5.75,10.0625,5.65625],"tintindex":0,"rotation":0,"texture":"#0"},"down":{"uv":[5.8125,10.0625,5.71875,10.15625],"tintindex":0,"rotation":0,"texture":"#0"}},"rotation":{"origin":[7.9955144,7.0063133,-6.627529],"angle":-22.5,"axis":"x"}},{"from":[7.5055146,12.147009,-6.3921757],"to":[8.485515,13.12701,-5.412174],"faces":{"east":{"uv":[10.0625,6.4375,10.15625,6.53125],"tintindex":0,"rotation":0,"texture":"#0"},"south":{"uv":[6.53125,10.0625,6.625,10.15625],"tintindex":0,"rotation":0,"texture":"#0"},"north":{"uv":[10.0625,6.34375,10.15625,6.4375],"tintindex":0,"rotation":0,"texture":"#0"},"west":{"uv":[10.0625,6.53125,10.15625,6.625],"tintindex":0,"rotation":0,"texture":"#0"},"up":{"uv":[6.71875,10.15625,6.625,10.0625],"tintindex":0,"rotation":0,"texture":"#0"},"down":{"uv":[10.15625,6.625,10.0625,6.71875],"tintindex":0,"rotation":0,"texture":"#0"}},"rotation":{"origin":[7.9955144,9.006313,-6.627529],"angle":22.5,"axis":"x"}},{"from":[6.662181,6.67298,0.4426613],"to":[9.328848,9.339646,1.1093278],"faces":{"east":{"uv":[5.875,9.8125,5.9375,10.0625],"tintindex":0,"rotation":0,"texture":"#0"},"south":{"uv":[8.34375,4.0,8.59375,4.25],"tintindex":0,"rotation":0,"texture":"#0"},"north":{"uv":[8.34375,1.5625,8.59375,1.8125],"tintindex":0,"rotation":0,"texture":"#0"},"west":{"uv":[9.8125,6.25,9.875,6.5],"tintindex":0,"rotation":0,"texture":"#0"},"up":{"uv":[3.375,7.59375,3.125,7.53125],"tintindex":0,"rotation":0,"texture":"#0"},"down":{"uv":[7.84375,7.4375,7.59375,7.5],"tintindex":0,"rotation":0,"texture":"#0"}}},{"from":[7.5055146,3.8044767,-9.656717],"to":[8.485515,6.11781,-8.676716],"faces":{"east":{"uv":[9.59375,2.40625,9.6875,2.625],"tintindex":0,"rotation":0,"texture":"#0"},"south":{"uv":[2.4375,9.59375,2.53125,9.8125],"tintindex":0,"rotation":0,"texture":"#0"},"north":{"uv":[2.34375,9.59375,2.4375,9.8125],"tintindex":0,"rotation":0,"texture":"#0"},"west":{"uv":[2.53125,9.59375,2.625,9.8125],"tintindex":0,"rotation":0,"texture":"#0"},"up":{"uv":[5.90625,10.15625,5.8125,10.0625],"tintindex":0,"rotation":0,"texture":"#0"},"down":{"uv":[6.25,10.0625,6.15625,10.15625],"tintindex":0,"rotation":0,"texture":"#0"}},"rotation":{"origin":[7.9955144,7.0063133,-7.960863],"angle":22.5,"axis":"x"}},{"from":[6.412181,6.42298,1.7759943],"to":[9.578848,9.589646,2.7759943],"faces":{"east":{"uv":[2.34375,9.28125,2.4375,9.59375],"tintindex":0,"rotation":0,"texture":"#0"},"south":{"uv":[1.96875,7.6875,2.28125,8.0],"tintindex":0,"rotation":0,"texture":"#0"},"north":{"uv":[5.75,4.59375,6.0625,4.90625],"tintindex":0,"rotation":0,"texture":"#0"},"west":{"uv":[2.4375,9.28125,2.53125,9.59375],"tintindex":0,"rotation":0,"texture":"#0"},"up":{"uv":[9.5625,0.09375,9.25,0.0],"tintindex":0,"rotation":0,"texture":"#0"},"down":{"uv":[9.5625,0.09375,9.25,0.1875],"tintindex":0,"rotation":0,"texture":"#0"}}},{"from":[7.4955144,8.555675,-6.168537],"to":[8.495515,11.0556755,-2.8352041],"faces":{"east":{"uv":[1.59375,8.15625,1.90625,8.40625],"tintindex":0,"rotation":0,"texture":"#0"},"south":{"uv":[0.6875,9.5625,0.78125,9.8125],"tintindex":0,"rotation":0,"texture":"#0"},"north":{"uv":[9.5625,0.4375,9.65625,0.6875],"tintindex":0,"rotation":0,"texture":"#0"},"west":{"uv":[8.15625,1.8125,8.46875,2.0625],"tintindex":0,"rotation":0,"texture":"#0"},"up":{"uv":[1.6875,9.65625,1.59375,9.34375],"tintindex":0,"rotation":0,"texture":"#0"},"down":{"uv":[9.4375,1.9375,9.34375,2.25],"tintindex":0,"rotation":0,"texture":"#0"}},"rotation":{"origin":[7.9955144,9.006313,-6.627529],"angle":-22.5,"axis":"x"}},{"from":[7.078848,7.089647,-11.140673],"to":[8.912181,8.92298,-10.474007],"faces":{"east":{"uv":[5.96875,8.34375,6.03125,8.53125],"tintindex":0,"rotation":0,"texture":"#0"},"south":{"uv":[9.0,0.5625,9.1875,0.75],"tintindex":0,"rotation":0,"texture":"#0"},"north":{"uv":[8.6875,8.96875,8.875,9.15625],"tintindex":0,"rotation":0,"texture":"#0"},"west":{"uv":[5.34375,8.71875,5.40625,8.90625],"tintindex":0,"rotation":0,"texture":"#0"},"up":{"uv":[10.03125,5.125,9.84375,5.0625],"tintindex":0,"rotation":0,"texture":"#0"},"down":{"uv":[10.03125,6.90625,9.84375,6.96875],"tintindex":0,"rotation":0,"texture":"#0"}},"rotation":{"origin":[7.9955144,8.006313,-9.974007],"angle":45.0,"axis":"z"}},{"from":[6.9955144,7.0063133,14.867807],"to":[8.995515,9.006313,15.534473],"faces":{"east":{"uv":[9.84375,7.09375,9.90625,7.28125],"tintindex":0,"rotation":0,"texture":"#0"},"south":{"uv":[9.0,3.09375,9.1875,3.28125],"tintindex":0,"rotation":0,"texture":"#0"},"north":{"uv":[9.0,2.90625,9.1875,3.09375],"tintindex":0,"rotation":0,"texture":"#0"},"west":{"uv":[9.84375,7.28125,9.90625,7.46875],"tintindex":0,"rotation":0,"texture":"#0"},"up":{"uv":[10.03125,7.53125,9.84375,7.46875],"tintindex":0,"rotation":0,"texture":"#0"},"down":{"uv":[10.03125,7.53125,9.84375,7.59375],"tintindex":0,"rotation":0,"texture":"#0"}}},{"from":[6.662181,6.67298,-1.2240057],"to":[9.328848,9.339646,-0.5573387],"faces":{"east":{"uv":[6.625,9.8125,6.6875,10.0625],"tintindex":0,"rotation":0,"texture":"#0"},"south":{"uv":[2.71875,8.375,2.96875,8.625],"tintindex":0,"rotation":0,"texture":"#0"},"north":{"uv":[6.28125,8.34375,6.53125,8.59375],"tintindex":0,"rotation":0,"texture":"#0"},"west":{"uv":[6.6875,9.8125,6.75,10.0625],"tintindex":0,"rotation":0,"texture":"#0"},"up":{"uv":[8.5625,4.65625,8.3125,4.59375],"tintindex":0,"rotation":0,"texture":"#0"},"down":{"uv":[10.03125,9.0625,9.78125,9.125],"tintindex":0,"rotation":0,"texture":"#0"}}}],"display":{"gui":{"rotation":[30,225,0]}}}