{"textures":{"0":"modelengine:entity/tc_cyclops"},"elements":[{"from":[3.2325127,13.745657,3.5713584],"to":[12.712513,17.725657,9.551358],"faces":{"east":{"uv":[9.4375,5.5,9.625,5.625],"tintindex":0,"rotation":0,"texture":"#0"},"south":{"uv":[7.46875,1.8125,7.78125,1.9375],"tintindex":0,"rotation":0,"texture":"#0"},"north":{"uv":[6.59375,2.03125,6.90625,2.15625],"tintindex":0,"rotation":0,"texture":"#0"},"west":{"uv":[4.125,9.46875,4.3125,9.59375],"tintindex":0,"rotation":0,"texture":"#0"},"up":{"uv":[8.8125,3.875,8.5,3.6875],"tintindex":0,"rotation":0,"texture":"#0"},"down":{"uv":[4.21875,8.5,3.90625,8.6875],"tintindex":0,"rotation":0,"texture":"#0"}},"rotation":{"origin":[7.9725127,14.235657,2.0613585],"angle":-22.5,"axis":"x"}},{"from":[11.482513,8.771698,1.0295391],"to":[13.482513,14.771698,2.029539],"faces":{"east":{"uv":[0.875,1.78125,0.90625,1.96875],"tintindex":0,"rotation":0,"texture":"#0"},"south":{"uv":[1.15625,7.9375,1.21875,8.125],"tintindex":0,"rotation":0,"texture":"#0"},"north":{"uv":[2.84375,6.375,2.90625,6.5625],"tintindex":0,"rotation":0,"texture":"#0"},"west":{"uv":[0.46875,2.28125,0.5,2.46875],"tintindex":0,"rotation":0,"texture":"#0"},"up":{"uv":[5.375,2.5625,5.3125,2.53125],"tintindex":0,"rotation":0,"texture":"#0"},"down":{"uv":[1.40625,5.53125,1.34375,5.5625],"tintindex":0,"rotation":0,"texture":"#0"}}},{"from":[8.05,9.9,-7.1],"to":[8.75,12.1,-5.9],"faces":{"east":{"uv":[9.0,0.9375,9.0625,1.03125],"tintindex":0,"rotation":0,"texture":"#0"},"south":{"uv":[3.75,1.46875,3.78125,1.5625],"tintindex":0,"rotation":0,"texture":"#0"},"north":{"uv":[3.75,1.375,3.78125,1.46875],"tintindex":0,"rotation":0,"texture":"#0"},"west":{"uv":[9.03125,6.34375,9.09375,6.4375],"tintindex":0,"rotation":0,"texture":"#0"},"up":{"uv":[4.09375,4.59375,4.0625,4.53125],"tintindex":0,"rotation":0,"texture":"#0"},"down":{"uv":[4.09375,4.59375,4.0625,4.65625],"tintindex":0,"rotation":0,"texture":"#0"}},"rotation":{"origin":[8.0,9.25,-6.0],"angle":-22.5,"axis":"y"}},{"from":[10.068299,1.890274,4.5991745],"to":[18.0683,11.890274,10.5991745],"faces":{"east":{"uv":[5.5625,3.28125,5.75,3.59375],"tintindex":0,"rotation":0,"texture":"#0"},"south":{"uv":[1.96875,8.0,2.21875,8.3125],"tintindex":0,"rotation":0,"texture":"#0"},"north":{"uv":[0.0,8.0,0.25,8.3125],"tintindex":0,"rotation":0,"texture":"#0"},"west":{"uv":[5.90625,2.59375,6.09375,2.90625],"tintindex":0,"rotation":0,"texture":"#0"},"up":{"uv":[8.9375,8.96875,8.6875,8.78125],"tintindex":0,"rotation":0,"texture":"#0"},"down":{"uv":[9.0625,3.65625,8.8125,3.84375],"tintindex":0,"rotation":0,"texture":"#0"}},"rotation":{"origin":[14.068299,6.890274,7.5991745],"angle":45.0,"axis":"z"}},{"from":[6.2762303,10.099997,-7.1],"to":[6.9762306,11.799997,-5.9],"faces":{"east":{"uv":[9.375,5.1875,9.4375,5.28125],"tintindex":0,"rotation":0,"texture":"#0"},"south":{"uv":[3.78125,1.9375,3.8125,2.03125],"tintindex":0,"rotation":0,"texture":"#0"},"north":{"uv":[3.78125,1.84375,3.8125,1.9375],"tintindex":0,"rotation":0,"texture":"#0"},"west":{"uv":[9.5,0.4375,9.5625,0.53125],"tintindex":0,"rotation":0,"texture":"#0"},"up":{"uv":[4.71875,1.1875,4.6875,1.125],"tintindex":0,"rotation":0,"texture":"#0"},"down":{"uv":[0.46875,4.9375,0.4375,5.0],"tintindex":0,"rotation":0,"texture":"#0"}},"rotation":{"origin":[8.026231,9.449997,-6.0],"angle":22.5,"axis":"y"}},{"from":[0.6347351,2.5137558,4.5991745],"to":[8.634735,12.513756,10.5991745],"faces":{"east":{"uv":[7.375,8.625,7.5625,8.9375],"tintindex":0,"rotation":0,"texture":"#0"},"south":{"uv":[8.28125,0.0,8.53125,0.3125],"tintindex":0,"rotation":0,"texture":"#0"},"north":{"uv":[8.0625,8.25,8.3125,8.5625],"tintindex":0,"rotation":0,"texture":"#0"},"west":{"uv":[7.5625,8.625,7.75,8.9375],"tintindex":0,"rotation":0,"texture":"#0"},"up":{"uv":[8.5625,9.0,8.3125,8.8125],"tintindex":0,"rotation":0,"texture":"#0"},"down":{"uv":[9.09375,6.4375,8.84375,6.625],"tintindex":0,"rotation":0,"texture":"#0"}},"rotation":{"origin":[2.5437179,10.433205,5.062169],"angle":-45.0,"axis":"z"}},{"from":[7.982513,13.693893,-7.8689365],"to":[10.982513,16.693893,-5.8689375],"faces":{"east":{"uv":[3.40625,7.84375,3.53125,8.0],"tintindex":0,"rotation":0,"texture":"#0"},"south":{"uv":[9.46875,4.09375,9.625,4.25],"tintindex":0,"rotation":0,"texture":"#0"},"north":{"uv":[9.46875,3.9375,9.625,4.09375],"tintindex":0,"rotation":0,"texture":"#0"},"west":{"uv":[9.5625,8.59375,9.6875,8.75],"tintindex":0,"rotation":0,"texture":"#0"},"up":{"uv":[9.71875,8.09375,9.5625,7.96875],"tintindex":0,"rotation":0,"texture":"#0"},"down":{"uv":[9.71875,9.3125,9.5625,9.4375],"tintindex":0,"rotation":0,"texture":"#0"}},"rotation":{"origin":[7.982513,13.693893,-9.868937],"angle":45.0,"axis":"z"}},{"from":[4.3175974,10.827263,-4.2384834],"to":[5.3175974,12.827263,0.7615166],"faces":{"east":{"uv":[8.125,3.46875,8.28125,3.53125],"tintindex":0,"rotation":0,"texture":"#0"},"south":{"uv":[4.25,1.65625,4.28125,1.71875],"tintindex":0,"rotation":0,"texture":"#0"},"north":{"uv":[4.25,1.59375,4.28125,1.65625],"tintindex":0,"rotation":0,"texture":"#0"},"west":{"uv":[8.40625,8.1875,8.5625,8.25],"tintindex":0,"rotation":0,"texture":"#0"},"up":{"uv":[3.1875,2.21875,3.15625,2.0625],"tintindex":0,"rotation":0,"texture":"#0"},"down":{"uv":[1.5,3.21875,1.46875,3.375],"tintindex":0,"rotation":0,"texture":"#0"}},"rotation":{"origin":[4.8175974,11.827263,-2.7384834],"angle":-22.5,"axis":"x"}},{"from":[8.013115,16.579361,-8.522354],"to":[11.013115,18.079361,-6.522354],"faces":{"east":{"uv":[3.375,7.53125,3.4375,7.59375],"tintindex":0,"rotation":0,"texture":"#0"},"south":{"uv":[2.71875,8.3125,2.8125,8.375],"tintindex":0,"rotation":0,"texture":"#0"},"north":{"uv":[2.46875,8.25,2.5625,8.3125],"tintindex":0,"rotation":0,"texture":"#0"},"west":{"uv":[8.0625,3.21875,8.125,3.28125],"tintindex":0,"rotation":0,"texture":"#0"},"up":{"uv":[6.8125,8.625,6.71875,8.5625],"tintindex":0,"rotation":0,"texture":"#0"},"down":{"uv":[7.46875,8.5625,7.375,8.625],"tintindex":0,"rotation":0,"texture":"#0"}},"rotation":{"origin":[8.013115,17.579361,-8.522354],"angle":-22.5,"axis":"y"}},{"from":[4.0131154,10.329361,-6.772354],"to":[8.013115,12.329361,-5.772354],"faces":{"east":{"uv":[0.90625,5.0625,0.9375,5.125],"tintindex":0,"rotation":0,"texture":"#0"},"south":{"uv":[4.78125,7.59375,4.90625,7.65625],"tintindex":0,"rotation":0,"texture":"#0"},"north":{"uv":[7.03125,7.4375,7.15625,7.5],"tintindex":0,"rotation":0,"texture":"#0"},"west":{"uv":[3.0625,5.09375,3.09375,5.15625],"tintindex":0,"rotation":0,"texture":"#0"},"up":{"uv":[5.65625,4.625,5.53125,4.59375],"tintindex":0,"rotation":0,"texture":"#0"},"down":{"uv":[5.875,4.90625,5.75,4.9375],"tintindex":0,"rotation":0,"texture":"#0"}},"rotation":{"origin":[8.013115,11.329361,-6.772354],"angle":22.5,"axis":"y"}},{"from":[2.492513,12.445288,2.0617073],"to":[13.472513,15.425287,8.041707],"faces":{"east":{"uv":[8.0625,4.65625,8.25,4.75],"tintindex":0,"rotation":0,"texture":"#0"},"south":{"uv":[9.0625,2.5,9.40625,2.59375],"tintindex":0,"rotation":0,"texture":"#0"},"north":{"uv":[9.0625,1.125,9.40625,1.21875],"tintindex":0,"rotation":0,"texture":"#0"},"west":{"uv":[8.6875,3.34375,8.875,3.4375],"tintindex":0,"rotation":0,"texture":"#0"},"up":{"uv":[4.3125,8.5,3.96875,8.3125],"tintindex":0,"rotation":0,"texture":"#0"},"down":{"uv":[4.65625,8.3125,4.3125,8.5],"tintindex":0,"rotation":0,"texture":"#0"}},"rotation":{"origin":[7.982513,12.534096,3.2086515],"angle":-22.5,"axis":"x"}},{"from":[4.3275976,10.339361,-5.231619],"to":[5.307597,12.319361,-3.75162],"faces":{"east":{"uv":[6.59375,9.25,6.65625,9.3125],"tintindex":0,"rotation":0,"texture":"#0"},"south":{"uv":[4.25,1.40625,4.28125,1.46875],"tintindex":0,"rotation":0,"texture":"#0"},"north":{"uv":[4.25,1.34375,4.28125,1.40625],"tintindex":0,"rotation":0,"texture":"#0"},"west":{"uv":[0.1875,9.3125,0.25,9.375],"tintindex":0,"rotation":0,"texture":"#0"},"up":{"uv":[4.28125,1.53125,4.25,1.46875],"tintindex":0,"rotation":0,"texture":"#0"},"down":{"uv":[4.28125,1.53125,4.25,1.59375],"tintindex":0,"rotation":0,"texture":"#0"}}},{"from":[9.049999,10.099997,-7.1],"to":[9.75,11.799997,-5.9],"faces":{"east":{"uv":[7.84375,8.625,7.90625,8.71875],"tintindex":0,"rotation":0,"texture":"#0"},"south":{"uv":[3.75,1.28125,3.78125,1.375],"tintindex":0,"rotation":0,"texture":"#0"},"north":{"uv":[3.75,1.1875,3.78125,1.28125],"tintindex":0,"rotation":0,"texture":"#0"},"west":{"uv":[4.15625,8.6875,4.21875,8.78125],"tintindex":0,"rotation":0,"texture":"#0"},"up":{"uv":[4.09375,4.46875,4.0625,4.40625],"tintindex":0,"rotation":0,"texture":"#0"},"down":{"uv":[4.09375,4.46875,4.0625,4.53125],"tintindex":0,"rotation":0,"texture":"#0"}},"rotation":{"origin":[8.0,9.449997,-6.0],"angle":-22.5,"axis":"y"}},{"from":[2.502513,3.9136233,5.8619866],"to":[13.462513,17.873623,14.321986],"faces":{"east":{"uv":[5.8125,7.15625,6.09375,7.59375],"tintindex":0,"rotation":0,"texture":"#0"},"south":{"uv":[6.8125,5.03125,7.15625,5.46875],"tintindex":0,"rotation":0,"texture":"#0"},"north":{"uv":[6.8125,1.59375,7.15625,2.03125],"tintindex":0,"rotation":0,"texture":"#0"},"west":{"uv":[6.09375,7.15625,6.375,7.59375],"tintindex":0,"rotation":0,"texture":"#0"},"up":{"uv":[8.0,5.28125,7.65625,5.0],"tintindex":0,"rotation":0,"texture":"#0"},"down":{"uv":[0.34375,7.71875,0.0,8.0],"tintindex":0,"rotation":0,"texture":"#0"}},"rotation":{"origin":[7.982513,10.893623,10.091987],"angle":-45.0,"axis":"x"}},{"from":[2.482513,8.771698,1.0295391],"to":[4.482513,14.771698,2.029539],"faces":{"east":{"uv":[0.46875,2.46875,0.5,2.65625],"tintindex":0,"rotation":0,"texture":"#0"},"south":{"uv":[0.59375,9.9375,0.65625,10.125],"tintindex":0,"rotation":0,"texture":"#0"},"north":{"uv":[9.9375,0.375,10.0,0.5625],"tintindex":0,"rotation":0,"texture":"#0"},"west":{"uv":[1.875,2.5625,1.90625,2.75],"tintindex":0,"rotation":0,"texture":"#0"},"up":{"uv":[5.9375,4.9375,5.875,4.90625],"tintindex":0,"rotation":0,"texture":"#0"},"down":{"uv":[0.9375,5.90625,0.875,5.9375],"tintindex":0,"rotation":0,"texture":"#0"}}},{"from":[10.718634,10.339361,-5.231619],"to":[11.698633,12.319361,-3.75162],"faces":{"east":{"uv":[8.125,7.65625,8.1875,7.71875],"tintindex":0,"rotation":0,"texture":"#0"},"south":{"uv":[4.0625,4.21875,4.09375,4.28125],"tintindex":0,"rotation":0,"texture":"#0"},"north":{"uv":[4.21875,1.03125,4.25,1.09375],"tintindex":0,"rotation":0,"texture":"#0"},"west":{"uv":[7.46875,8.5625,7.53125,8.625],"tintindex":0,"rotation":0,"texture":"#0"},"up":{"uv":[4.28125,1.28125,4.25,1.21875],"tintindex":0,"rotation":0,"texture":"#0"},"down":{"uv":[4.28125,1.28125,4.25,1.34375],"tintindex":0,"rotation":0,"texture":"#0"}}},{"from":[2.482513,8.771698,2.029539],"to":[13.482513,14.771698,8.029539],"faces":{"east":{"uv":[5.375,2.90625,5.5625,3.09375],"tintindex":0,"rotation":0,"texture":"#0"},"south":{"uv":[8.3125,1.375,8.65625,1.5625],"tintindex":0,"rotation":0,"texture":"#0"},"north":{"uv":[5.75,3.71875,6.09375,3.90625],"tintindex":0,"rotation":0,"texture":"#0"},"west":{"uv":[2.65625,6.84375,2.84375,7.03125],"tintindex":0,"rotation":0,"texture":"#0"},"up":{"uv":[8.65625,2.71875,8.3125,2.53125],"tintindex":0,"rotation":0,"texture":"#0"},"down":{"uv":[3.65625,8.3125,3.3125,8.5],"tintindex":0,"rotation":0,"texture":"#0"}}},{"from":[5.2762303,9.9,-7.1],"to":[5.9762306,12.1,-5.9],"faces":{"east":{"uv":[7.125,9.125,7.1875,9.21875],"tintindex":0,"rotation":0,"texture":"#0"},"south":{"uv":[3.78125,1.75,3.8125,1.84375],"tintindex":0,"rotation":0,"texture":"#0"},"north":{"uv":[2.03125,3.75,2.0625,3.84375],"tintindex":0,"rotation":0,"texture":"#0"},"west":{"uv":[9.0625,9.125,9.125,9.21875],"tintindex":0,"rotation":0,"texture":"#0"},"up":{"uv":[4.71875,1.0625,4.6875,1.0],"tintindex":0,"rotation":0,"texture":"#0"},"down":{"uv":[4.71875,1.0625,4.6875,1.125],"tintindex":0,"rotation":0,"texture":"#0"}},"rotation":{"origin":[8.026231,9.25,-6.0],"angle":22.5,"axis":"y"}},{"from":[8.013115,12.329361,-7.272354],"to":[13.013115,20.329361,-5.272354],"faces":{"east":{"uv":[6.78125,7.5625,6.84375,7.8125],"tintindex":0,"rotation":0,"texture":"#0"},"south":{"uv":[0.5625,8.15625,0.71875,8.40625],"tintindex":0,"rotation":0,"texture":"#0"},"north":{"uv":[6.09375,4.1875,6.25,4.4375],"tintindex":0,"rotation":0,"texture":"#0"},"west":{"uv":[2.21875,8.0,2.28125,8.25],"tintindex":0,"rotation":0,"texture":"#0"},"up":{"uv":[1.65625,4.53125,1.5,4.46875],"tintindex":0,"rotation":0,"texture":"#0"},"down":{"uv":[7.3125,3.3125,7.15625,3.375],"tintindex":0,"rotation":0,"texture":"#0"}},"rotation":{"origin":[8.013115,13.329361,-7.272354],"angle":-22.5,"axis":"y"}},{"from":[5.0131154,16.579361,-8.522354],"to":[8.013115,18.079361,-6.522354],"faces":{"east":{"uv":[6.46875,9.1875,6.53125,9.25],"tintindex":0,"rotation":0,"texture":"#0"},"south":{"uv":[9.28125,7.53125,9.375,7.59375],"tintindex":0,"rotation":0,"texture":"#0"},"north":{"uv":[9.28125,6.09375,9.375,6.15625],"tintindex":0,"rotation":0,"texture":"#0"},"west":{"uv":[9.25,1.4375,9.3125,1.5],"tintindex":0,"rotation":0,"texture":"#0"},"up":{"uv":[9.40625,2.71875,9.3125,2.65625],"tintindex":0,"rotation":0,"texture":"#0"},"down":{"uv":[9.40625,8.40625,9.3125,8.46875],"tintindex":0,"rotation":0,"texture":"#0"}},"rotation":{"origin":[8.013115,17.579361,-8.522354],"angle":22.5,"axis":"y"}},{"from":[3.0131154,12.329361,-7.272354],"to":[8.013115,20.329361,-5.272354],"faces":{"east":{"uv":[6.75,9.8125,6.8125,10.0625],"tintindex":0,"rotation":0,"texture":"#0"},"south":{"uv":[1.125,8.9375,1.28125,9.1875],"tintindex":0,"rotation":0,"texture":"#0"},"north":{"uv":[8.90625,0.0,9.0625,0.25],"tintindex":0,"rotation":0,"texture":"#0"},"west":{"uv":[6.8125,9.8125,6.875,10.0625],"tintindex":0,"rotation":0,"texture":"#0"},"up":{"uv":[7.9375,6.53125,7.78125,6.46875],"tintindex":0,"rotation":0,"texture":"#0"},"down":{"uv":[8.03125,1.5625,7.875,1.625],"tintindex":0,"rotation":0,"texture":"#0"}},"rotation":{"origin":[8.013115,13.329361,-7.272354],"angle":22.5,"axis":"y"}},{"from":[7.276231,9.9,-7.1],"to":[7.97623,12.1,-5.9],"faces":{"east":{"uv":[0.4375,9.53125,0.5,9.625],"tintindex":0,"rotation":0,"texture":"#0"},"south":{"uv":[4.21875,0.6875,4.25,0.78125],"tintindex":0,"rotation":0,"texture":"#0"},"north":{"uv":[4.21875,0.59375,4.25,0.6875],"tintindex":0,"rotation":0,"texture":"#0"},"west":{"uv":[2.8125,9.53125,2.875,9.625],"tintindex":0,"rotation":0,"texture":"#0"},"up":{"uv":[0.46875,5.0625,0.4375,5.0],"tintindex":0,"rotation":0,"texture":"#0"},"down":{"uv":[2.625,5.0,2.59375,5.0625],"tintindex":0,"rotation":0,"texture":"#0"}},"rotation":{"origin":[8.026231,9.25,-6.0],"angle":22.5,"axis":"y"}},{"from":[3.222513,12.319361,-5.3689365],"to":[12.742514,20.339361,7.651063],"faces":{"east":{"uv":[7.5625,0.4375,7.96875,0.6875],"tintindex":0,"rotation":0,"texture":"#0"},"south":{"uv":[7.96875,4.75,8.28125,5.0],"tintindex":0,"rotation":0,"texture":"#0"},"north":{"uv":[6.1875,3.46875,6.5,3.71875],"tintindex":0,"rotation":0,"texture":"#0"},"west":{"uv":[7.5625,4.75,7.96875,5.0],"tintindex":0,"rotation":0,"texture":"#0"},"up":{"uv":[0.9375,7.4375,0.625,7.03125],"tintindex":0,"rotation":0,"texture":"#0"},"down":{"uv":[7.46875,1.53125,7.15625,1.9375],"tintindex":0,"rotation":0,"texture":"#0"}}},{"from":[10.049999,9.9,-7.1],"to":[10.75,12.1,-5.9],"faces":{"east":{"uv":[3.59375,8.5,3.65625,8.59375],"tintindex":0,"rotation":0,"texture":"#0"},"south":{"uv":[3.75,1.09375,3.78125,1.1875],"tintindex":0,"rotation":0,"texture":"#0"},"north":{"uv":[2.03125,3.65625,2.0625,3.75],"tintindex":0,"rotation":0,"texture":"#0"},"west":{"uv":[4.59375,8.5,4.65625,8.59375],"tintindex":0,"rotation":0,"texture":"#0"},"up":{"uv":[4.09375,4.34375,4.0625,4.28125],"tintindex":0,"rotation":0,"texture":"#0"},"down":{"uv":[4.09375,4.34375,4.0625,4.40625],"tintindex":0,"rotation":0,"texture":"#0"}},"rotation":{"origin":[8.0,9.25,-6.0],"angle":-22.5,"axis":"y"}},{"from":[8.013115,10.329361,-6.772354],"to":[12.013115,12.329361,-5.772354],"faces":{"east":{"uv":[4.21875,0.78125,4.25,0.84375],"tintindex":0,"rotation":0,"texture":"#0"},"south":{"uv":[7.03125,1.53125,7.15625,1.59375],"tintindex":0,"rotation":0,"texture":"#0"},"north":{"uv":[4.90625,4.0,5.03125,4.0625],"tintindex":0,"rotation":0,"texture":"#0"},"west":{"uv":[4.21875,0.84375,4.25,0.90625],"tintindex":0,"rotation":0,"texture":"#0"},"up":{"uv":[0.4375,5.53125,0.3125,5.5],"tintindex":0,"rotation":0,"texture":"#0"},"down":{"uv":[1.34375,5.53125,1.21875,5.5625],"tintindex":0,"rotation":0,"texture":"#0"}},"rotation":{"origin":[8.013115,11.329361,-6.772354],"angle":-22.5,"axis":"y"}},{"from":[10.708633,10.827263,-4.2384834],"to":[11.708633,12.827263,0.7615166],"faces":{"east":{"uv":[3.875,7.3125,4.03125,7.375],"tintindex":0,"rotation":0,"texture":"#0"},"south":{"uv":[4.21875,0.96875,4.25,1.03125],"tintindex":0,"rotation":0,"texture":"#0"},"north":{"uv":[4.21875,0.90625,4.25,0.96875],"tintindex":0,"rotation":0,"texture":"#0"},"west":{"uv":[7.75,3.53125,7.90625,3.59375],"tintindex":0,"rotation":0,"texture":"#0"},"up":{"uv":[0.5,2.8125,0.46875,2.65625],"tintindex":0,"rotation":0,"texture":"#0"},"down":{"uv":[1.5,3.0625,1.46875,3.21875],"tintindex":0,"rotation":0,"texture":"#0"}},"rotation":{"origin":[11.208633,11.827263,-2.7384834],"angle":-22.5,"axis":"x"}}],"display":{"gui":{"rotation":[30,225,0]}}}