{"textures":{"0":"modelengine:entity/tc_cyclops"},"elements":[{"from":[3.4949899,3.700386,4.062646],"to":[12.494989,6.450386,7.062646],"faces":{"east":{"uv":[6.9375,2.34375,7.03125,2.4375],"tintindex":0,"rotation":0,"texture":"#0"},"south":{"uv":[9.34375,4.875,9.625,4.96875],"tintindex":0,"rotation":0,"texture":"#0"},"north":{"uv":[0.9375,7.34375,1.21875,7.4375],"tintindex":0,"rotation":0,"texture":"#0"},"west":{"uv":[7.40625,4.375,7.5,4.46875],"tintindex":0,"rotation":0,"texture":"#0"},"up":{"uv":[9.6875,6.96875,9.40625,6.875],"tintindex":0,"rotation":0,"texture":"#0"},"down":{"uv":[9.6875,8.09375,9.40625,8.1875],"tintindex":0,"rotation":0,"texture":"#0"}},"rotation":{"origin":[6.79499,5.6836166,0.7597952],"angle":-22.5,"axis":"x"}},{"from":[2.5693698,5.7813263,0.26780796],"to":[5.5693703,7.7813263,8.067808],"faces":{"east":{"uv":[9.78125,9.125,10.03125,9.1875],"tintindex":0,"rotation":0,"texture":"#0"},"south":{"uv":[9.0625,0.1875,9.15625,0.25],"tintindex":0,"rotation":0,"texture":"#0"},"north":{"uv":[8.875,2.46875,8.96875,2.53125],"tintindex":0,"rotation":0,"texture":"#0"},"west":{"uv":[9.8125,2.8125,10.0625,2.875],"tintindex":0,"rotation":0,"texture":"#0"},"up":{"uv":[9.65625,7.96875,9.5625,7.71875],"tintindex":0,"rotation":0,"texture":"#0"},"down":{"uv":[7.875,9.5625,7.78125,9.8125],"tintindex":0,"rotation":0,"texture":"#0"}},"rotation":{"origin":[7.955494,6.8219604,1.3379087],"angle":-22.5,"axis":"z"}},{"from":[5.23499,8.802767,1.257808],"to":[10.754991,9.822767,7.277808],"faces":{"east":{"uv":[4.375,3.53125,4.5625,3.5625],"tintindex":0,"rotation":0,"texture":"#0"},"north":{"uv":[1.0625,5.53125,1.21875,5.5625],"tintindex":0,"rotation":0,"texture":"#0"},"west":{"uv":[5.375,3.09375,5.5625,3.125],"tintindex":0,"rotation":0,"texture":"#0"}}},{"from":[4.5896316,9.261568,4.5078077],"to":[4.609632,12.281569,9.027808],"faces":{"east":{"uv":[8.59375,1.71875,8.71875,1.8125],"tintindex":0,"rotation":0,"texture":"#0"},"west":{"uv":[4.78125,8.625,4.90625,8.71875],"tintindex":0,"rotation":0,"texture":"#0"}}},{"from":[11.441553,9.261568,4.5078077],"to":[11.461554,12.281569,9.027808],"faces":{"east":{"uv":[4.4375,6.875,4.5625,6.96875],"tintindex":0,"rotation":0,"texture":"#0"},"west":{"uv":[7.90625,8.46875,8.03125,8.5625],"tintindex":0,"rotation":0,"texture":"#0"}}},{"from":[3.4949899,3.700386,1.0626459],"to":[12.494989,7.700386,4.062646],"faces":{"east":{"uv":[0.40625,2.9375,0.5,3.0625],"tintindex":0,"rotation":0,"texture":"#0"},"south":{"uv":[1.3125,5.9375,1.59375,6.0625],"tintindex":0,"rotation":0,"texture":"#0"},"north":{"uv":[4.375,3.40625,4.65625,3.53125],"tintindex":0,"rotation":0,"texture":"#0"},"west":{"uv":[4.28125,2.9375,4.375,3.0625],"tintindex":0,"rotation":0,"texture":"#0"},"up":{"uv":[6.9375,3.46875,6.65625,3.375],"tintindex":0,"rotation":0,"texture":"#0"},"down":{"uv":[5.09375,6.96875,4.8125,7.0625],"tintindex":0,"rotation":0,"texture":"#0"}},"rotation":{"origin":[6.79499,5.6836166,0.7597952],"angle":-22.5,"axis":"x"}},{"from":[2.5049899,1.0227716,6.5285883],"to":[13.484989,8.002771,14.508588],"faces":{"east":{"uv":[8.625,2.3125,8.875,2.53125],"tintindex":0,"rotation":0,"texture":"#0"},"south":{"uv":[8.28125,3.46875,8.625,3.6875],"tintindex":0,"rotation":0,"texture":"#0"},"north":{"uv":[8.28125,2.3125,8.625,2.53125],"tintindex":0,"rotation":0,"texture":"#0"},"west":{"uv":[8.625,3.4375,8.875,3.65625],"tintindex":0,"rotation":0,"texture":"#0"},"up":{"uv":[8.15625,2.0625,7.8125,1.8125],"tintindex":0,"rotation":0,"texture":"#0"},"down":{"uv":[8.15625,2.0625,7.8125,2.3125],"tintindex":0,"rotation":0,"texture":"#0"}}},{"from":[5.9949903,9.3153,3.7655888],"to":[9.99499,10.3153,8.765589],"faces":{"east":{"uv":[0.0,5.5,0.15625,5.53125],"tintindex":0,"rotation":0,"texture":"#0"},"south":{"uv":[5.1875,2.0,5.3125,2.03125],"tintindex":0,"rotation":0,"texture":"#0"},"north":{"uv":[4.09375,0.40625,4.21875,0.4375],"tintindex":0,"rotation":0,"texture":"#0"},"west":{"uv":[0.15625,5.5,0.3125,5.53125],"tintindex":0,"rotation":0,"texture":"#0"},"up":{"uv":[6.5,7.3125,6.375,7.15625],"tintindex":0,"rotation":0,"texture":"#0"},"down":{"uv":[5.8125,7.4375,5.6875,7.59375],"tintindex":0,"rotation":0,"texture":"#0"}},"rotation":{"origin":[7.99499,7.507614,4.089469],"angle":22.5,"axis":"x"}},{"from":[6.49499,9.214104,2.872099],"to":[9.49499,10.214104,4.872099],"faces":{"east":{"uv":[3.5625,4.8125,3.625,4.84375],"tintindex":0,"rotation":0,"texture":"#0"},"south":{"uv":[5.65625,4.59375,5.75,4.625],"tintindex":0,"rotation":0,"texture":"#0"},"north":{"uv":[4.5625,3.53125,4.65625,3.5625],"tintindex":0,"rotation":0,"texture":"#0"},"west":{"uv":[4.0,5.125,4.0625,5.15625],"tintindex":0,"rotation":0,"texture":"#0"},"up":{"uv":[4.5625,5.21875,4.46875,5.15625],"tintindex":0,"rotation":0,"texture":"#0"},"down":{"uv":[3.0,7.46875,2.90625,7.53125],"tintindex":0,"rotation":0,"texture":"#0"}}},{"from":[10.634056,6.546692,0.26780796],"to":[13.634056,8.546692,8.067808],"faces":{"east":{"uv":[1.1875,3.5,1.4375,3.5625],"tintindex":0,"rotation":0,"texture":"#0"},"south":{"uv":[5.1875,7.65625,5.28125,7.71875],"tintindex":0,"rotation":0,"texture":"#0"},"north":{"uv":[3.78125,7.59375,3.875,7.65625],"tintindex":0,"rotation":0,"texture":"#0"},"west":{"uv":[4.65625,4.0,4.90625,4.0625],"tintindex":0,"rotation":0,"texture":"#0"},"up":{"uv":[2.59375,5.5625,2.5,5.3125],"tintindex":0,"rotation":0,"texture":"#0"},"down":{"uv":[3.40625,8.0625,3.3125,8.3125],"tintindex":0,"rotation":0,"texture":"#0"}},"rotation":{"origin":[10.095691,6.8219604,1.3379087],"angle":22.5,"axis":"z"}},{"from":[5.5849895,7.6527653,0.25780797],"to":[10.40499,8.822767,8.077808],"faces":{"east":{"uv":[1.5,2.875,1.75,2.90625],"tintindex":0,"rotation":0,"texture":"#0"},"south":{"uv":[4.9375,3.375,5.09375,3.40625],"tintindex":0,"rotation":0,"texture":"#0"},"north":{"uv":[1.75,2.875,1.90625,2.90625],"tintindex":0,"rotation":0,"texture":"#0"},"west":{"uv":[3.84375,0.40625,4.09375,0.4375],"tintindex":0,"rotation":0,"texture":"#0"},"up":{"uv":[1.65625,4.46875,1.5,4.21875],"tintindex":0,"rotation":0,"texture":"#0"},"down":{"uv":[5.09375,3.125,4.9375,3.375],"tintindex":0,"rotation":0,"texture":"#0"}}},{"from":[5.4949903,4.4397583,-0.23046017],"to":[10.49499,8.439758,6.76954],"faces":{"east":{"uv":[7.84375,2.90625,8.0625,3.03125],"tintindex":0,"rotation":0,"texture":"#0"},"south":{"uv":[9.53125,6.59375,9.6875,6.71875],"tintindex":0,"rotation":0,"texture":"#0"},"north":{"uv":[6.3125,4.46875,6.46875,4.59375],"tintindex":0,"rotation":0,"texture":"#0"},"west":{"uv":[9.3125,6.59375,9.53125,6.71875],"tintindex":0,"rotation":0,"texture":"#0"},"up":{"uv":[1.1875,4.21875,1.03125,4.0],"tintindex":0,"rotation":0,"texture":"#0"},"down":{"uv":[6.9375,5.46875,6.78125,5.6875],"tintindex":0,"rotation":0,"texture":"#0"}},"rotation":{"origin":[10.49486,3.8570786,0.54341984],"angle":22.5,"axis":"x"}}],"display":{"gui":{"rotation":[30,225,0]}}}