{"textures":{"0":"modelengine:entity/tc_cyclops"},"elements":[{"from":[4.496043,3.7419147,2.7551193],"to":[11.996043,5.2419147,13.255119],"faces":{"east":{"uv":[8.40625,6.71875,9.0625,6.8125],"tintindex":0,"rotation":0,"texture":"#0"},"south":{"uv":[8.875,3.53125,9.34375,3.625],"tintindex":0,"rotation":0,"texture":"#0"},"north":{"uv":[8.875,3.4375,9.34375,3.53125],"tintindex":0,"rotation":0,"texture":"#0"},"west":{"uv":[8.40625,6.8125,9.0625,6.90625],"tintindex":0,"rotation":0,"texture":"#0"},"up":{"uv":[4.28125,2.40625,3.8125,1.75],"tintindex":0,"rotation":0,"texture":"#0"},"down":{"uv":[4.28125,2.40625,3.8125,3.0625],"tintindex":0,"rotation":0,"texture":"#0"}}},{"from":[5.053134,-1.0450974,2.7551193],"to":[12.553133,0.45490265,13.255119],"faces":{"east":{"uv":[8.375,2.8125,9.03125,2.90625],"tintindex":0,"rotation":0,"texture":"#0"},"south":{"uv":[8.84375,8.09375,9.3125,8.1875],"tintindex":0,"rotation":0,"texture":"#0"},"north":{"uv":[8.84375,8.0,9.3125,8.09375],"tintindex":0,"rotation":0,"texture":"#0"},"west":{"uv":[8.40625,1.28125,9.0625,1.375],"tintindex":0,"rotation":0,"texture":"#0"},"up":{"uv":[4.21875,1.09375,3.75,0.4375],"tintindex":0,"rotation":0,"texture":"#0"},"down":{"uv":[4.25,1.09375,3.78125,1.75],"tintindex":0,"rotation":0,"texture":"#0"}},"rotation":{"origin":[8.053134,-0.29509735,8.255119],"angle":22.5,"axis":"z"}},{"from":[4.5431337,-7.087886,4.452074],"to":[11.553133,-0.0023107529,11.537649],"faces":{"east":{"uv":[5.84375,5.3125,6.28125,5.75],"tintindex":0,"rotation":0,"texture":"#0"},"south":{"uv":[0.0,5.90625,0.4375,6.34375],"tintindex":0,"rotation":0,"texture":"#0"},"north":{"uv":[3.03125,5.78125,3.46875,6.21875],"tintindex":0,"rotation":0,"texture":"#0"},"west":{"uv":[0.4375,5.90625,0.875,6.34375],"tintindex":0,"rotation":0,"texture":"#0"},"up":{"uv":[6.34375,2.59375,5.90625,2.15625],"tintindex":0,"rotation":0,"texture":"#0"},"down":{"uv":[1.3125,5.9375,0.875,6.375],"tintindex":0,"rotation":0,"texture":"#0"}},"rotation":{"origin":[8.048134,-3.5450983,7.9948616],"angle":45.0,"axis":"x"}},{"from":[4.558134,-3.5400982,3.0101194],"to":[11.548134,4.4499025,13.000119],"faces":{"east":{"uv":[2.0625,3.375,2.6875,3.875],"tintindex":0,"rotation":0,"texture":"#0"},"south":{"uv":[5.21875,1.0,5.65625,1.5],"tintindex":0,"rotation":0,"texture":"#0"},"north":{"uv":[5.1875,1.5,5.625,2.0],"tintindex":0,"rotation":0,"texture":"#0"},"west":{"uv":[0.5625,3.5,1.1875,4.0],"tintindex":0,"rotation":0,"texture":"#0"},"up":{"uv":[4.71875,1.84375,4.28125,1.21875],"tintindex":0,"rotation":0,"texture":"#0"},"down":{"uv":[4.71875,1.84375,4.28125,2.46875],"tintindex":0,"rotation":0,"texture":"#0"}}},{"from":[4.5468683,0.907115,4.47759],"to":[11.556869,7.99269,11.563166],"faces":{"east":{"uv":[6.0625,0.0,6.5,0.4375],"tintindex":0,"rotation":0,"texture":"#0"},"south":{"uv":[6.0625,0.4375,6.5,0.875],"tintindex":0,"rotation":0,"texture":"#0"},"north":{"uv":[2.46875,5.9375,2.90625,6.375],"tintindex":0,"rotation":0,"texture":"#0"},"west":{"uv":[1.3125,6.0625,1.75,6.5],"tintindex":0,"rotation":0,"texture":"#0"},"up":{"uv":[6.5,1.75,6.0625,1.3125],"tintindex":0,"rotation":0,"texture":"#0"},"down":{"uv":[2.1875,6.0625,1.75,6.5],"tintindex":0,"rotation":0,"texture":"#0"}},"rotation":{"origin":[8.043134,4.4499016,8.020378],"angle":-45.0,"axis":"x"}},{"from":[3.9791088,0.84072113,2.8801193],"to":[11.479109,1.8407211,13.130119],"faces":{"east":{"uv":[8.65625,1.5,9.3125,1.5625],"tintindex":0,"rotation":0,"texture":"#0"},"south":{"uv":[9.3125,1.21875,9.78125,1.28125],"tintindex":0,"rotation":0,"texture":"#0"},"north":{"uv":[9.28125,6.46875,9.75,6.53125],"tintindex":0,"rotation":0,"texture":"#0"},"west":{"uv":[8.65625,2.65625,9.3125,2.71875],"tintindex":0,"rotation":0,"texture":"#0"},"up":{"uv":[2.125,4.53125,1.65625,3.875],"tintindex":0,"rotation":0,"texture":"#0"},"down":{"uv":[2.59375,3.875,2.125,4.53125],"tintindex":0,"rotation":0,"texture":"#0"}}}],"display":{"gui":{"rotation":[30,225,0]}}}