{"textures":{"0":"modelengine:entity/tc_cyclops"},"elements":[{"from":[4.99,-0.51,4.99],"to":[11.010001,8.51,11.01],"faces":{"east":{"uv":[7.9375,8.71875,8.125,9.0],"tintindex":0,"rotation":0,"texture":"#0"},"south":{"uv":[8.125,8.71875,8.3125,9.0],"tintindex":0,"rotation":0,"texture":"#0"},"north":{"uv":[7.75,8.71875,7.9375,9.0],"tintindex":0,"rotation":0,"texture":"#0"},"west":{"uv":[0.75,8.75,0.9375,9.03125],"tintindex":0,"rotation":0,"texture":"#0"},"up":{"uv":[1.3125,9.375,1.125,9.1875],"tintindex":0,"rotation":0,"texture":"#0"},"down":{"uv":[1.5,9.1875,1.3125,9.375],"tintindex":0,"rotation":0,"texture":"#0"}}}],"display":{"gui":{"rotation":[30,225,0]}}}