{"textures":{"0":"modelengine:entity/tc_cyclops"},"elements":[{"from":[2.3314247,3.9086938,3.5191898],"to":[14.331425,10.908693,15.51919],"faces":{"east":{"uv":[7.875,7.4375,8.25,7.65625],"tintindex":0,"rotation":0,"texture":"#0"},"south":{"uv":[7.90625,0.84375,8.28125,1.0625],"tintindex":0,"rotation":0,"texture":"#0"},"north":{"uv":[7.875,6.03125,8.25,6.25],"tintindex":0,"rotation":0,"texture":"#0"},"west":{"uv":[7.90625,2.3125,8.28125,2.53125],"tintindex":0,"rotation":0,"texture":"#0"},"up":{"uv":[7.3125,5.84375,6.9375,5.46875],"tintindex":0,"rotation":0,"texture":"#0"},"down":{"uv":[6.875,6.9375,6.5,7.3125],"tintindex":0,"rotation":0,"texture":"#0"}}},{"from":[6.821938,4.668244,-3.0088558],"to":[9.821938,10.668243,1.9911442],"faces":{"east":{"uv":[8.09375,5.84375,8.25,6.03125],"tintindex":0,"rotation":0,"texture":"#0"},"south":{"uv":[9.59375,8.1875,9.6875,8.375],"tintindex":0,"rotation":0,"texture":"#0"},"north":{"uv":[9.59375,2.625,9.6875,2.8125],"tintindex":0,"rotation":0,"texture":"#0"},"west":{"uv":[9.25,0.9375,9.40625,1.125],"tintindex":0,"rotation":0,"texture":"#0"},"up":{"uv":[7.78125,9.96875,7.6875,9.8125],"tintindex":0,"rotation":0,"texture":"#0"},"down":{"uv":[7.875,9.8125,7.78125,9.96875],"tintindex":0,"rotation":0,"texture":"#0"}}},{"from":[10.821938,4.668244,-2.5088558],"to":[13.821938,10.668243,2.4911432],"faces":{"east":{"uv":[9.40625,8.40625,9.5625,8.59375],"tintindex":0,"rotation":0,"texture":"#0"},"south":{"uv":[2.90625,9.65625,3.0,9.84375],"tintindex":0,"rotation":0,"texture":"#0"},"north":{"uv":[9.65625,2.8125,9.75,3.0],"tintindex":0,"rotation":0,"texture":"#0"},"west":{"uv":[9.40625,8.59375,9.5625,8.78125],"tintindex":0,"rotation":0,"texture":"#0"},"up":{"uv":[9.9375,4.90625,9.84375,4.75],"tintindex":0,"rotation":0,"texture":"#0"},"down":{"uv":[9.9375,4.90625,9.84375,5.0625],"tintindex":0,"rotation":0,"texture":"#0"}}},{"from":[2.821938,4.668244,-2.5088558],"to":[5.821938,10.668243,2.4911432],"faces":{"east":{"uv":[0.1875,9.375,0.34375,9.5625],"tintindex":0,"rotation":0,"texture":"#0"},"south":{"uv":[9.65625,0.4375,9.75,0.625],"tintindex":0,"rotation":0,"texture":"#0"},"north":{"uv":[0.4375,9.65625,0.53125,9.84375],"tintindex":0,"rotation":0,"texture":"#0"},"west":{"uv":[9.40625,7.90625,9.5625,8.09375],"tintindex":0,"rotation":0,"texture":"#0"},"up":{"uv":[4.09375,10.0,4.0,9.84375],"tintindex":0,"rotation":0,"texture":"#0"},"down":{"uv":[9.9375,4.59375,9.84375,4.75],"tintindex":0,"rotation":0,"texture":"#0"}}},{"from":[10.831938,4.852668,-4.443592],"to":[13.811937,10.832668,-1.4635923],"faces":{"east":{"uv":[1.53125,9.65625,1.625,9.84375],"tintindex":0,"rotation":0,"texture":"#0"},"south":{"uv":[1.96875,9.65625,2.0625,9.84375],"tintindex":0,"rotation":0,"texture":"#0"},"north":{"uv":[0.53125,9.65625,0.625,9.84375],"tintindex":0,"rotation":0,"texture":"#0"},"west":{"uv":[2.8125,9.65625,2.90625,9.84375],"tintindex":0,"rotation":0,"texture":"#0"},"up":{"uv":[8.125,10.15625,8.03125,10.0625],"tintindex":0,"rotation":0,"texture":"#0"},"down":{"uv":[8.21875,10.0625,8.125,10.15625],"tintindex":0,"rotation":0,"texture":"#0"}},"rotation":{"origin":[11.776535,5.86703,-3.9196634],"angle":22.5,"axis":"x"}},{"from":[2.831938,4.852668,-4.443592],"to":[5.811938,10.832668,-1.4635923],"faces":{"east":{"uv":[8.84375,9.625,8.9375,9.8125],"tintindex":0,"rotation":0,"texture":"#0"},"south":{"uv":[8.9375,9.625,9.03125,9.8125],"tintindex":0,"rotation":0,"texture":"#0"},"north":{"uv":[7.53125,9.625,7.625,9.8125],"tintindex":0,"rotation":0,"texture":"#0"},"west":{"uv":[9.59375,9.625,9.6875,9.8125],"tintindex":0,"rotation":0,"texture":"#0"},"up":{"uv":[7.9375,10.15625,7.84375,10.0625],"tintindex":0,"rotation":0,"texture":"#0"},"down":{"uv":[8.03125,10.0625,7.9375,10.15625],"tintindex":0,"rotation":0,"texture":"#0"}},"rotation":{"origin":[3.7765346,5.86703,-3.9196634],"angle":22.5,"axis":"x"}},{"from":[2.5814252,3.814609,15.515394],"to":[14.081425,10.31461,18.265394],"faces":{"east":{"uv":[7.96875,9.5625,8.0625,9.78125],"tintindex":0,"rotation":0,"texture":"#0"},"south":{"uv":[3.78125,7.90625,4.15625,8.125],"tintindex":0,"rotation":0,"texture":"#0"},"north":{"uv":[7.90625,3.53125,8.28125,3.75],"tintindex":0,"rotation":0,"texture":"#0"},"west":{"uv":[8.0625,9.5625,8.15625,9.78125],"tintindex":0,"rotation":0,"texture":"#0"},"up":{"uv":[9.3125,5.40625,8.9375,5.3125],"tintindex":0,"rotation":0,"texture":"#0"},"down":{"uv":[9.3125,8.375,8.9375,8.46875],"tintindex":0,"rotation":0,"texture":"#0"}},"rotation":{"origin":[8.387062,3.7086005,15.39896],"angle":-22.5,"axis":"x"}},{"from":[2.3414247,5.275927,2.3309667],"to":[14.3214245,10.255926,7.3109665],"faces":{"east":{"uv":[6.34375,2.4375,6.5,2.59375],"tintindex":0,"rotation":0,"texture":"#0"},"south":{"uv":[8.5,5.96875,8.875,6.125],"tintindex":0,"rotation":0,"texture":"#0"},"north":{"uv":[8.5,5.8125,8.875,5.96875],"tintindex":0,"rotation":0,"texture":"#0"},"west":{"uv":[1.6875,6.8125,1.84375,6.96875],"tintindex":0,"rotation":0,"texture":"#0"},"up":{"uv":[8.875,6.28125,8.5,6.125],"tintindex":0,"rotation":0,"texture":"#0"},"down":{"uv":[8.875,6.28125,8.5,6.4375],"tintindex":0,"rotation":0,"texture":"#0"}},"rotation":{"origin":[8.331425,9.140926,3.6959667],"angle":45.0,"axis":"x"}},{"from":[6.8319383,4.852668,-4.943592],"to":[9.811937,10.832668,-1.9635923],"faces":{"east":{"uv":[0.09375,9.625,0.1875,9.8125],"tintindex":0,"rotation":0,"texture":"#0"},"south":{"uv":[9.625,1.59375,9.71875,1.78125],"tintindex":0,"rotation":0,"texture":"#0"},"north":{"uv":[9.59375,9.4375,9.6875,9.625],"tintindex":0,"rotation":0,"texture":"#0"},"west":{"uv":[9.625,3.65625,9.71875,3.84375],"tintindex":0,"rotation":0,"texture":"#0"},"up":{"uv":[10.15625,1.46875,10.0625,1.375],"tintindex":0,"rotation":0,"texture":"#0"},"down":{"uv":[1.75,10.0625,1.65625,10.15625],"tintindex":0,"rotation":0,"texture":"#0"}},"rotation":{"origin":[7.776535,5.86703,-4.4196634],"angle":22.5,"axis":"x"}}],"display":{"gui":{"rotation":[30,225,0]}}}