{"textures":{"0":"modelengine:entity/tc_cyclops"},"elements":[{"from":[1.251873,-0.15327358,0.032785416],"to":[15.251873,8.846727,12.032785],"faces":{"east":{"uv":[7.46875,2.75,7.84375,3.03125],"tintindex":0,"rotation":0,"texture":"#0"},"south":{"uv":[3.0,7.25,3.4375,7.53125],"tintindex":0,"rotation":0,"texture":"#0"},"north":{"uv":[7.15625,7.21875,7.59375,7.5],"tintindex":0,"rotation":0,"texture":"#0"},"west":{"uv":[1.21875,7.5,1.59375,7.78125],"tintindex":0,"rotation":0,"texture":"#0"},"up":{"uv":[6.9375,3.84375,6.5,3.46875],"tintindex":0,"rotation":0,"texture":"#0"},"down":{"uv":[4.59375,6.5,4.15625,6.875],"tintindex":0,"rotation":0,"texture":"#0"}}},{"from":[0.6518731,-7.1532736,-0.46721458],"to":[15.651873,-0.15327358,12.532785],"faces":{"east":{"uv":[3.59375,5.40625,4.0,5.625],"tintindex":0,"rotation":0,"texture":"#0"},"south":{"uv":[2.65625,7.53125,3.125,7.75],"tintindex":0,"rotation":0,"texture":"#0"},"north":{"uv":[7.40625,7.5,7.875,7.71875],"tintindex":0,"rotation":0,"texture":"#0"},"west":{"uv":[7.78125,3.8125,8.1875,4.03125],"tintindex":0,"rotation":0,"texture":"#0"},"up":{"uv":[3.9375,6.46875,3.46875,6.0625],"tintindex":0,"rotation":0,"texture":"#0"},"down":{"uv":[4.40625,6.0625,3.9375,6.46875],"tintindex":0,"rotation":0,"texture":"#0"}}},{"from":[3.2668734,4.8128204,-1.2665157],"to":[13.266873,12.81282,3.7334843],"faces":{"east":{"uv":[8.875,6.1875,9.03125,6.4375],"tintindex":0,"rotation":0,"texture":"#0"},"south":{"uv":[8.0,7.1875,8.3125,7.4375],"tintindex":0,"rotation":0,"texture":"#0"},"north":{"uv":[8.0,6.9375,8.3125,7.1875],"tintindex":0,"rotation":0,"texture":"#0"},"west":{"uv":[8.875,8.5,9.03125,8.75],"tintindex":0,"rotation":0,"texture":"#0"},"up":{"uv":[6.8125,1.75,6.5,1.59375],"tintindex":0,"rotation":0,"texture":"#0"},"down":{"uv":[9.0625,7.03125,8.75,7.1875],"tintindex":0,"rotation":0,"texture":"#0"}},"rotation":{"origin":[8.266873,8.31282,2.7334843],"angle":-22.5,"axis":"x"}},{"from":[1.6518731,-6.8456697,-1.9207878],"to":[14.651874,-0.84566975,2.0792127],"faces":{"east":{"uv":[7.28125,7.78125,7.40625,7.96875],"tintindex":0,"rotation":0,"texture":"#0"},"south":{"uv":[8.09375,0.65625,8.5,0.84375],"tintindex":0,"rotation":0,"texture":"#0"},"north":{"uv":[5.65625,1.3125,6.0625,1.5],"tintindex":0,"rotation":0,"texture":"#0"},"west":{"uv":[6.71875,7.8125,6.84375,8.0],"tintindex":0,"rotation":0,"texture":"#0"},"up":{"uv":[0.40625,3.0625,0.0,2.9375],"tintindex":0,"rotation":0,"texture":"#0"},"down":{"uv":[7.8125,2.21875,7.40625,2.34375],"tintindex":0,"rotation":0,"texture":"#0"}},"rotation":{"origin":[9.151874,-3.3456697,-0.4207878],"angle":-22.5,"axis":"x"}},{"from":[3.901873,-9.303272,1.9327855],"to":[12.401874,-5.9032736,10.432785],"faces":{"east":{"uv":[9.40625,8.78125,9.6875,8.875],"tintindex":0,"rotation":0,"texture":"#0"},"south":{"uv":[9.46875,6.34375,9.71875,6.4375],"tintindex":0,"rotation":0,"texture":"#0"},"north":{"uv":[9.46875,6.25,9.71875,6.34375],"tintindex":0,"rotation":0,"texture":"#0"},"west":{"uv":[9.4375,1.28125,9.71875,1.375],"tintindex":0,"rotation":0,"texture":"#0"},"up":{"uv":[0.25,8.59375,0.0,8.3125],"tintindex":0,"rotation":0,"texture":"#0"},"down":{"uv":[2.15625,8.3125,1.90625,8.59375],"tintindex":0,"rotation":0,"texture":"#0"}}},{"from":[1.6618731,-2.5937245,-1.7575066],"to":[14.641873,5.3862743,2.222494],"faces":{"east":{"uv":[6.875,6.375,7.0,6.625],"tintindex":0,"rotation":0,"texture":"#0"},"south":{"uv":[7.59375,6.9375,8.0,7.1875],"tintindex":0,"rotation":0,"texture":"#0"},"north":{"uv":[5.6875,7.59375,6.09375,7.84375],"tintindex":0,"rotation":0,"texture":"#0"},"west":{"uv":[8.53125,9.1875,8.65625,9.4375],"tintindex":0,"rotation":0,"texture":"#0"},"up":{"uv":[8.96875,5.71875,8.5625,5.59375],"tintindex":0,"rotation":0,"texture":"#0"},"down":{"uv":[9.0625,1.09375,8.65625,1.21875],"tintindex":0,"rotation":0,"texture":"#0"}},"rotation":{"origin":[8.151874,0.39627552,0.23249388],"angle":22.5,"axis":"x"}}],"display":{"gui":{"rotation":[30,225,0]}}}