{"textures":{"0":"modelengine:entity/tc_cyclops"},"elements":[{"from":[4.003957,3.7419147,2.7551193],"to":[11.503957,5.2419147,13.255119],"faces":{"east":{"uv":[8.34375,4.25,9.0,4.34375],"tintindex":0,"rotation":0,"texture":"#0"},"south":{"uv":[8.84375,7.90625,9.3125,8.0],"tintindex":0,"rotation":0,"texture":"#0"},"north":{"uv":[8.84375,6.625,9.3125,6.71875],"tintindex":0,"rotation":0,"texture":"#0"},"west":{"uv":[8.375,2.71875,9.03125,2.8125],"tintindex":0,"rotation":0,"texture":"#0"},"up":{"uv":[4.09375,4.21875,3.625,3.5625],"tintindex":0,"rotation":0,"texture":"#0"},"down":{"uv":[0.46875,3.71875,0.0,4.375],"tintindex":0,"rotation":0,"texture":"#0"}}},{"from":[3.4468665,-1.0450974,2.7551193],"to":[10.946866,0.45490265,13.255119],"faces":{"east":{"uv":[8.3125,5.71875,8.96875,5.8125],"tintindex":0,"rotation":0,"texture":"#0"},"south":{"uv":[8.59375,0.46875,9.0625,0.5625],"tintindex":0,"rotation":0,"texture":"#0"},"north":{"uv":[5.09375,3.90625,5.5625,4.0],"tintindex":0,"rotation":0,"texture":"#0"},"west":{"uv":[8.34375,0.5625,9.0,0.65625],"tintindex":0,"rotation":0,"texture":"#0"},"up":{"uv":[0.46875,2.9375,0.0,2.28125],"tintindex":0,"rotation":0,"texture":"#0"},"down":{"uv":[3.15625,3.375,2.6875,4.03125],"tintindex":0,"rotation":0,"texture":"#0"}},"rotation":{"origin":[7.946866,-0.29509735,8.255119],"angle":-22.5,"axis":"z"}},{"from":[4.5208917,0.84072113,2.8801193],"to":[12.020891,1.8407211,13.130119],"faces":{"east":{"uv":[8.59375,4.1875,9.25,4.25],"tintindex":0,"rotation":0,"texture":"#0"},"south":{"uv":[9.09375,6.53125,9.5625,6.59375],"tintindex":0,"rotation":0,"texture":"#0"},"north":{"uv":[9.0625,2.59375,9.53125,2.65625],"tintindex":0,"rotation":0,"texture":"#0"},"west":{"uv":[8.65625,1.21875,9.3125,1.28125],"tintindex":0,"rotation":0,"texture":"#0"},"up":{"uv":[1.65625,4.21875,1.1875,3.5625],"tintindex":0,"rotation":0,"texture":"#0"},"down":{"uv":[3.625,3.5625,3.15625,4.21875],"tintindex":0,"rotation":0,"texture":"#0"}}},{"from":[4.4468665,-7.087886,4.452074],"to":[11.456866,-0.0023107529,11.537649],"faces":{"east":{"uv":[5.625,0.4375,6.0625,0.875],"tintindex":0,"rotation":0,"texture":"#0"},"south":{"uv":[5.625,1.5,6.0625,1.9375],"tintindex":0,"rotation":0,"texture":"#0"},"north":{"uv":[5.625,0.0,6.0625,0.4375],"tintindex":0,"rotation":0,"texture":"#0"},"west":{"uv":[1.59375,5.625,2.03125,6.0625],"tintindex":0,"rotation":0,"texture":"#0"},"up":{"uv":[2.46875,6.0625,2.03125,5.625],"tintindex":0,"rotation":0,"texture":"#0"},"down":{"uv":[4.03125,5.625,3.59375,6.0625],"tintindex":0,"rotation":0,"texture":"#0"}},"rotation":{"origin":[7.951866,-3.5450983,7.9948616],"angle":45.0,"axis":"x"}},{"from":[4.4518666,-3.5400982,3.0101194],"to":[11.441866,4.4499025,13.000119],"faces":{"east":{"uv":[3.1875,2.5625,3.8125,3.0625],"tintindex":0,"rotation":0,"texture":"#0"},"south":{"uv":[5.1875,0.5,5.625,1.0],"tintindex":0,"rotation":0,"texture":"#0"},"north":{"uv":[5.1875,0.0,5.625,0.5],"tintindex":0,"rotation":0,"texture":"#0"},"west":{"uv":[3.1875,3.0625,3.8125,3.5625],"tintindex":0,"rotation":0,"texture":"#0"},"up":{"uv":[4.0625,4.84375,3.625,4.21875],"tintindex":0,"rotation":0,"texture":"#0"},"down":{"uv":[4.6875,0.59375,4.25,1.21875],"tintindex":0,"rotation":0,"texture":"#0"}}},{"from":[4.4431314,0.907115,4.47759],"to":[11.453132,7.99269,11.563166],"faces":{"east":{"uv":[5.65625,0.875,6.09375,1.3125],"tintindex":0,"rotation":0,"texture":"#0"},"south":{"uv":[5.75,3.28125,6.1875,3.71875],"tintindex":0,"rotation":0,"texture":"#0"},"north":{"uv":[4.03125,5.625,4.46875,6.0625],"tintindex":0,"rotation":0,"texture":"#0"},"west":{"uv":[4.78125,5.75,5.21875,6.1875],"tintindex":0,"rotation":0,"texture":"#0"},"up":{"uv":[5.65625,6.1875,5.21875,5.75],"tintindex":0,"rotation":0,"texture":"#0"},"down":{"uv":[6.09375,5.75,5.65625,6.1875],"tintindex":0,"rotation":0,"texture":"#0"}},"rotation":{"origin":[7.9568663,4.4499016,8.020378],"angle":-45.0,"axis":"x"}}],"display":{"gui":{"rotation":[30,225,0]}}}