{"textures":{"0":"modelengine:entity/tc_cyclops"},"elements":[{"from":[7.0,8.0,7.0],"to":[9.0,10.0,9.0],"faces":{"east":{"uv":[15.9375,0.0,16.0,0.0625],"tintindex":0,"rotation":0,"texture":"#0"},"south":{"uv":[15.9375,0.0,16.0,0.0625],"tintindex":0,"rotation":0,"texture":"#0"},"north":{"uv":[15.9375,0.0,16.0,0.0625],"tintindex":0,"rotation":0,"texture":"#0"},"west":{"uv":[15.9375,0.0,16.0,0.0625],"tintindex":0,"rotation":0,"texture":"#0"},"up":{"uv":[15.9375,0.0,16.0,0.0625],"tintindex":0,"rotation":0,"texture":"#0"},"down":{"uv":[15.9375,0.0,16.0,0.0625],"tintindex":0,"rotation":0,"texture":"#0"}}}],"display":{"gui":{"rotation":[30,225,0]}}}