{"textures":{"0":"modelengine:entity/tc_cyclops"},"elements":[{"from":[2.7590113,-4.038678,3.7233982],"to":[13.259011,0.9613228,6.723398],"faces":{"east":{"uv":[4.21875,8.5,4.40625,8.8125],"tintindex":0,"rotation":0,"texture":"#0"},"south":{"uv":[1.84375,5.3125,2.5,5.625],"tintindex":0,"rotation":0,"texture":"#0"},"north":{"uv":[5.09375,3.59375,5.75,3.90625],"tintindex":0,"rotation":0,"texture":"#0"},"west":{"uv":[4.40625,8.5,4.59375,8.8125],"tintindex":0,"rotation":0,"texture":"#0"},"up":{"uv":[7.59375,6.03125,6.9375,5.84375],"tintindex":0,"rotation":0,"texture":"#0"},"down":{"uv":[7.65625,6.75,7.0,6.9375],"tintindex":0,"rotation":0,"texture":"#0"}},"rotation":{"origin":[8.009011,-1.2886782,3.5983982],"angle":22.5,"axis":"x"}},{"from":[2.9279132,-1.1676817,5.4627686],"to":[12.927914,1.8323174,13.462769],"faces":{"east":{"uv":[0.90625,5.34375,1.40625,5.53125],"tintindex":0,"rotation":0,"texture":"#0"},"south":{"uv":[7.3125,5.46875,7.9375,5.65625],"tintindex":0,"rotation":0,"texture":"#0"},"north":{"uv":[7.15625,5.28125,7.78125,5.46875],"tintindex":0,"rotation":0,"texture":"#0"},"west":{"uv":[7.59375,5.84375,8.09375,6.03125],"tintindex":0,"rotation":0,"texture":"#0"},"up":{"uv":[3.78125,2.0625,3.15625,1.5625],"tintindex":0,"rotation":0,"texture":"#0"},"down":{"uv":[3.8125,2.0625,3.1875,2.5625],"tintindex":0,"rotation":0,"texture":"#0"}},"rotation":{"origin":[7.927909,1.3079433,10.637769],"angle":22.5,"axis":"x"}},{"from":[9.427922,0.7113228,4.098398],"to":[16.927921,5.211323,13.598398],"faces":{"east":{"uv":[6.46875,4.75,7.0625,5.03125],"tintindex":0,"rotation":0,"texture":"#0"},"south":{"uv":[7.09375,0.0,7.5625,0.28125],"tintindex":0,"rotation":0,"texture":"#0"},"north":{"uv":[4.8125,7.0625,5.28125,7.34375],"tintindex":0,"rotation":0,"texture":"#0"},"west":{"uv":[6.5,0.0,7.09375,0.28125],"tintindex":0,"rotation":0,"texture":"#0"},"up":{"uv":[4.5625,4.65625,4.09375,4.0625],"tintindex":0,"rotation":0,"texture":"#0"},"down":{"uv":[4.6875,0.0,4.21875,0.59375],"tintindex":0,"rotation":0,"texture":"#0"}},"rotation":{"origin":[12.427921,2.9613228,8.848398],"angle":22.5,"axis":"z"}},{"from":[4.2590113,7.7543755,3.7174392],"to":[11.759011,11.754375,4.717439],"faces":{"east":{"uv":[3.40625,6.21875,3.46875,6.46875],"tintindex":0,"rotation":0,"texture":"#0"},"south":{"uv":[4.4375,7.34375,4.90625,7.59375],"tintindex":0,"rotation":0,"texture":"#0"},"north":{"uv":[6.375,7.3125,6.84375,7.5625],"tintindex":0,"rotation":0,"texture":"#0"},"west":{"uv":[6.25,4.1875,6.3125,4.4375],"tintindex":0,"rotation":0,"texture":"#0"},"up":{"uv":[3.53125,5.40625,3.0625,5.34375],"tintindex":0,"rotation":0,"texture":"#0"},"down":{"uv":[7.03125,1.21875,6.5625,1.28125],"tintindex":0,"rotation":0,"texture":"#0"}}},{"from":[-0.9098997,0.7113228,4.098398],"to":[6.590101,5.211323,13.598398],"faces":{"east":{"uv":[6.5,0.28125,7.09375,0.5625],"tintindex":0,"rotation":0,"texture":"#0"},"south":{"uv":[7.09375,0.5625,7.5625,0.84375],"tintindex":0,"rotation":0,"texture":"#0"},"north":{"uv":[7.09375,0.28125,7.5625,0.5625],"tintindex":0,"rotation":0,"texture":"#0"},"west":{"uv":[6.5,0.5625,7.09375,0.84375],"tintindex":0,"rotation":0,"texture":"#0"},"up":{"uv":[1.5,4.8125,1.03125,4.21875],"tintindex":0,"rotation":0,"texture":"#0"},"down":{"uv":[3.625,4.21875,3.15625,4.8125],"tintindex":0,"rotation":0,"texture":"#0"}},"rotation":{"origin":[3.0901008,2.9613228,8.848398],"angle":-22.5,"axis":"z"}},{"from":[8.499011,2.7013226,3.338398],"to":[12.5190115,6.721323,4.3583984],"faces":{"east":{"uv":[9.8125,5.125,9.875,5.375],"tintindex":0,"rotation":0,"texture":"#0"},"south":{"uv":[6.03125,8.3125,6.28125,8.5625],"tintindex":0,"rotation":0,"texture":"#0"},"north":{"uv":[8.3125,5.46875,8.5625,5.71875],"tintindex":0,"rotation":0,"texture":"#0"},"west":{"uv":[9.8125,5.375,9.875,5.625],"tintindex":0,"rotation":0,"texture":"#0"},"up":{"uv":[5.875,2.0,5.625,1.9375],"tintindex":0,"rotation":0,"texture":"#0"},"down":{"uv":[2.90625,7.46875,2.65625,7.53125],"tintindex":0,"rotation":0,"texture":"#0"}},"rotation":{"origin":[8.509011,2.7113228,3.3483982],"angle":-45.0,"axis":"z"}},{"from":[2.0090113,-3.5386782,10.421305],"to":[14.009011,1.4613228,14.421305],"faces":{"east":{"uv":[4.15625,8.0,4.40625,8.3125],"tintindex":0,"rotation":0,"texture":"#0"},"south":{"uv":[5.0,4.625,5.75,4.9375],"tintindex":0,"rotation":0,"texture":"#0"},"north":{"uv":[1.84375,5.0,2.59375,5.3125],"tintindex":0,"rotation":0,"texture":"#0"},"west":{"uv":[4.40625,8.0,4.65625,8.3125],"tintindex":0,"rotation":0,"texture":"#0"},"down":{"uv":[6.8125,5.0625,6.0625,5.3125],"tintindex":0,"rotation":0,"texture":"#0"}},"rotation":{"origin":[8.009011,-1.2886782,15.171305],"angle":-22.5,"axis":"x"}},{"from":[0.844378,4.8356514,3.343398],"to":[2.344378,7.3356514,4.343398],"faces":{"east":{"uv":[10.0625,0.71875,10.125,0.875],"tintindex":0,"rotation":0,"texture":"#0"},"south":{"uv":[3.71875,9.84375,3.8125,10.0],"tintindex":0,"rotation":0,"texture":"#0"},"north":{"uv":[3.625,9.84375,3.71875,10.0],"tintindex":0,"rotation":0,"texture":"#0"},"west":{"uv":[0.875,10.0625,0.9375,10.21875],"tintindex":0,"rotation":0,"texture":"#0"},"up":{"uv":[9.5,2.875,9.40625,2.8125],"tintindex":0,"rotation":0,"texture":"#0"},"down":{"uv":[9.53125,1.375,9.4375,1.4375],"tintindex":0,"rotation":0,"texture":"#0"}},"rotation":{"origin":[2.344378,-16.164349,3.593398],"angle":-22.5,"axis":"z"}},{"from":[1.8140111,4.7702484,4.618445],"to":[14.204011,11.770248,13.118444],"faces":{"east":{"uv":[5.0,4.9375,5.53125,5.375],"tintindex":0,"rotation":0,"texture":"#0"},"south":{"uv":[0.5625,3.0625,1.34375,3.5],"tintindex":0,"rotation":0,"texture":"#0"},"north":{"uv":[3.0625,0.0,3.84375,0.4375],"tintindex":0,"rotation":0,"texture":"#0"},"west":{"uv":[5.03125,4.0,5.5625,4.4375],"tintindex":0,"rotation":0,"texture":"#0"},"up":{"uv":[3.1875,2.84375,2.40625,2.3125],"tintindex":0,"rotation":0,"texture":"#0"},"down":{"uv":[3.1875,2.84375,2.40625,3.375],"tintindex":0,"rotation":0,"texture":"#0"}}},{"from":[13.673645,4.8356514,3.343398],"to":[15.173645,7.3356514,4.343398],"faces":{"east":{"uv":[1.0,10.0625,1.0625,10.21875],"tintindex":0,"rotation":0,"texture":"#0"},"south":{"uv":[9.84375,3.90625,9.9375,4.0625],"tintindex":0,"rotation":0,"texture":"#0"},"north":{"uv":[3.90625,9.84375,4.0,10.0],"tintindex":0,"rotation":0,"texture":"#0"},"west":{"uv":[1.0625,10.0625,1.125,10.21875],"tintindex":0,"rotation":0,"texture":"#0"},"up":{"uv":[9.5625,7.53125,9.46875,7.46875],"tintindex":0,"rotation":0,"texture":"#0"},"down":{"uv":[9.65625,6.53125,9.5625,6.59375],"tintindex":0,"rotation":0,"texture":"#0"}},"rotation":{"origin":[13.673645,-16.164349,3.593398],"angle":22.5,"axis":"z"}},{"from":[3.499011,2.7013226,3.338398],"to":[7.5190115,6.721323,4.3583984],"faces":{"east":{"uv":[6.875,9.8125,6.9375,10.0625],"tintindex":0,"rotation":0,"texture":"#0"},"south":{"uv":[0.25,8.40625,0.5,8.65625],"tintindex":0,"rotation":0,"texture":"#0"},"north":{"uv":[4.65625,8.375,4.90625,8.625],"tintindex":0,"rotation":0,"texture":"#0"},"west":{"uv":[7.0625,9.8125,7.125,10.0625],"tintindex":0,"rotation":0,"texture":"#0"},"up":{"uv":[10.0625,2.9375,9.8125,2.875],"tintindex":0,"rotation":0,"texture":"#0"},"down":{"uv":[10.0625,4.375,9.8125,4.4375],"tintindex":0,"rotation":0,"texture":"#0"}},"rotation":{"origin":[7.5090117,2.7113228,3.3483982],"angle":45.0,"axis":"z"}},{"from":[0.7840109,9.917206,5.5725803],"to":[15.234011,20.180954,14.57258],"faces":{"east":{"uv":[1.5,2.90625,2.0625,3.5625],"tintindex":0,"rotation":0,"texture":"#0"},"south":{"uv":[0.0,0.65625,0.90625,1.3125],"tintindex":0,"rotation":0,"texture":"#0"},"north":{"uv":[0.0,0.0,0.90625,0.65625],"tintindex":0,"rotation":0,"texture":"#0"},"west":{"uv":[0.0,3.0625,0.5625,3.71875],"tintindex":0,"rotation":0,"texture":"#0"},"up":{"uv":[1.8125,0.5625,0.90625,0.0],"tintindex":0,"rotation":0,"texture":"#0"},"down":{"uv":[1.8125,0.5625,0.90625,1.125],"tintindex":0,"rotation":0,"texture":"#0"}},"rotation":{"origin":[8.009011,11.404947,9.330117],"angle":22.5,"axis":"x"}},{"from":[10.627538,3.468153,5.2030435],"to":[12.667538,6.8681526,12.316481],"faces":{"east":{"uv":[7.65625,6.71875,8.09375,6.9375],"tintindex":0,"rotation":0,"texture":"#0"},"south":{"uv":[9.4375,4.625,9.5625,4.84375],"tintindex":0,"rotation":0,"texture":"#0"},"north":{"uv":[3.0625,9.4375,3.1875,9.65625],"tintindex":0,"rotation":0,"texture":"#0"},"west":{"uv":[0.34375,7.71875,0.78125,7.9375],"tintindex":0,"rotation":0,"texture":"#0"},"up":{"uv":[1.46875,3.5,1.34375,3.0625],"tintindex":0,"rotation":0,"texture":"#0"},"down":{"uv":[4.84375,2.03125,4.71875,2.46875],"tintindex":0,"rotation":0,"texture":"#0"}},"rotation":{"origin":[8.509011,11.529947,9.330117],"angle":22.5,"axis":"z"}},{"from":[4.2640114,6.017993,4.536266],"to":[11.754011,8.507993,5.5262656],"faces":{"east":{"uv":[4.40625,6.34375,4.46875,6.5],"tintindex":0,"rotation":0,"texture":"#0"},"south":{"uv":[8.28125,4.8125,8.75,4.96875],"tintindex":0,"rotation":0,"texture":"#0"},"north":{"uv":[8.28125,4.65625,8.75,4.8125],"tintindex":0,"rotation":0,"texture":"#0"},"west":{"uv":[7.3125,3.59375,7.375,3.75],"tintindex":0,"rotation":0,"texture":"#0"},"up":{"uv":[9.4375,7.90625,8.96875,7.84375],"tintindex":0,"rotation":0,"texture":"#0"},"down":{"uv":[9.46875,3.375,9.0,3.4375],"tintindex":0,"rotation":0,"texture":"#0"}},"rotation":{"origin":[7.1090117,6.0879936,6.0312657],"angle":-22.5,"axis":"x"}},{"from":[7.3593683,-0.6499481,3.3483982],"to":[8.859368,1.8500519,4.348398],"faces":{"east":{"uv":[10.0625,0.875,10.125,1.03125],"tintindex":0,"rotation":0,"texture":"#0"},"south":{"uv":[3.8125,9.84375,3.90625,10.0],"tintindex":0,"rotation":0,"texture":"#0"},"north":{"uv":[9.84375,3.75,9.9375,3.90625],"tintindex":0,"rotation":0,"texture":"#0"},"west":{"uv":[0.9375,10.0625,1.0,10.21875],"tintindex":0,"rotation":0,"texture":"#0"},"up":{"uv":[9.53125,7.90625,9.4375,7.84375],"tintindex":0,"rotation":0,"texture":"#0"},"down":{"uv":[9.5625,6.03125,9.46875,6.09375],"tintindex":0,"rotation":0,"texture":"#0"}},"rotation":{"origin":[7.3593683,6.350052,3.5983982],"angle":-22.5,"axis":"z"}},{"from":[6.0090113,0.7113228,3.0983982],"to":[10.009011,4.711323,4.098398],"faces":{"east":{"uv":[2.15625,8.3125,2.21875,8.5625],"tintindex":0,"rotation":0,"texture":"#0"},"south":{"uv":[8.3125,5.21875,8.5625,5.46875],"tintindex":0,"rotation":0,"texture":"#0"},"north":{"uv":[8.3125,4.96875,8.5625,5.21875],"tintindex":0,"rotation":0,"texture":"#0"},"west":{"uv":[9.78125,4.875,9.84375,5.125],"tintindex":0,"rotation":0,"texture":"#0"},"up":{"uv":[5.78125,5.375,5.53125,5.3125],"tintindex":0,"rotation":0,"texture":"#0"},"down":{"uv":[1.84375,5.5625,1.59375,5.625],"tintindex":0,"rotation":0,"texture":"#0"}},"rotation":{"origin":[8.009011,2.7113228,3.5983982],"angle":45.0,"axis":"z"}},{"from":[4.5040116,0.44093037,4.093398],"to":[11.514011,4.9509306,13.603398],"faces":{"east":{"uv":[6.34375,2.15625,6.9375,2.4375],"tintindex":0,"rotation":0,"texture":"#0"},"south":{"uv":[1.21875,7.21875,1.65625,7.5],"tintindex":0,"rotation":0,"texture":"#0"},"north":{"uv":[7.15625,6.9375,7.59375,7.21875],"tintindex":0,"rotation":0,"texture":"#0"},"west":{"uv":[6.46875,4.46875,7.0625,4.75],"tintindex":0,"rotation":0,"texture":"#0"},"up":{"uv":[5.0,5.21875,4.5625,4.625],"tintindex":0,"rotation":0,"texture":"#0"},"down":{"uv":[5.09375,3.40625,4.65625,4.0],"tintindex":0,"rotation":0,"texture":"#0"}}},{"from":[7.1586547,-0.6499481,3.3483982],"to":[8.658655,1.8500519,4.348398],"faces":{"east":{"uv":[8.96875,1.5625,9.03125,1.71875],"tintindex":0,"rotation":0,"texture":"#0"},"south":{"uv":[3.0625,0.4375,3.15625,0.59375],"tintindex":0,"rotation":0,"texture":"#0"},"north":{"uv":[1.8125,0.96875,1.90625,1.125],"tintindex":0,"rotation":0,"texture":"#0"},"west":{"uv":[8.875,8.96875,8.9375,9.125],"tintindex":0,"rotation":0,"texture":"#0"},"up":{"uv":[8.65625,7.4375,8.5625,7.375],"tintindex":0,"rotation":0,"texture":"#0"},"down":{"uv":[3.875,8.625,3.78125,8.6875],"tintindex":0,"rotation":0,"texture":"#0"}},"rotation":{"origin":[8.658655,6.350052,3.5983982],"angle":22.5,"axis":"z"}},{"from":[3.3504844,3.468153,5.2030435],"to":[5.390485,6.8681526,12.316481],"faces":{"east":{"uv":[0.78125,7.71875,1.21875,7.9375],"tintindex":0,"rotation":0,"texture":"#0"},"south":{"uv":[5.28125,9.4375,5.40625,9.65625],"tintindex":0,"rotation":0,"texture":"#0"},"north":{"uv":[9.4375,5.1875,9.5625,5.40625],"tintindex":0,"rotation":0,"texture":"#0"},"west":{"uv":[5.1875,7.71875,5.625,7.9375],"tintindex":0,"rotation":0,"texture":"#0"},"up":{"uv":[4.15625,7.375,4.03125,6.9375],"tintindex":0,"rotation":0,"texture":"#0"},"down":{"uv":[3.21875,8.625,3.09375,9.0625],"tintindex":0,"rotation":0,"texture":"#0"}},"rotation":{"origin":[7.5090113,11.529947,9.330117],"angle":-22.5,"axis":"z"}}],"display":{"gui":{"rotation":[30,225,0]}}}