{"textures":{"0":"modelengine:entity/specter_texture"},"elements":[{"from":[12.0365,8.25,0.25],"to":[12.0365,10.25,5.25],"faces":{"east":{"uv":[8.375,1.75,7.75,2.0],"tintindex":0,"rotation":0,"texture":"#0"},"west":{"uv":[7.75,1.75,8.375,2.0],"tintindex":0,"rotation":0,"texture":"#0"}}},{"from":[3.9625,6.25,0.25],"to":[12.0375,8.25,8.25],"faces":{"east":{"uv":[6.375,5.25,7.375,5.5],"tintindex":0,"rotation":0,"texture":"#0"},"south":{"uv":[6.375,5.625,7.375,5.875],"tintindex":0,"rotation":0,"texture":"#0"},"north":{"uv":[6.0,4.875,7.0,5.125],"tintindex":0,"rotation":0,"texture":"#0"},"west":{"uv":[6.375,6.0,7.375,6.25],"tintindex":0,"rotation":0,"texture":"#0"},"up":{"uv":[3.75,3.125,2.75,2.125],"tintindex":0,"rotation":0,"texture":"#0"},"down":{"uv":[3.5,3.25,2.5,4.25],"tintindex":0,"rotation":0,"texture":"#0"}}},{"from":[4.0,8.25,0.25],"to":[12.0,10.25,0.25],"faces":{"south":{"uv":[7.375,6.375,6.375,6.625],"tintindex":0,"rotation":0,"texture":"#0"},"north":{"uv":[6.375,6.375,7.375,6.625],"tintindex":0,"rotation":0,"texture":"#0"}}},{"from":[3.9625,8.25,0.25],"to":[3.9625,10.25,5.25],"faces":{"east":{"uv":[8.375,1.75,7.75,2.0],"tintindex":0,"rotation":0,"texture":"#0"},"west":{"uv":[7.75,1.75,8.375,2.0],"tintindex":0,"rotation":0,"texture":"#0"}}}],"display":{"gui":{"rotation":[30,225,0]}}}