{"textures":{"0":"modelengine:entity/specter_texture"},"elements":[{"from":[8.164213,4.5303307,8.0125],"to":[11.164213,8.530331,8.0125],"faces":{"south":{"uv":[7.25,1.875,7.625,2.375],"tintindex":0,"rotation":0,"texture":"#0"},"north":{"uv":[1.5,7.25,1.875,7.75],"tintindex":0,"rotation":0,"texture":"#0"}},"rotation":{"origin":[9.0,5.0000005,8.0],"angle":22.5,"axis":"z"}},{"from":[8.112436,1.4482236,7.9875],"to":[11.112436,5.448224,7.9875],"faces":{"south":{"uv":[1.0,7.25,1.375,7.75],"tintindex":0,"rotation":0,"texture":"#0"},"north":{"uv":[7.125,6.75,7.5,7.25],"tintindex":0,"rotation":0,"texture":"#0"}},"rotation":{"origin":[9.0,5.0000005,8.0],"angle":-22.5,"axis":"z"}}],"display":{"gui":{"rotation":[30,225,0]}}}