{"textures":{"0":"modelengine:entity/specter_texture"},"elements":[{"from":[7.642722,4.341384,6.5125],"to":[10.642722,8.341384,6.5125],"faces":{"south":{"uv":[6.5,6.75,6.125,7.25],"tintindex":0,"rotation":0,"texture":"#0"},"north":{"uv":[7.125,1.875,6.75,2.375],"tintindex":0,"rotation":0,"texture":"#0"}},"rotation":{"origin":[8.892722,6.091384,6.4875],"angle":22.5,"axis":"z"}},{"from":[7.7399616,0.92921495,6.4875],"to":[10.739962,4.929215,6.4875],"faces":{"south":{"uv":[7.25,2.5,6.875,3.0],"tintindex":0,"rotation":0,"texture":"#0"},"north":{"uv":[7.0,6.75,6.625,7.25],"tintindex":0,"rotation":0,"texture":"#0"}},"rotation":{"origin":[9.489962,3.679215,7.9875],"angle":-22.5,"axis":"z"}},{"from":[7.642722,4.341384,9.5125],"to":[10.642722,8.341384,9.5125],"faces":{"south":{"uv":[0.875,7.125,0.5,7.625],"tintindex":0,"rotation":0,"texture":"#0"},"north":{"uv":[0.375,7.125,0.0,7.625],"tintindex":0,"rotation":0,"texture":"#0"}},"rotation":{"origin":[8.892722,6.091384,9.4875],"angle":22.5,"axis":"z"}},{"from":[7.7399616,0.92921495,9.4875],"to":[10.739962,4.929215,9.4875],"faces":{"south":{"uv":[7.375,3.75,7.0,4.25],"tintindex":0,"rotation":0,"texture":"#0"},"north":{"uv":[7.25,3.125,6.875,3.625],"tintindex":0,"rotation":0,"texture":"#0"}},"rotation":{"origin":[9.489962,3.679215,10.9875],"angle":-22.5,"axis":"z"}},{"from":[7.642722,4.341384,8.0125],"to":[10.642722,8.341384,8.0125],"faces":{"south":{"uv":[6.0,7.125,5.625,7.625],"tintindex":0,"rotation":0,"texture":"#0"},"north":{"uv":[5.5,7.125,5.125,7.625],"tintindex":0,"rotation":0,"texture":"#0"}},"rotation":{"origin":[8.892722,6.091384,7.9875],"angle":22.5,"axis":"z"}},{"from":[7.7399616,0.92921495,7.9875],"to":[10.739962,4.929215,7.9875],"faces":{"south":{"uv":[7.5,4.375,7.125,4.875],"tintindex":0,"rotation":0,"texture":"#0"},"north":{"uv":[3.875,7.125,3.5,7.625],"tintindex":0,"rotation":0,"texture":"#0"}},"rotation":{"origin":[9.489962,3.679215,9.4875],"angle":-22.5,"axis":"z"}}],"display":{"gui":{"rotation":[30,225,0]}}}