{"overrides":[{"predicate":{"custom_model_data":1},"model":"modelengine:infernal_marauder/left_leg"},{"predicate":{"custom_model_data":2},"model":"modelengine:infernal_marauder/torso"},{"predicate":{"custom_model_data":3},"model":"modelengine:infernal_marauder/right_leg"},{"predicate":{"custom_model_data":4},"model":"modelengine:infernal_marauder/left_knee"},{"predicate":{"custom_model_data":5},"model":"modelengine:infernal_marauder/right_back_cloth"},{"predicate":{"custom_model_data":6},"model":"modelengine:infernal_marauder/left_back_cloth"},{"predicate":{"custom_model_data":7},"model":"modelengine:infernal_marauder/tail"},{"predicate":{"custom_model_data":8},"model":"modelengine:infernal_marauder/right_cloth"},{"predicate":{"custom_model_data":9},"model":"modelengine:infernal_marauder/left_cloth"},{"predicate":{"custom_model_data":10},"model":"modelengine:infernal_marauder/upper_torso"},{"predicate":{"custom_model_data":11},"model":"modelengine:infernal_marauder/right_knee"},{"predicate":{"custom_model_data":12},"model":"modelengine:infernal_marauder/right_back_cloth_bottom"},{"predicate":{"custom_model_data":13},"model":"modelengine:infernal_marauder/left_back_cloth_bottom"},{"predicate":{"custom_model_data":14},"model":"modelengine:infernal_marauder/tail2"},{"predicate":{"custom_model_data":15},"model":"modelengine:infernal_marauder/right_cloth_bottom"},{"predicate":{"custom_model_data":16},"model":"modelengine:infernal_marauder/left_cloth_bottom"},{"predicate":{"custom_model_data":17},"model":"modelengine:infernal_marauder/head"},{"predicate":{"custom_model_data":18},"model":"modelengine:infernal_marauder/right_arm"},{"predicate":{"custom_model_data":19},"model":"modelengine:infernal_marauder/left_arm"},{"predicate":{"custom_model_data":20},"model":"modelengine:infernal_marauder/tail3"},{"predicate":{"custom_model_data":21},"model":"modelengine:infernal_marauder/right_horn"},{"predicate":{"custom_model_data":22},"model":"modelengine:infernal_marauder/left_horn"},{"predicate":{"custom_model_data":23},"model":"modelengine:infernal_marauder/eyes"},{"predicate":{"custom_model_data":24},"model":"modelengine:infernal_marauder/right_elbow"},{"predicate":{"custom_model_data":25},"model":"modelengine:infernal_marauder/left_elbow"},{"predicate":{"custom_model_data":26},"model":"modelengine:infernal_marauder/tail4"},{"predicate":{"custom_model_data":27},"model":"modelengine:infernal_marauder/right_cleaver"},{"predicate":{"custom_model_data":28},"model":"modelengine:infernal_marauder/left_cleaver"},{"predicate":{"custom_model_data":29},"model":"modelengine:infernal_marauder/right_slash_trail"},{"predicate":{"custom_model_data":30},"model":"modelengine:infernal_marauder/left_slash_trail"}],"parent":"minecraft:item/generated","textures":{"layer0":"minecraft:item/leather_horse_armor"}}