{"textures":{"0":"modelengine:entity/tc_cyclops_spike"},"elements":[{"from":[7.293993,2.9792576,6.1029935],"to":[9.293993,25.979258,10.602993],"faces":{"east":{"uv":[0.0,0.0,1.125,5.75],"tintindex":0,"rotation":0,"texture":"#0"},"south":{"uv":[2.75,5.25,3.25,11.0],"tintindex":0,"rotation":0,"texture":"#0"},"north":{"uv":[2.25,5.25,2.75,11.0],"tintindex":0,"rotation":0,"texture":"#0"},"west":{"uv":[1.125,0.0,0.0,5.75],"tintindex":0,"rotation":0,"texture":"#0"},"up":{"uv":[4.5,9.5,4.0,8.375],"tintindex":0,"rotation":0,"texture":"#0"},"down":{"uv":[8.875,4.125,8.375,5.25],"tintindex":0,"rotation":0,"texture":"#0"}}},{"from":[3.0601187,2.2545223,8.150789],"to":[9.560119,6.7545223,12.650789],"faces":{"east":{"uv":[0.0,7.625,1.125,8.75],"tintindex":0,"rotation":0,"texture":"#0"},"south":{"uv":[6.0,0.0,7.625,1.125],"tintindex":0,"rotation":0,"texture":"#0"},"north":{"uv":[5.875,1.875,7.5,3.0],"tintindex":0,"rotation":0,"texture":"#0"},"west":{"uv":[1.125,7.625,0.0,8.75],"tintindex":0,"rotation":0,"texture":"#0"},"up":{"uv":[7.625,4.125,6.0,3.0],"tintindex":0,"rotation":0,"texture":"#0"},"down":{"uv":[7.625,4.125,6.0,5.25],"tintindex":0,"rotation":0,"texture":"#0"}}},{"from":[5.793993,2.4792576,5.1029935],"to":[8.793993,9.479258,9.602993],"faces":{"east":{"uv":[4.75,1.875,5.875,3.625],"tintindex":0,"rotation":0,"texture":"#0"},"south":{"uv":[3.25,7.125,4.0,8.875],"tintindex":0,"rotation":0,"texture":"#0"},"north":{"uv":[5.75,7.0,6.5,8.75],"tintindex":0,"rotation":0,"texture":"#0"},"west":{"uv":[5.875,1.875,4.75,3.625],"tintindex":0,"rotation":0,"texture":"#0"},"up":{"uv":[8.375,5.25,7.625,4.125],"tintindex":0,"rotation":0,"texture":"#0"},"down":{"uv":[8.0,7.75,7.25,8.875],"tintindex":0,"rotation":0,"texture":"#0"}},"rotation":{"origin":[7.293993,6.4792576,7.3529935],"angle":22.5,"axis":"z"}},{"from":[6.293993,9.479258,5.6029935],"to":[8.293993,14.479258,8.602993],"faces":{"east":{"uv":[1.125,7.625,1.875,8.875],"tintindex":0,"rotation":0,"texture":"#0"},"south":{"uv":[8.0,7.75,8.5,9.0],"tintindex":0,"rotation":0,"texture":"#0"},"north":{"uv":[4.0,7.125,4.5,8.375],"tintindex":0,"rotation":0,"texture":"#0"},"west":{"uv":[1.875,7.625,1.125,8.875],"tintindex":0,"rotation":0,"texture":"#0"},"up":{"uv":[8.375,1.875,7.875,1.125],"tintindex":0,"rotation":0,"texture":"#0"},"down":{"uv":[8.875,1.125,8.375,1.875],"tintindex":0,"rotation":0,"texture":"#0"}},"rotation":{"origin":[7.293993,6.4792576,7.3529935],"angle":22.5,"axis":"z"}},{"from":[9.5101185,2.204523,8.300789],"to":[14.0101185,9.704523,13.300789],"faces":{"east":{"uv":[4.75,0.0,6.0,1.875],"tintindex":0,"rotation":0,"texture":"#0"},"south":{"uv":[1.125,5.75,2.25,7.625],"tintindex":0,"rotation":0,"texture":"#0"},"north":{"uv":[2.25,5.75,1.125,7.625],"tintindex":0,"rotation":0,"texture":"#0"},"west":{"uv":[3.25,5.25,4.5,7.125],"tintindex":0,"rotation":0,"texture":"#0"},"up":{"uv":[8.0,6.5,6.875,5.25],"tintindex":0,"rotation":0,"texture":"#0"},"down":{"uv":[8.0,6.5,6.875,7.75],"tintindex":0,"rotation":0,"texture":"#0"}},"rotation":{"origin":[11.7601185,5.954523,9.300789],"angle":-45.0,"axis":"y"}},{"from":[8.293993,2.4792576,4.6029935],"to":[10.793993,16.979258,9.602993],"faces":{"east":{"uv":[4.75,0.0,3.5,3.625],"tintindex":0,"rotation":0,"texture":"#0"},"south":{"uv":[5.125,5.25,5.75,8.875],"tintindex":0,"rotation":0,"texture":"#0"},"north":{"uv":[4.5,5.25,5.125,8.875],"tintindex":0,"rotation":0,"texture":"#0"},"west":{"uv":[3.5,0.0,4.75,3.625],"tintindex":0,"rotation":0,"texture":"#0"},"up":{"uv":[8.625,6.5,8.0,5.25],"tintindex":0,"rotation":0,"texture":"#0"},"down":{"uv":[8.625,6.5,8.0,7.75],"tintindex":0,"rotation":0,"texture":"#0"}}},{"from":[4.727867,2.2545223,2.0007887],"to":[12.227867,5.2545223,8.650789],"faces":{"east":{"uv":[7.625,2.625,9.25,3.375],"tintindex":0,"rotation":0,"texture":"#0"},"south":{"uv":[7.5,1.875,9.375,2.625],"tintindex":0,"rotation":0,"texture":"#0"},"north":{"uv":[6.0,1.125,7.875,1.875],"tintindex":0,"rotation":0,"texture":"#0"},"west":{"uv":[7.625,2.625,9.25,3.375],"tintindex":0,"rotation":0,"texture":"#0"},"up":{"uv":[4.125,5.25,2.25,3.625],"tintindex":0,"rotation":0,"texture":"#0"},"down":{"uv":[6.0,3.625,4.125,5.25],"tintindex":0,"rotation":0,"texture":"#0"}}}],"display":{"gui":{"rotation":[30,225,0]}}}