{"textures":{"0":"modelengine:entity/mso_lava_lord"},"elements":[{"from":[8.0,3.4619522,13.256464],"to":[8.0,17.461952,21.656464],"faces":{"east":{"uv":[0.75,11.625,1.125,12.25],"tintindex":0,"rotation":0,"texture":"#0"},"west":{"uv":[1.125,11.625,0.75,12.25],"tintindex":0,"rotation":0,"texture":"#0"}},"rotation":{"origin":[8.0,8.0,8.0],"angle":22.5,"axis":"x"}},{"from":[8.0,2.288559,3.8000002],"to":[8.0,19.088562,12.2],"faces":{"east":{"uv":[1.125,11.625,0.75,12.25],"tintindex":0,"rotation":0,"texture":"#0"},"west":{"uv":[0.75,11.625,1.125,12.25],"tintindex":0,"rotation":0,"texture":"#0"}}},{"from":[3.800003,3.4619522,-1.4564648],"to":[12.200001,17.461952,-1.4564648],"faces":{"south":{"uv":[1.125,11.625,0.75,12.25],"tintindex":0,"rotation":0,"texture":"#0"},"north":{"uv":[0.75,11.625,1.125,12.25],"tintindex":0,"rotation":0,"texture":"#0"}},"rotation":{"origin":[8.0,8.0,8.0],"angle":-22.5,"axis":"x"}},{"from":[3.800003,2.288559,8.0],"to":[12.200001,19.088562,8.0],"faces":{"south":{"uv":[0.75,11.625,1.125,12.25],"tintindex":0,"rotation":0,"texture":"#0"},"north":{"uv":[1.125,11.625,0.75,12.25],"tintindex":0,"rotation":0,"texture":"#0"}}},{"from":[3.800003,3.4619522,17.456465],"to":[12.200001,17.461952,17.456465],"faces":{"south":{"uv":[1.125,11.625,0.75,12.25],"tintindex":0,"rotation":0,"texture":"#0"},"north":{"uv":[0.75,11.625,1.125,12.25],"tintindex":0,"rotation":0,"texture":"#0"}},"rotation":{"origin":[8.0,8.0,8.0],"angle":22.5,"axis":"x"}},{"from":[8.0,3.4619522,-5.6564646],"to":[8.0,17.461952,2.7435355],"faces":{"east":{"uv":[0.75,11.625,1.125,12.25],"tintindex":0,"rotation":0,"texture":"#0"},"west":{"uv":[1.125,11.625,0.75,12.25],"tintindex":0,"rotation":0,"texture":"#0"}},"rotation":{"origin":[8.0,8.0,8.0],"angle":-22.5,"axis":"x"}}],"display":{"gui":{"rotation":[30,225,0]}}}