{"textures":{"0":"modelengine:entity/mso_lava_lord"},"elements":[{"from":[-0.40000153,-8.333328,22.0],"to":[16.399994,19.666672,22.0],"faces":{"south":{"uv":[0.75,11.625,1.125,12.25],"tintindex":0,"rotation":0,"texture":"#0"},"north":{"uv":[1.125,11.625,0.75,12.25],"tintindex":0,"rotation":0,"texture":"#0"}},"rotation":{"origin":[8.0,-8.333328,22.0],"angle":22.5,"axis":"x"}},{"from":[-0.40000153,-8.333328,-6.0],"to":[16.399994,19.666672,-6.0],"faces":{"south":{"uv":[0.75,11.625,1.125,12.25],"tintindex":0,"rotation":0,"texture":"#0"},"north":{"uv":[1.125,11.625,0.75,12.25],"tintindex":0,"rotation":0,"texture":"#0"}},"rotation":{"origin":[8.0,-8.333328,-6.0],"angle":-22.5,"axis":"x"}},{"from":[8.0,-4.1333313,-0.39999962],"to":[8.0,29.466675,16.4],"faces":{"east":{"uv":[1.125,11.625,0.75,12.25],"tintindex":0,"rotation":0,"texture":"#0"},"west":{"uv":[0.75,11.625,1.125,12.25],"tintindex":0,"rotation":0,"texture":"#0"}}},{"from":[8.0,-8.333328,13.6],"to":[8.0,19.666672,30.4],"faces":{"east":{"uv":[0.75,11.625,1.125,12.25],"tintindex":0,"rotation":0,"texture":"#0"},"west":{"uv":[1.125,11.625,0.75,12.25],"tintindex":0,"rotation":0,"texture":"#0"}},"rotation":{"origin":[8.0,-8.333328,22.0],"angle":22.5,"axis":"x"}},{"from":[8.0,-8.333328,-14.4],"to":[8.0,19.666672,2.4],"faces":{"east":{"uv":[0.75,11.625,1.125,12.25],"tintindex":0,"rotation":0,"texture":"#0"},"west":{"uv":[1.125,11.625,0.75,12.25],"tintindex":0,"rotation":0,"texture":"#0"}},"rotation":{"origin":[8.0,-8.333328,-6.0],"angle":-22.5,"axis":"x"}},{"from":[-0.40000153,-4.1333313,8.0],"to":[16.399994,29.466675,8.0],"faces":{"south":{"uv":[1.125,11.625,0.75,12.25],"tintindex":0,"rotation":0,"texture":"#0"},"north":{"uv":[0.75,11.625,1.125,12.25],"tintindex":0,"rotation":0,"texture":"#0"}}}],"display":{"gui":{"rotation":[30,225,0]}}}