{"textures":{"0":"modelengine:entity/mso_lava_lord"},"elements":[{"from":[5.2,5.2000046,2.3999996],"to":[10.8,10.800003,8.0],"faces":{"east":{"uv":[9.5,11.625,9.75,11.875],"tintindex":0,"rotation":0,"texture":"#0"},"south":{"uv":[10.25,11.625,10.5,11.875],"tintindex":0,"rotation":0,"texture":"#0"},"north":{"uv":[9.75,11.625,10.0,11.875],"tintindex":0,"rotation":0,"texture":"#0"},"west":{"uv":[10.0,11.625,10.25,11.875],"tintindex":0,"rotation":0,"texture":"#0"},"up":{"uv":[10.0,11.625,9.75,11.375],"tintindex":0,"rotation":0,"texture":"#0"},"down":{"uv":[10.25,11.375,10.0,11.625],"tintindex":0,"rotation":0,"texture":"#0"}}},{"from":[-0.75,8.0,-8.799999],"to":[2.0500002,12.200005,-6.0],"faces":{"east":{"uv":[6.375,6.125,6.25,6.25],"tintindex":0,"rotation":0,"texture":"#0"},"south":{"uv":[6.5,6.125,6.375,6.25],"tintindex":0,"rotation":0,"texture":"#0"},"north":{"uv":[6.25,6.125,6.125,6.25],"tintindex":0,"rotation":0,"texture":"#0"},"west":{"uv":[6.125,6.125,6.0,6.25],"tintindex":0,"rotation":0,"texture":"#0"},"up":{"uv":[6.125,6.125,6.25,6.0],"tintindex":0,"rotation":0,"texture":"#0"},"down":{"uv":[6.25,6.0,6.375,6.125],"tintindex":0,"rotation":0,"texture":"#0"}},"rotation":{"origin":[0.6500001,11.5,-7.3999996],"angle":-22.5,"axis":"z"}},{"from":[-3.1999998,6.600006,-6.0],"to":[-0.39999962,15.0,-0.39999962],"faces":{"east":{"uv":[2.125,11.875,1.875,12.25],"tintindex":0,"rotation":0,"texture":"#0"},"south":{"uv":[1.75,11.875,1.875,12.25],"tintindex":0,"rotation":0,"texture":"#0"},"north":{"uv":[1.875,11.875,1.75,12.25],"tintindex":0,"rotation":0,"texture":"#0"},"west":{"uv":[1.75,11.875,1.5,12.25],"tintindex":0,"rotation":0,"texture":"#0"},"up":{"uv":[1.75,11.875,1.875,11.625],"tintindex":0,"rotation":0,"texture":"#0"},"down":{"uv":[1.875,11.625,2.0,11.875],"tintindex":0,"rotation":0,"texture":"#0"}}},{"from":[16.4,6.600006,-6.0],"to":[19.2,15.0,-0.39999962],"faces":{"east":{"uv":[1.5,11.875,1.75,12.25],"tintindex":0,"rotation":0,"texture":"#0"},"south":{"uv":[1.875,11.875,1.75,12.25],"tintindex":0,"rotation":0,"texture":"#0"},"north":{"uv":[1.75,11.875,1.875,12.25],"tintindex":0,"rotation":0,"texture":"#0"},"west":{"uv":[1.875,11.875,2.125,12.25],"tintindex":0,"rotation":0,"texture":"#0"},"up":{"uv":[1.875,11.875,1.75,11.625],"tintindex":0,"rotation":0,"texture":"#0"},"down":{"uv":[2.0,11.625,1.875,11.875],"tintindex":0,"rotation":0,"texture":"#0"}}},{"from":[-0.9599991,-0.960001,0.440001],"to":[16.96,16.960001,4.36],"faces":{"east":{"uv":[6.75,10.125,6.875,10.875],"tintindex":0,"rotation":0,"texture":"#0"},"south":{"uv":[7.75,10.125,8.5,10.875],"tintindex":0,"rotation":0,"texture":"#0"},"north":{"uv":[6.875,10.125,7.625,10.875],"tintindex":0,"rotation":0,"texture":"#0"},"west":{"uv":[7.625,10.125,7.75,10.875],"tintindex":0,"rotation":0,"texture":"#0"},"up":{"uv":[7.625,10.125,6.875,10.0],"tintindex":0,"rotation":0,"texture":"#0"},"down":{"uv":[8.375,10.0,7.625,10.125],"tintindex":0,"rotation":0,"texture":"#0"}}},{"from":[13.95,8.0,-8.799999],"to":[16.75,12.200005,-6.0],"faces":{"east":{"uv":[6.0,6.125,6.125,6.25],"tintindex":0,"rotation":0,"texture":"#0"},"south":{"uv":[6.375,6.125,6.5,6.25],"tintindex":0,"rotation":0,"texture":"#0"},"north":{"uv":[6.125,6.125,6.25,6.25],"tintindex":0,"rotation":0,"texture":"#0"},"west":{"uv":[6.25,6.125,6.375,6.25],"tintindex":0,"rotation":0,"texture":"#0"},"up":{"uv":[6.25,6.125,6.125,6.0],"tintindex":0,"rotation":0,"texture":"#0"},"down":{"uv":[6.375,6.0,6.25,6.125],"tintindex":0,"rotation":0,"texture":"#0"}},"rotation":{"origin":[15.35,11.5,-7.3999996],"angle":22.5,"axis":"z"}},{"from":[7.09,6.600006,-8.799999],"to":[9.889999,9.400002,-6.0],"faces":{"east":{"uv":[4.5,5.75,4.625,5.875],"tintindex":0,"rotation":0,"texture":"#0"},"south":{"uv":[4.875,5.75,5.0,5.875],"tintindex":0,"rotation":0,"texture":"#0"},"north":{"uv":[4.625,5.75,4.75,5.875],"tintindex":0,"rotation":0,"texture":"#0"},"west":{"uv":[4.75,5.75,4.875,5.875],"tintindex":0,"rotation":0,"texture":"#0"},"up":{"uv":[4.75,5.75,4.625,5.625],"tintindex":0,"rotation":0,"texture":"#0"},"down":{"uv":[4.875,5.625,4.75,5.75],"tintindex":0,"rotation":0,"texture":"#0"}},"rotation":{"origin":[8.49,8.700005,-7.3999996],"angle":22.5,"axis":"z"}},{"from":[3.4499998,17.800003,-9.5],"to":[9.05,20.600006,-3.8999996],"faces":{"east":{"uv":[2.25,9.25,2.0,9.375],"tintindex":0,"rotation":0,"texture":"#0"},"south":{"uv":[2.5,9.25,2.25,9.375],"tintindex":0,"rotation":0,"texture":"#0"},"north":{"uv":[2.0,9.25,1.75,9.375],"tintindex":0,"rotation":0,"texture":"#0"},"west":{"uv":[1.75,9.25,1.5,9.375],"tintindex":0,"rotation":0,"texture":"#0"},"up":{"uv":[1.75,9.25,2.0,9.0],"tintindex":0,"rotation":0,"texture":"#0"},"down":{"uv":[2.0,9.0,2.25,9.25],"tintindex":0,"rotation":0,"texture":"#0"}},"rotation":{"origin":[4.85,19.900002,-8.1],"angle":-22.5,"axis":"z"}},{"from":[12.2,11.5,-8.1],"to":[17.8,17.100006,-2.5],"faces":{"east":{"uv":[11.375,7.5,11.625,7.75],"tintindex":0,"rotation":0,"texture":"#0"},"south":{"uv":[12.125,7.5,12.375,7.75],"tintindex":0,"rotation":0,"texture":"#0"},"north":{"uv":[11.625,7.5,11.875,7.75],"tintindex":0,"rotation":0,"texture":"#0"},"west":{"uv":[11.875,7.5,12.125,7.75],"tintindex":0,"rotation":0,"texture":"#0"},"up":{"uv":[11.875,7.5,11.625,7.25],"tintindex":0,"rotation":0,"texture":"#0"},"down":{"uv":[12.125,7.25,11.875,7.5],"tintindex":0,"rotation":0,"texture":"#0"}}},{"from":[6.11,6.600006,-8.799999],"to":[8.91,9.400002,-6.0],"faces":{"east":{"uv":[4.875,5.75,4.75,5.875],"tintindex":0,"rotation":0,"texture":"#0"},"south":{"uv":[5.0,5.75,4.875,5.875],"tintindex":0,"rotation":0,"texture":"#0"},"north":{"uv":[4.75,5.75,4.625,5.875],"tintindex":0,"rotation":0,"texture":"#0"},"west":{"uv":[4.625,5.75,4.5,5.875],"tintindex":0,"rotation":0,"texture":"#0"},"up":{"uv":[4.625,5.75,4.75,5.625],"tintindex":0,"rotation":0,"texture":"#0"},"down":{"uv":[4.75,5.625,4.875,5.75],"tintindex":0,"rotation":0,"texture":"#0"}},"rotation":{"origin":[7.51,8.700005,-7.3999996],"angle":-22.5,"axis":"z"}},{"from":[-1.8000002,11.5,-8.1],"to":[3.8000002,17.100006,-2.5],"faces":{"east":{"uv":[12.125,7.5,11.875,7.75],"tintindex":0,"rotation":0,"texture":"#0"},"south":{"uv":[12.375,7.5,12.125,7.75],"tintindex":0,"rotation":0,"texture":"#0"},"north":{"uv":[11.875,7.5,11.625,7.75],"tintindex":0,"rotation":0,"texture":"#0"},"west":{"uv":[11.625,7.5,11.375,7.75],"tintindex":0,"rotation":0,"texture":"#0"},"up":{"uv":[11.625,7.5,11.875,7.25],"tintindex":0,"rotation":0,"texture":"#0"},"down":{"uv":[11.875,7.25,12.125,7.5],"tintindex":0,"rotation":0,"texture":"#0"}}},{"from":[0.6500001,13.600006,-10.200001],"to":[9.05,16.400002,-7.3999996],"faces":{"east":{"uv":[2.375,6.625,2.25,6.75],"tintindex":0,"rotation":0,"texture":"#0"},"south":{"uv":[2.75,6.625,2.375,6.75],"tintindex":0,"rotation":0,"texture":"#0"},"north":{"uv":[2.25,6.625,1.875,6.75],"tintindex":0,"rotation":0,"texture":"#0"},"west":{"uv":[1.875,6.625,1.75,6.75],"tintindex":0,"rotation":0,"texture":"#0"},"up":{"uv":[1.875,6.625,2.25,6.5],"tintindex":0,"rotation":0,"texture":"#0"},"down":{"uv":[2.25,6.5,2.625,6.625],"tintindex":0,"rotation":0,"texture":"#0"}},"rotation":{"origin":[4.85,15.700005,-8.799999],"angle":-22.5,"axis":"z"}},{"from":[6.95,9.400002,-10.900002],"to":[15.35,12.200005,-8.1],"faces":{"east":{"uv":[4.5,6.625,4.625,6.75],"tintindex":0,"rotation":0,"texture":"#0"},"south":{"uv":[5.125,6.625,5.5,6.75],"tintindex":0,"rotation":0,"texture":"#0"},"north":{"uv":[4.625,6.625,5.0,6.75],"tintindex":0,"rotation":0,"texture":"#0"},"west":{"uv":[5.0,6.625,5.125,6.75],"tintindex":0,"rotation":0,"texture":"#0"},"up":{"uv":[5.0,6.625,4.625,6.5],"tintindex":0,"rotation":0,"texture":"#0"},"down":{"uv":[5.375,6.5,5.0,6.625],"tintindex":0,"rotation":0,"texture":"#0"}},"rotation":{"origin":[11.15,11.5,-9.5],"angle":22.5,"axis":"z"}},{"from":[5.2,9.400002,-8.799999],"to":[10.8,17.800003,2.3999996],"faces":{"east":{"uv":[10.25,9.0,10.75,9.375],"tintindex":0,"rotation":0,"texture":"#0"},"south":{"uv":[11.5,9.0,11.75,9.375],"tintindex":0,"rotation":0,"texture":"#0"},"north":{"uv":[10.75,9.0,11.0,9.375],"tintindex":0,"rotation":0,"texture":"#0"},"west":{"uv":[11.0,9.0,11.5,9.375],"tintindex":0,"rotation":0,"texture":"#0"},"up":{"uv":[11.0,9.0,10.75,8.5],"tintindex":0,"rotation":0,"texture":"#0"},"down":{"uv":[11.25,8.5,11.0,9.0],"tintindex":0,"rotation":0,"texture":"#0"}}},{"from":[0.6500001,9.400002,-10.900002],"to":[9.05,12.200005,-8.1],"faces":{"east":{"uv":[5.125,6.625,5.0,6.75],"tintindex":0,"rotation":0,"texture":"#0"},"south":{"uv":[5.5,6.625,5.125,6.75],"tintindex":0,"rotation":0,"texture":"#0"},"north":{"uv":[5.0,6.625,4.625,6.75],"tintindex":0,"rotation":0,"texture":"#0"},"west":{"uv":[4.625,6.625,4.5,6.75],"tintindex":0,"rotation":0,"texture":"#0"},"up":{"uv":[4.625,6.625,5.0,6.5],"tintindex":0,"rotation":0,"texture":"#0"},"down":{"uv":[5.0,6.5,5.375,6.625],"tintindex":0,"rotation":0,"texture":"#0"}},"rotation":{"origin":[4.85,11.5,-9.5],"angle":-22.5,"axis":"z"}},{"from":[-0.39999962,-0.3999939,-7.3999996],"to":[16.4,16.400002,3.7999992],"faces":{"east":{"uv":[5.25,9.125,5.75,9.875],"tintindex":0,"rotation":0,"texture":"#0"},"south":{"uv":[7.0,9.125,7.75,9.875],"tintindex":0,"rotation":0,"texture":"#0"},"north":{"uv":[5.75,9.125,6.5,9.875],"tintindex":0,"rotation":0,"texture":"#0"},"west":{"uv":[6.5,9.125,7.0,9.875],"tintindex":0,"rotation":0,"texture":"#0"},"up":{"uv":[6.5,9.125,5.75,8.625],"tintindex":0,"rotation":0,"texture":"#0"},"down":{"uv":[7.25,8.625,6.5,9.125],"tintindex":0,"rotation":0,"texture":"#0"}}},{"from":[6.95,17.800003,-9.5],"to":[12.55,20.600006,-3.8999996],"faces":{"east":{"uv":[1.5,9.25,1.75,9.375],"tintindex":0,"rotation":0,"texture":"#0"},"south":{"uv":[2.25,9.25,2.5,9.375],"tintindex":0,"rotation":0,"texture":"#0"},"north":{"uv":[1.75,9.25,2.0,9.375],"tintindex":0,"rotation":0,"texture":"#0"},"west":{"uv":[2.0,9.25,2.25,9.375],"tintindex":0,"rotation":0,"texture":"#0"},"up":{"uv":[2.0,9.25,1.75,9.0],"tintindex":0,"rotation":0,"texture":"#0"},"down":{"uv":[2.25,9.0,2.0,9.25],"tintindex":0,"rotation":0,"texture":"#0"}},"rotation":{"origin":[11.15,19.900002,-8.1],"angle":22.5,"axis":"z"}},{"from":[6.95,13.600006,-10.200001],"to":[15.35,16.400002,-7.3999996],"faces":{"east":{"uv":[1.75,6.625,1.875,6.75],"tintindex":0,"rotation":0,"texture":"#0"},"south":{"uv":[2.375,6.625,2.75,6.75],"tintindex":0,"rotation":0,"texture":"#0"},"north":{"uv":[1.875,6.625,2.25,6.75],"tintindex":0,"rotation":0,"texture":"#0"},"west":{"uv":[2.25,6.625,2.375,6.75],"tintindex":0,"rotation":0,"texture":"#0"},"up":{"uv":[2.25,6.625,1.875,6.5],"tintindex":0,"rotation":0,"texture":"#0"},"down":{"uv":[2.625,6.5,2.25,6.625],"tintindex":0,"rotation":0,"texture":"#0"}},"rotation":{"origin":[11.15,15.700005,-8.799999],"angle":22.5,"axis":"z"}}],"display":{"gui":{"rotation":[30,225,0]}}}