{"textures":{"0":"modelengine:entity/mso_lava_lord"},"elements":[{"from":[-3.8999996,12.199997,2.4],"to":[-1.1000004,17.8,13.6],"faces":{"east":{"uv":[6.25,11.375,6.75,11.625],"tintindex":0,"rotation":0,"texture":"#0"},"south":{"uv":[6.625,10.5,6.75,10.75],"tintindex":0,"rotation":0,"texture":"#0"},"north":{"uv":[6.625,10.5,6.75,10.75],"tintindex":0,"rotation":0,"texture":"#0"},"west":{"uv":[6.875,11.375,7.375,11.625],"tintindex":0,"rotation":0,"texture":"#0"},"up":{"uv":[6.875,11.375,6.75,10.875],"tintindex":0,"rotation":0,"texture":"#0"},"down":{"uv":[7.0,10.875,6.875,11.375],"tintindex":0,"rotation":0,"texture":"#0"}},"rotation":{"origin":[-3.8999996,12.199997,8.0],"angle":22.5,"axis":"z"}},{"from":[5.2,5.199997,-1.1000004],"to":[10.8,10.799999,1.6999998],"faces":{"east":{"uv":[11.75,11.5,11.875,11.75],"tintindex":0,"rotation":0,"texture":"#0"},"south":{"uv":[12.25,11.5,12.5,11.75],"tintindex":0,"rotation":0,"texture":"#0"},"north":{"uv":[5.125,12.0,5.375,12.25],"tintindex":0,"rotation":0,"texture":"#0"},"west":{"uv":[12.125,11.5,12.25,11.75],"tintindex":0,"rotation":0,"texture":"#0"},"up":{"uv":[12.125,11.5,11.875,11.375],"tintindex":0,"rotation":0,"texture":"#0"},"down":{"uv":[12.375,11.375,12.125,11.5],"tintindex":0,"rotation":0,"texture":"#0"}},"rotation":{"origin":[8.0,8.0,0.3000002],"angle":45.0,"axis":"z"}},{"from":[-0.39999962,8.0,2.4],"to":[16.4,22.0,13.6],"faces":{"east":{"uv":[8.75,0.5,9.25,1.125],"tintindex":0,"rotation":0,"texture":"#0"},"south":{"uv":[10.5,0.5,11.25,1.125],"tintindex":0,"rotation":0,"texture":"#0"},"north":{"uv":[9.25,0.5,10.0,1.125],"tintindex":0,"rotation":0,"texture":"#0"},"west":{"uv":[10.0,0.5,10.5,1.125],"tintindex":0,"rotation":0,"texture":"#0"},"up":{"uv":[10.0,0.5,9.25,0.0],"tintindex":0,"rotation":0,"texture":"#0"},"down":{"uv":[10.75,0.0,10.0,0.5],"tintindex":0,"rotation":0,"texture":"#0"}}},{"from":[6.6,4.779999,12.9],"to":[12.2,10.379997,15.7],"faces":{"east":{"uv":[8.125,11.25,8.25,11.5],"tintindex":0,"rotation":0,"texture":"#0"},"south":{"uv":[8.625,11.25,8.875,11.5],"tintindex":0,"rotation":0,"texture":"#0"},"north":{"uv":[8.25,11.25,8.5,11.5],"tintindex":0,"rotation":0,"texture":"#0"},"west":{"uv":[8.5,11.25,8.625,11.5],"tintindex":0,"rotation":0,"texture":"#0"},"up":{"uv":[8.5,11.25,8.25,11.125],"tintindex":0,"rotation":0,"texture":"#0"},"down":{"uv":[8.75,11.125,8.5,11.25],"tintindex":0,"rotation":0,"texture":"#0"}},"rotation":{"origin":[8.0,6.1800003,14.3],"angle":45.0,"axis":"z"}},{"from":[-3.8999996,8.0,5.2],"to":[-1.1000004,13.599998,10.8],"faces":{"east":{"uv":[8.0,12.0,8.25,12.25],"tintindex":0,"rotation":0,"texture":"#0"},"south":{"uv":[6.625,10.5,6.75,10.75],"tintindex":0,"rotation":0,"texture":"#0"},"north":{"uv":[6.625,10.5,6.75,10.75],"tintindex":0,"rotation":0,"texture":"#0"},"west":{"uv":[8.375,12.0,8.625,12.25],"tintindex":0,"rotation":0,"texture":"#0"},"up":{"uv":[6.0,10.75,5.875,10.5],"tintindex":0,"rotation":0,"texture":"#0"},"down":{"uv":[8.5,11.75,8.375,12.0],"tintindex":0,"rotation":0,"texture":"#0"}},"rotation":{"origin":[-3.8999996,8.0,8.0],"angle":22.5,"axis":"z"}},{"from":[15.0,10.799999,-0.39999962],"to":[19.2,19.199997,16.4],"faces":{"east":{"uv":[3.625,9.75,2.75,10.125],"tintindex":0,"rotation":0,"texture":"#0"},"south":{"uv":[0.875,10.5,0.75,10.875],"tintindex":0,"rotation":0,"texture":"#0"},"north":{"uv":[0.875,10.5,0.75,10.875],"tintindex":0,"rotation":0,"texture":"#0"},"west":{"uv":[0.75,10.5,0.0,10.875],"tintindex":0,"rotation":0,"texture":"#0"},"up":{"uv":[0.75,10.5,0.875,9.75],"tintindex":0,"rotation":0,"texture":"#0"},"down":{"uv":[0.875,9.75,1.0,10.5],"tintindex":0,"rotation":0,"texture":"#0"}}},{"from":[3.8000002,8.0,-0.39999962],"to":[12.2,13.599998,2.4],"faces":{"east":{"uv":[11.5,1.625,11.625,1.875],"tintindex":0,"rotation":0,"texture":"#0"},"south":{"uv":[12.125,1.625,12.5,1.875],"tintindex":0,"rotation":0,"texture":"#0"},"north":{"uv":[11.625,1.625,12.0,1.875],"tintindex":0,"rotation":0,"texture":"#0"},"west":{"uv":[12.0,1.625,12.125,1.875],"tintindex":0,"rotation":0,"texture":"#0"},"up":{"uv":[12.0,1.625,11.625,1.5],"tintindex":0,"rotation":0,"texture":"#0"},"down":{"uv":[12.375,1.5,12.0,1.625],"tintindex":0,"rotation":0,"texture":"#0"}}},{"from":[-3.1999998,10.799999,-0.39999962],"to":[1.0,19.199997,16.4],"faces":{"east":{"uv":[0.0,10.5,0.75,10.875],"tintindex":0,"rotation":0,"texture":"#0"},"south":{"uv":[0.75,10.5,0.875,10.875],"tintindex":0,"rotation":0,"texture":"#0"},"north":{"uv":[0.75,10.5,0.875,10.875],"tintindex":0,"rotation":0,"texture":"#0"},"west":{"uv":[2.75,9.75,3.625,10.125],"tintindex":0,"rotation":0,"texture":"#0"},"up":{"uv":[0.875,10.5,0.75,9.75],"tintindex":0,"rotation":0,"texture":"#0"},"down":{"uv":[1.0,9.75,0.875,10.5],"tintindex":0,"rotation":0,"texture":"#0"}}},{"from":[5.2,5.199997,1.0],"to":[10.8,8.0,15.0],"faces":{"east":{"uv":[2.375,3.0,3.0,3.125],"tintindex":0,"rotation":0,"texture":"#0"},"south":{"uv":[3.875,3.0,4.125,3.125],"tintindex":0,"rotation":0,"texture":"#0"},"north":{"uv":[3.0,3.0,3.25,3.125],"tintindex":0,"rotation":0,"texture":"#0"},"west":{"uv":[3.25,3.0,3.875,3.125],"tintindex":0,"rotation":0,"texture":"#0"},"up":{"uv":[3.25,3.0,3.0,2.375],"tintindex":0,"rotation":0,"texture":"#0"},"down":{"uv":[3.5,2.375,3.25,3.0],"tintindex":0,"rotation":0,"texture":"#0"}}},{"from":[17.1,8.0,5.2],"to":[19.9,13.599998,10.8],"faces":{"east":{"uv":[8.625,12.0,8.375,12.25],"tintindex":0,"rotation":0,"texture":"#0"},"south":{"uv":[1.25,11.375,1.125,11.625],"tintindex":0,"rotation":0,"texture":"#0"},"north":{"uv":[6.75,10.5,6.625,10.75],"tintindex":0,"rotation":0,"texture":"#0"},"west":{"uv":[8.25,12.0,8.0,12.25],"tintindex":0,"rotation":0,"texture":"#0"},"up":{"uv":[5.875,10.75,6.0,10.5],"tintindex":0,"rotation":0,"texture":"#0"},"down":{"uv":[8.375,11.75,8.5,12.0],"tintindex":0,"rotation":0,"texture":"#0"}},"rotation":{"origin":[19.9,8.0,8.0],"angle":-22.5,"axis":"z"}},{"from":[17.1,12.199997,2.4],"to":[19.9,17.8,13.6],"faces":{"east":{"uv":[7.375,11.375,6.875,11.625],"tintindex":0,"rotation":0,"texture":"#0"},"south":{"uv":[6.75,10.5,6.625,10.75],"tintindex":0,"rotation":0,"texture":"#0"},"north":{"uv":[6.75,10.5,6.625,10.75],"tintindex":0,"rotation":0,"texture":"#0"},"west":{"uv":[6.75,11.375,6.25,11.625],"tintindex":0,"rotation":0,"texture":"#0"},"up":{"uv":[6.75,11.375,6.875,10.875],"tintindex":0,"rotation":0,"texture":"#0"},"down":{"uv":[6.875,10.875,7.0,11.375],"tintindex":0,"rotation":0,"texture":"#0"}},"rotation":{"origin":[19.9,12.199997,8.0],"angle":-22.5,"axis":"z"}},{"from":[3.8000002,3.7999992,3.8000002],"to":[12.2,8.0,12.2],"faces":{"east":{"uv":[4.875,7.75,5.25,7.875],"tintindex":0,"rotation":0,"texture":"#0"},"south":{"uv":[6.0,7.75,6.375,7.875],"tintindex":0,"rotation":0,"texture":"#0"},"north":{"uv":[5.25,7.75,5.625,7.875],"tintindex":0,"rotation":0,"texture":"#0"},"west":{"uv":[5.625,7.75,6.0,7.875],"tintindex":0,"rotation":0,"texture":"#0"},"up":{"uv":[5.625,7.75,5.25,7.375],"tintindex":0,"rotation":0,"texture":"#0"},"down":{"uv":[6.0,7.375,5.625,7.75],"tintindex":0,"rotation":0,"texture":"#0"}},"rotation":{"origin":[8.0,3.7999992,8.0],"angle":-45.0,"axis":"y"}},{"from":[6.6,7.579998,13.6],"to":[15.0,15.98,16.4],"faces":{"east":{"uv":[11.25,0.5,11.375,0.875],"tintindex":0,"rotation":0,"texture":"#0"},"south":{"uv":[11.875,0.5,12.25,0.875],"tintindex":0,"rotation":0,"texture":"#0"},"north":{"uv":[11.375,0.5,11.75,0.875],"tintindex":0,"rotation":0,"texture":"#0"},"west":{"uv":[11.75,0.5,11.875,0.875],"tintindex":0,"rotation":0,"texture":"#0"},"up":{"uv":[11.75,0.5,11.375,0.375],"tintindex":0,"rotation":0,"texture":"#0"},"down":{"uv":[12.125,0.375,11.75,0.5],"tintindex":0,"rotation":0,"texture":"#0"}},"rotation":{"origin":[8.0,8.98,15.0],"angle":45.0,"axis":"z"}}],"display":{"gui":{"rotation":[30,225,0]}}}