{"textures":{"0":"modelengine:entity/mso_lava_lord"},"elements":[{"from":[-2.8500004,2.4000015,-0.40000153],"to":[5.5499997,5.2000046,2.3999996],"faces":{"east":{"uv":[5.375,0.625,5.5,0.75],"tintindex":0,"rotation":0,"texture":"#0"},"south":{"uv":[6.0,0.625,6.375,0.75],"tintindex":0,"rotation":0,"texture":"#0"},"north":{"uv":[5.5,0.625,5.875,0.75],"tintindex":0,"rotation":0,"texture":"#0"},"west":{"uv":[5.875,0.625,6.0,0.75],"tintindex":0,"rotation":0,"texture":"#0"},"up":{"uv":[5.875,0.625,5.5,0.5],"tintindex":0,"rotation":0,"texture":"#0"},"down":{"uv":[6.25,0.5,5.875,0.625],"tintindex":0,"rotation":0,"texture":"#0"}},"rotation":{"origin":[1.3499999,4.5,1.0],"angle":22.5,"axis":"z"}},{"from":[-11.950001,6.600006,0.29999924],"to":[-7.75,10.800003,3.0999985],"faces":{"east":{"uv":[2.125,6.875,2.0,7.0],"tintindex":0,"rotation":0,"texture":"#0"},"south":{"uv":[2.25,6.875,2.125,7.0],"tintindex":0,"rotation":0,"texture":"#0"},"north":{"uv":[2.0,6.875,1.875,7.0],"tintindex":0,"rotation":0,"texture":"#0"},"west":{"uv":[1.875,6.875,1.75,7.0],"tintindex":0,"rotation":0,"texture":"#0"},"up":{"uv":[1.875,6.875,2.0,6.75],"tintindex":0,"rotation":0,"texture":"#0"},"down":{"uv":[2.0,6.75,2.125,6.875],"tintindex":0,"rotation":0,"texture":"#0"}},"rotation":{"origin":[-7.75,8.700005,1.6999989],"angle":-22.5,"axis":"z"}},{"from":[-13.0,5.2000046,5.199999],"to":[-10.200001,10.800003,10.799999],"faces":{"east":{"uv":[12.375,6.625,12.125,6.875],"tintindex":0,"rotation":0,"texture":"#0"},"south":{"uv":[12.5,6.625,12.375,6.875],"tintindex":0,"rotation":0,"texture":"#0"},"north":{"uv":[12.125,6.625,12.0,6.875],"tintindex":0,"rotation":0,"texture":"#0"},"west":{"uv":[12.0,6.625,11.75,6.875],"tintindex":0,"rotation":0,"texture":"#0"},"up":{"uv":[12.0,6.625,12.125,6.375],"tintindex":0,"rotation":0,"texture":"#0"},"down":{"uv":[12.125,6.375,12.25,6.625],"tintindex":0,"rotation":0,"texture":"#0"}}},{"from":[-11.6,1.0,1.0],"to":[8.0,9.400002,9.4],"faces":{"east":{"uv":[9.25,7.75,9.625,8.125],"tintindex":0,"rotation":0,"texture":"#0"},"south":{"uv":[10.875,7.75,11.75,8.125],"tintindex":0,"rotation":0,"texture":"#0"},"north":{"uv":[9.625,7.75,10.5,8.125],"tintindex":0,"rotation":0,"texture":"#0"},"west":{"uv":[10.5,7.75,10.875,8.125],"tintindex":0,"rotation":0,"texture":"#0"},"up":{"uv":[10.5,7.75,9.625,7.375],"tintindex":0,"rotation":0,"texture":"#0"},"down":{"uv":[11.375,7.375,10.5,7.75],"tintindex":0,"rotation":0,"texture":"#0"}}},{"from":[-6.0,0.30000305,0.29999924],"to":[2.3999996,8.700005,8.699999],"faces":{"east":{"uv":[10.625,10.375,11.0,10.75],"tintindex":0,"rotation":0,"texture":"#0"},"south":{"uv":[11.75,10.375,12.125,10.75],"tintindex":0,"rotation":0,"texture":"#0"},"north":{"uv":[11.0,10.375,11.375,10.75],"tintindex":0,"rotation":0,"texture":"#0"},"west":{"uv":[11.375,10.375,11.75,10.75],"tintindex":0,"rotation":0,"texture":"#0"},"up":{"uv":[11.375,10.375,11.0,10.0],"tintindex":0,"rotation":0,"texture":"#0"},"down":{"uv":[11.75,10.0,11.375,10.375],"tintindex":0,"rotation":0,"texture":"#0"}}},{"from":[4.1499996,6.600006,0.29999924],"to":[8.349999,10.800003,3.0999985],"faces":{"east":{"uv":[1.75,6.875,1.875,7.0],"tintindex":0,"rotation":0,"texture":"#0"},"south":{"uv":[2.125,6.875,2.25,7.0],"tintindex":0,"rotation":0,"texture":"#0"},"north":{"uv":[1.875,6.875,2.0,7.0],"tintindex":0,"rotation":0,"texture":"#0"},"west":{"uv":[2.0,6.875,2.125,7.0],"tintindex":0,"rotation":0,"texture":"#0"},"up":{"uv":[2.0,6.875,1.875,6.75],"tintindex":0,"rotation":0,"texture":"#0"},"down":{"uv":[2.125,6.75,2.0,6.875],"tintindex":0,"rotation":0,"texture":"#0"}},"rotation":{"origin":[4.1499996,8.700005,1.6999989],"angle":22.5,"axis":"z"}},{"from":[-7.05,8.700005,-0.40000153],"to":[-2.8500004,12.900002,2.3999996],"faces":{"east":{"uv":[3.125,6.625,3.0,6.75],"tintindex":0,"rotation":0,"texture":"#0"},"south":{"uv":[3.25,6.625,3.125,6.75],"tintindex":0,"rotation":0,"texture":"#0"},"north":{"uv":[3.0,6.625,2.875,6.75],"tintindex":0,"rotation":0,"texture":"#0"},"west":{"uv":[2.875,6.625,2.75,6.75],"tintindex":0,"rotation":0,"texture":"#0"},"up":{"uv":[2.875,6.625,3.0,6.5],"tintindex":0,"rotation":0,"texture":"#0"},"down":{"uv":[3.0,6.5,3.125,6.625],"tintindex":0,"rotation":0,"texture":"#0"}},"rotation":{"origin":[-7.05,10.800003,1.0],"angle":-45.0,"axis":"z"}},{"from":[-0.75,8.700005,-0.40000153],"to":[3.4499998,12.900002,2.3999996],"faces":{"east":{"uv":[2.75,6.625,2.875,6.75],"tintindex":0,"rotation":0,"texture":"#0"},"south":{"uv":[3.125,6.625,3.25,6.75],"tintindex":0,"rotation":0,"texture":"#0"},"north":{"uv":[2.875,6.625,3.0,6.75],"tintindex":0,"rotation":0,"texture":"#0"},"west":{"uv":[3.0,6.625,3.125,6.75],"tintindex":0,"rotation":0,"texture":"#0"},"up":{"uv":[3.0,6.625,2.875,6.5],"tintindex":0,"rotation":0,"texture":"#0"},"down":{"uv":[3.125,6.5,3.0,6.625],"tintindex":0,"rotation":0,"texture":"#0"}},"rotation":{"origin":[3.4499998,10.800003,1.0],"angle":45.0,"axis":"z"}},{"from":[6.5999994,5.2000046,5.199999],"to":[9.4,10.800003,10.799999],"faces":{"east":{"uv":[11.75,6.625,12.0,6.875],"tintindex":0,"rotation":0,"texture":"#0"},"south":{"uv":[12.375,6.625,12.5,6.875],"tintindex":0,"rotation":0,"texture":"#0"},"north":{"uv":[12.0,6.625,12.125,6.875],"tintindex":0,"rotation":0,"texture":"#0"},"west":{"uv":[12.125,6.625,12.375,6.875],"tintindex":0,"rotation":0,"texture":"#0"},"up":{"uv":[12.125,6.625,12.0,6.375],"tintindex":0,"rotation":0,"texture":"#0"},"down":{"uv":[12.25,6.375,12.125,6.625],"tintindex":0,"rotation":0,"texture":"#0"}}},{"from":[-9.15,2.4000015,-0.40000153],"to":[-0.75,5.2000046,2.3999996],"faces":{"east":{"uv":[6.0,0.625,5.875,0.75],"tintindex":0,"rotation":0,"texture":"#0"},"south":{"uv":[6.375,0.625,6.0,0.75],"tintindex":0,"rotation":0,"texture":"#0"},"north":{"uv":[5.875,0.625,5.5,0.75],"tintindex":0,"rotation":0,"texture":"#0"},"west":{"uv":[5.5,0.625,5.375,0.75],"tintindex":0,"rotation":0,"texture":"#0"},"up":{"uv":[5.5,0.625,5.875,0.5],"tintindex":0,"rotation":0,"texture":"#0"},"down":{"uv":[5.875,0.5,6.25,0.625],"tintindex":0,"rotation":0,"texture":"#0"}},"rotation":{"origin":[-4.950001,4.5,1.0],"angle":-22.5,"axis":"z"}}],"display":{"gui":{"rotation":[30,225,0]}}}