{"textures":{"0":"modelengine:entity/mso_lava_lord"},"elements":[{"from":[4.5,-1.0999994,-4.6000004],"to":[7.299999,5.9000006,-0.39999962],"faces":{"east":{"uv":[0.625,0.125,0.75,0.375],"tintindex":0,"rotation":0,"texture":"#0"},"south":{"uv":[1.0,0.125,1.125,0.375],"tintindex":0,"rotation":0,"texture":"#0"},"north":{"uv":[0.75,0.125,0.875,0.375],"tintindex":0,"rotation":0,"texture":"#0"},"west":{"uv":[0.875,0.125,1.0,0.375],"tintindex":0,"rotation":0,"texture":"#0"},"up":{"uv":[0.875,0.125,0.75,0.0],"tintindex":0,"rotation":0,"texture":"#0"},"down":{"uv":[1.0,0.0,0.875,0.125],"tintindex":0,"rotation":0,"texture":"#0"}}},{"from":[8.7,-1.0999994,-4.6000004],"to":[11.5,7.3,-0.39999962],"faces":{"east":{"uv":[0.0,2.5,0.125,2.875],"tintindex":0,"rotation":0,"texture":"#0"},"south":{"uv":[0.375,2.5,0.5,2.875],"tintindex":0,"rotation":0,"texture":"#0"},"north":{"uv":[0.125,2.5,0.25,2.875],"tintindex":0,"rotation":0,"texture":"#0"},"west":{"uv":[0.25,2.5,0.375,2.875],"tintindex":0,"rotation":0,"texture":"#0"},"up":{"uv":[0.25,2.5,0.125,2.375],"tintindex":0,"rotation":0,"texture":"#0"},"down":{"uv":[0.375,2.375,0.25,2.5],"tintindex":0,"rotation":0,"texture":"#0"}}},{"from":[1.6999998,-1.0999994,-4.6000004],"to":[4.5,4.5000005,-0.39999962],"faces":{"east":{"uv":[0.75,2.5,0.875,2.75],"tintindex":0,"rotation":0,"texture":"#0"},"south":{"uv":[1.125,2.5,1.25,2.75],"tintindex":0,"rotation":0,"texture":"#0"},"north":{"uv":[0.875,2.5,1.0,2.75],"tintindex":0,"rotation":0,"texture":"#0"},"west":{"uv":[1.0,2.5,1.125,2.75],"tintindex":0,"rotation":0,"texture":"#0"},"up":{"uv":[1.0,2.5,0.875,2.375],"tintindex":0,"rotation":0,"texture":"#0"},"down":{"uv":[1.125,2.375,1.0,2.5],"tintindex":0,"rotation":0,"texture":"#0"}},"rotation":{"origin":[4.5,4.5000005,-0.39999962],"angle":22.5,"axis":"y"}},{"from":[11.5,-1.0999994,-4.6000004],"to":[14.299999,5.9000006,-0.39999962],"faces":{"east":{"uv":[2.375,2.5,2.5,2.75],"tintindex":0,"rotation":0,"texture":"#0"},"south":{"uv":[2.75,2.5,2.875,2.75],"tintindex":0,"rotation":0,"texture":"#0"},"north":{"uv":[2.5,2.5,2.625,2.75],"tintindex":0,"rotation":0,"texture":"#0"},"west":{"uv":[2.625,2.5,2.75,2.75],"tintindex":0,"rotation":0,"texture":"#0"},"up":{"uv":[2.625,2.5,2.5,2.375],"tintindex":0,"rotation":0,"texture":"#0"},"down":{"uv":[2.75,2.375,2.625,2.5],"tintindex":0,"rotation":0,"texture":"#0"}},"rotation":{"origin":[11.5,4.5000005,-0.39999962],"angle":-22.5,"axis":"y"}},{"from":[2.3999996,-0.39999962,2.4],"to":[13.599999,8.0,13.6],"faces":{"east":{"uv":[8.125,5.25,8.625,5.625],"tintindex":0,"rotation":0,"texture":"#0"},"south":{"uv":[8.125,5.25,8.625,5.625],"tintindex":0,"rotation":0,"texture":"#0"},"north":{"uv":[7.625,5.25,8.125,5.625],"tintindex":0,"rotation":0,"texture":"#0"},"west":{"uv":[8.125,5.25,8.625,5.625],"tintindex":0,"rotation":0,"texture":"#0"},"up":{"uv":[8.125,5.25,7.625,4.75],"tintindex":0,"rotation":0,"texture":"#0"},"down":{"uv":[8.625,4.75,8.125,5.25],"tintindex":0,"rotation":0,"texture":"#0"}}},{"from":[2.3999996,-0.39999962,-3.1999998],"to":[13.599999,3.8000002,2.4],"faces":{"east":{"uv":[10.75,3.0,11.0,3.125],"tintindex":0,"rotation":0,"texture":"#0"},"south":{"uv":[11.75,3.0,12.25,3.125],"tintindex":0,"rotation":0,"texture":"#0"},"north":{"uv":[11.0,3.0,11.5,3.125],"tintindex":0,"rotation":0,"texture":"#0"},"west":{"uv":[11.5,3.0,11.75,3.125],"tintindex":0,"rotation":0,"texture":"#0"},"up":{"uv":[11.5,3.0,11.0,2.75],"tintindex":0,"rotation":0,"texture":"#0"},"down":{"uv":[12.0,2.75,11.5,3.0],"tintindex":0,"rotation":0,"texture":"#0"}}}],"display":{"gui":{"rotation":[30,225,0]}}}