{"textures":{"0":"modelengine:entity/mso_lava_lord"},"elements":[{"from":[-1.8000011,-11.6,-1.8000002],"to":[9.4,-0.40000153,17.8],"faces":{"east":{"uv":[2.375,3.5,2.75,3.75],"tintindex":0,"rotation":0,"texture":"#0"},"south":{"uv":[5.125,12.0,5.375,12.25],"tintindex":0,"rotation":0,"texture":"#0"},"north":{"uv":[5.125,12.0,5.375,12.25],"tintindex":0,"rotation":0,"texture":"#0"},"west":{"uv":[3.0,3.5,3.375,3.75],"tintindex":0,"rotation":0,"texture":"#0"},"up":{"uv":[3.0,3.5,2.75,3.125],"tintindex":0,"rotation":0,"texture":"#0"},"down":{"uv":[3.25,3.125,3.0,3.5],"tintindex":0,"rotation":0,"texture":"#0"}}},{"from":[12.199999,-11.6,6.6],"to":[17.8,-3.2000008,17.8],"faces":{"east":{"uv":[7.25,9.0,7.5,9.125],"tintindex":0,"rotation":0,"texture":"#0"},"south":{"uv":[7.875,9.0,8.0,9.125],"tintindex":0,"rotation":0,"texture":"#0"},"north":{"uv":[7.5,9.0,7.625,9.125],"tintindex":0,"rotation":0,"texture":"#0"},"west":{"uv":[7.625,9.0,7.875,9.125],"tintindex":0,"rotation":0,"texture":"#0"},"up":{"uv":[7.625,9.0,7.5,8.75],"tintindex":0,"rotation":0,"texture":"#0"},"down":{"uv":[7.75,8.75,7.625,9.0],"tintindex":0,"rotation":0,"texture":"#0"}}},{"from":[10.799999,-0.40000153,6.6],"to":[22.0,10.799999,17.8],"faces":{"east":{"uv":[5.125,12.0,5.375,12.25],"tintindex":0,"rotation":0,"texture":"#0"},"south":{"uv":[5.125,12.0,5.375,12.25],"tintindex":0,"rotation":0,"texture":"#0"},"north":{"uv":[5.125,12.0,5.375,12.25],"tintindex":0,"rotation":0,"texture":"#0"},"west":{"uv":[5.125,12.0,5.375,12.25],"tintindex":0,"rotation":0,"texture":"#0"},"up":{"uv":[5.125,12.0,5.375,12.25],"tintindex":0,"rotation":0,"texture":"#0"},"down":{"uv":[5.125,12.0,5.375,12.25],"tintindex":0,"rotation":0,"texture":"#0"}}},{"from":[-3.2000008,-0.40000153,-3.1999998],"to":[8.0,10.799999,19.2],"faces":{"east":{"uv":[10.0,1.625,10.5,1.875],"tintindex":0,"rotation":0,"texture":"#0"},"south":{"uv":[5.125,12.0,5.375,12.25],"tintindex":0,"rotation":0,"texture":"#0"},"north":{"uv":[5.125,12.0,5.375,12.25],"tintindex":0,"rotation":0,"texture":"#0"},"west":{"uv":[10.75,1.625,11.25,1.875],"tintindex":0,"rotation":0,"texture":"#0"},"up":{"uv":[10.75,1.625,10.5,1.125],"tintindex":0,"rotation":0,"texture":"#0"},"down":{"uv":[11.0,1.125,10.75,1.625],"tintindex":0,"rotation":0,"texture":"#0"}}},{"from":[12.199999,2.3999977,-1.8000002],"to":[20.599998,10.799999,3.8000002],"faces":{"east":{"uv":[0.0,5.5,0.125,5.625],"tintindex":0,"rotation":0,"texture":"#0"},"south":{"uv":[0.375,5.5,0.5,5.625],"tintindex":0,"rotation":0,"texture":"#0"},"north":{"uv":[0.125,5.5,0.25,5.625],"tintindex":0,"rotation":0,"texture":"#0"},"west":{"uv":[0.25,5.5,0.375,5.625],"tintindex":0,"rotation":0,"texture":"#0"},"up":{"uv":[0.25,5.5,0.125,5.375],"tintindex":0,"rotation":0,"texture":"#0"},"down":{"uv":[0.375,5.375,0.25,5.5],"tintindex":0,"rotation":0,"texture":"#0"}}},{"from":[-0.40000153,-14.400002,-0.39999962],"to":[16.4,8.0,16.4],"faces":{"east":{"uv":[10.125,4.125,10.5,4.625],"tintindex":0,"rotation":0,"texture":"#0"},"south":{"uv":[11.25,4.125,11.625,4.625],"tintindex":0,"rotation":0,"texture":"#0"},"north":{"uv":[10.5,4.125,10.875,4.625],"tintindex":0,"rotation":0,"texture":"#0"},"west":{"uv":[10.875,4.125,11.25,4.625],"tintindex":0,"rotation":0,"texture":"#0"},"up":{"uv":[10.875,4.125,10.5,3.75],"tintindex":0,"rotation":0,"texture":"#0"},"down":{"uv":[11.25,3.75,10.875,4.125],"tintindex":0,"rotation":0,"texture":"#0"}}},{"from":[12.199999,-14.400002,-1.8000002],"to":[17.8,-8.800001,3.8000002],"faces":{"east":{"uv":[2.5,2.875,2.625,3.0],"tintindex":0,"rotation":0,"texture":"#0"},"south":{"uv":[2.5,2.875,2.625,3.0],"tintindex":0,"rotation":0,"texture":"#0"},"north":{"uv":[2.5,2.875,2.625,3.0],"tintindex":0,"rotation":0,"texture":"#0"},"west":{"uv":[2.5,2.875,2.625,3.0],"tintindex":0,"rotation":0,"texture":"#0"},"up":{"uv":[2.5,2.875,2.625,3.0],"tintindex":0,"rotation":0,"texture":"#0"},"down":{"uv":[2.5,2.875,2.625,3.0],"tintindex":0,"rotation":0,"texture":"#0"}}},{"from":[-3.2000008,-6.0,2.4],"to":[2.3999996,5.200001,13.6],"faces":{"east":{"uv":[2.25,12.0,2.5,12.25],"tintindex":0,"rotation":0,"texture":"#0"},"south":{"uv":[5.875,10.5,6.0,10.75],"tintindex":0,"rotation":0,"texture":"#0"},"north":{"uv":[6.625,10.5,6.75,10.75],"tintindex":0,"rotation":0,"texture":"#0"},"west":{"uv":[5.125,12.0,5.375,12.25],"tintindex":0,"rotation":0,"texture":"#0"},"up":{"uv":[6.0,10.75,5.875,10.5],"tintindex":0,"rotation":0,"texture":"#0"},"down":{"uv":[2.75,11.75,2.625,12.0],"tintindex":0,"rotation":0,"texture":"#0"}},"rotation":{"origin":[-3.2000008,-6.0,8.0],"angle":22.5,"axis":"z"}},{"from":[-3.2000008,5.200001,-0.39999962],"to":[2.3999996,10.799999,16.4],"faces":{"east":{"uv":[1.75,7.375,2.125,7.5],"tintindex":0,"rotation":0,"texture":"#0"},"south":{"uv":[5.875,10.5,6.0,10.625],"tintindex":0,"rotation":0,"texture":"#0"},"north":{"uv":[5.875,10.5,6.0,10.625],"tintindex":0,"rotation":0,"texture":"#0"},"west":{"uv":[2.25,7.375,2.625,7.5],"tintindex":0,"rotation":0,"texture":"#0"},"up":{"uv":[2.25,7.375,2.125,7.0],"tintindex":0,"rotation":0,"texture":"#0"},"down":{"uv":[2.375,7.0,2.25,7.375],"tintindex":0,"rotation":0,"texture":"#0"}},"rotation":{"origin":[-3.2000008,5.200001,8.0],"angle":22.5,"axis":"z"}},{"from":[12.199999,-6.0,-1.8000002],"to":[17.8,2.3999977,3.8000002],"faces":{"east":{"uv":[3.375,3.25,3.5,3.375],"tintindex":0,"rotation":0,"texture":"#0"},"south":{"uv":[3.375,3.25,3.5,3.375],"tintindex":0,"rotation":0,"texture":"#0"},"north":{"uv":[3.375,3.25,3.5,3.375],"tintindex":0,"rotation":0,"texture":"#0"},"west":{"uv":[3.375,3.25,3.5,3.375],"tintindex":0,"rotation":0,"texture":"#0"},"up":{"uv":[3.375,3.25,3.5,3.375],"tintindex":0,"rotation":0,"texture":"#0"},"down":{"uv":[3.375,3.25,3.5,3.375],"tintindex":0,"rotation":0,"texture":"#0"}}}],"display":{"gui":{"rotation":[30,225,0]}}}