{"textures":{"0":"modelengine:entity/mso_lava_lord"},"elements":[{"from":[0.066666126,14.066666,6.600001],"to":[4.7333326,21.533337,9.400001],"faces":{"east":{"uv":[12.125,3.875,12.0,4.375],"tintindex":0,"rotation":0,"texture":"#0"},"south":{"uv":[12.375,3.875,12.125,4.375],"tintindex":0,"rotation":0,"texture":"#0"},"north":{"uv":[12.0,3.875,11.75,4.375],"tintindex":0,"rotation":0,"texture":"#0"},"west":{"uv":[11.75,3.875,11.625,4.375],"tintindex":0,"rotation":0,"texture":"#0"},"up":{"uv":[11.75,3.875,12.0,3.75],"tintindex":0,"rotation":0,"texture":"#0"},"down":{"uv":[12.0,3.75,12.25,3.875],"tintindex":0,"rotation":0,"texture":"#0"}},"rotation":{"origin":[0.5333333,14.066666,8.933334],"angle":-22.5,"axis":"z"}},{"from":[5.2,6.1333313,7.066667],"to":[8.933333,9.866669,8.933334],"faces":{"east":{"uv":[12.25,7.875,12.125,8.125],"tintindex":0,"rotation":0,"texture":"#0"},"south":{"uv":[12.5,7.875,12.25,8.125],"tintindex":0,"rotation":0,"texture":"#0"},"north":{"uv":[12.125,7.875,11.875,8.125],"tintindex":0,"rotation":0,"texture":"#0"},"west":{"uv":[11.875,7.875,11.75,8.125],"tintindex":0,"rotation":0,"texture":"#0"},"up":{"uv":[11.875,7.875,12.125,7.75],"tintindex":0,"rotation":0,"texture":"#0"},"down":{"uv":[12.125,7.75,12.375,7.875],"tintindex":0,"rotation":0,"texture":"#0"}}},{"from":[-0.39999962,5.2000017,6.1333337],"to":[5.2,14.533336,9.866668],"faces":{"east":{"uv":[11.625,2.125,11.375,2.75],"tintindex":0,"rotation":0,"texture":"#0"},"south":{"uv":[12.0,2.125,11.625,2.75],"tintindex":0,"rotation":0,"texture":"#0"},"north":{"uv":[11.375,2.125,11.0,2.75],"tintindex":0,"rotation":0,"texture":"#0"},"west":{"uv":[11.0,2.125,10.75,2.75],"tintindex":0,"rotation":0,"texture":"#0"},"up":{"uv":[11.0,2.125,11.375,1.875],"tintindex":0,"rotation":0,"texture":"#0"},"down":{"uv":[11.375,1.875,11.75,2.125],"tintindex":0,"rotation":0,"texture":"#0"}}},{"from":[3.3333325,20.880001,7.066667],"to":[7.066666,26.480001,8.933334],"faces":{"east":{"uv":[7.75,11.875,7.625,12.25],"tintindex":0,"rotation":0,"texture":"#0"},"south":{"uv":[8.0,11.875,7.75,12.25],"tintindex":0,"rotation":0,"texture":"#0"},"north":{"uv":[7.625,11.875,7.375,12.25],"tintindex":0,"rotation":0,"texture":"#0"},"west":{"uv":[7.375,11.875,7.25,12.25],"tintindex":0,"rotation":0,"texture":"#0"},"up":{"uv":[7.375,11.875,7.625,11.75],"tintindex":0,"rotation":0,"texture":"#0"},"down":{"uv":[7.625,11.75,7.875,11.875],"tintindex":0,"rotation":0,"texture":"#0"}},"rotation":{"origin":[3.3333325,20.880001,8.933334],"angle":-45.0,"axis":"z"}}],"display":{"gui":{"rotation":[30,225,0]}}}