{"textures":{"0":"modelengine:entity/mso_lava_lord"},"elements":[{"from":[-10.666668,14.533331,14.533334],"to":[4.2666664,18.266663,16.400002],"faces":{"east":{"uv":[3.0,9.0,3.125,9.25],"tintindex":0,"rotation":0,"texture":"#0"},"south":{"uv":[3.125,9.0,4.125,9.25],"tintindex":0,"rotation":0,"texture":"#0"},"north":{"uv":[3.125,9.0,4.125,9.25],"tintindex":0,"rotation":0,"texture":"#0"},"west":{"uv":[4.125,9.0,4.25,9.25],"tintindex":0,"rotation":0,"texture":"#0"},"up":{"uv":[4.125,9.0,3.125,8.875],"tintindex":0,"rotation":0,"texture":"#0"},"down":{"uv":[5.125,8.875,4.125,9.0],"tintindex":0,"rotation":0,"texture":"#0"}},"rotation":{"origin":[4.2666664,14.533331,14.533334],"angle":45.0,"axis":"z"}},{"from":[-3.2000008,-6.9333344,2.4],"to":[8.0,0.53332996,15.466667],"faces":{"east":{"uv":[7.25,6.875,8.125,7.375],"tintindex":0,"rotation":0,"texture":"#0"},"south":{"uv":[6.5,6.875,7.25,7.375],"tintindex":0,"rotation":0,"texture":"#0"},"north":{"uv":[6.5,6.875,7.25,7.375],"tintindex":0,"rotation":0,"texture":"#0"},"west":{"uv":[7.25,6.875,8.125,7.375],"tintindex":0,"rotation":0,"texture":"#0"},"up":{"uv":[7.25,6.875,6.5,6.0],"tintindex":0,"rotation":0,"texture":"#0"},"down":{"uv":[7.25,6.0,6.5,6.875],"tintindex":0,"rotation":0,"texture":"#0"}}},{"from":[-10.666668,14.533331,-0.40000057],"to":[4.2666664,18.266663,1.4666662],"faces":{"east":{"uv":[3.0,9.0,3.125,9.25],"tintindex":0,"rotation":0,"texture":"#0"},"south":{"uv":[3.125,9.0,4.125,9.25],"tintindex":0,"rotation":0,"texture":"#0"},"north":{"uv":[3.125,9.0,4.125,9.25],"tintindex":0,"rotation":0,"texture":"#0"},"west":{"uv":[4.125,9.0,4.25,9.25],"tintindex":0,"rotation":0,"texture":"#0"},"up":{"uv":[4.125,9.0,3.125,8.875],"tintindex":0,"rotation":0,"texture":"#0"},"down":{"uv":[5.125,8.875,4.125,9.0],"tintindex":0,"rotation":0,"texture":"#0"}},"rotation":{"origin":[4.2666664,14.533331,1.4666662],"angle":45.0,"axis":"z"}},{"from":[-1.3333349,-13.466671,3.333333],"to":[6.1333323,-7.8666687,12.666667],"faces":{"east":{"uv":[7.75,9.625,8.375,10.0],"tintindex":0,"rotation":0,"texture":"#0"},"south":{"uv":[9.5,9.625,10.0,10.0],"tintindex":0,"rotation":0,"texture":"#0"},"north":{"uv":[8.375,9.625,8.875,10.0],"tintindex":0,"rotation":0,"texture":"#0"},"west":{"uv":[8.875,9.625,9.5,10.0],"tintindex":0,"rotation":0,"texture":"#0"},"up":{"uv":[8.875,9.625,8.375,9.0],"tintindex":0,"rotation":0,"texture":"#0"},"down":{"uv":[9.375,9.0,8.875,9.625],"tintindex":0,"rotation":0,"texture":"#0"}}},{"from":[-2.2666664,-7.8666687,3.333333],"to":[7.066667,1.4666643,14.533334],"faces":{"east":{"uv":[8.0,1.875,8.75,2.5],"tintindex":0,"rotation":0,"texture":"#0"},"south":{"uv":[10.125,1.875,10.75,2.5],"tintindex":0,"rotation":0,"texture":"#0"},"north":{"uv":[8.75,1.875,9.375,2.5],"tintindex":0,"rotation":0,"texture":"#0"},"west":{"uv":[9.375,1.875,10.125,2.5],"tintindex":0,"rotation":0,"texture":"#0"},"up":{"uv":[9.375,1.875,8.75,1.125],"tintindex":0,"rotation":0,"texture":"#0"},"down":{"uv":[10.0,1.125,9.375,1.875],"tintindex":0,"rotation":0,"texture":"#0"}}},{"from":[-0.40000057,2.3999987,0.5333333],"to":[5.200001,15.466665,15.466667],"faces":{"east":{"uv":[7.125,3.875,8.125,4.75],"tintindex":0,"rotation":0,"texture":"#0"},"south":{"uv":[8.5,3.875,8.125,4.75],"tintindex":0,"rotation":0,"texture":"#0"},"north":{"uv":[8.125,3.875,8.5,4.75],"tintindex":0,"rotation":0,"texture":"#0"},"west":{"uv":[8.5,3.875,9.5,4.75],"tintindex":0,"rotation":0,"texture":"#0"},"up":{"uv":[1.375,7.5,1.0,6.5],"tintindex":0,"rotation":0,"texture":"#0"},"down":{"uv":[8.875,2.875,8.5,3.875],"tintindex":0,"rotation":0,"texture":"#0"}}},{"from":[-7.8666677,2.3999987,0.5333333],"to":[-2.2666664,15.466665,15.466667],"faces":{"east":{"uv":[0.0,7.5,1.0,8.375],"tintindex":0,"rotation":0,"texture":"#0"},"south":{"uv":[1.375,7.5,1.0,8.375],"tintindex":0,"rotation":0,"texture":"#0"},"north":{"uv":[1.0,7.5,1.375,8.375],"tintindex":0,"rotation":0,"texture":"#0"},"west":{"uv":[1.375,7.5,2.375,8.375],"tintindex":0,"rotation":0,"texture":"#0"},"up":{"uv":[1.375,7.5,1.0,6.5],"tintindex":0,"rotation":0,"texture":"#0"},"down":{"uv":[1.375,6.5,1.0,7.5],"tintindex":0,"rotation":0,"texture":"#0"}}},{"from":[-10.666668,5.199997,-1.333334],"to":[4.2666664,8.93333,0.5333333],"faces":{"east":{"uv":[8.875,3.5,9.0,3.75],"tintindex":0,"rotation":0,"texture":"#0"},"south":{"uv":[9.0,3.5,10.0,3.75],"tintindex":0,"rotation":0,"texture":"#0"},"north":{"uv":[9.0,3.5,10.0,3.75],"tintindex":0,"rotation":0,"texture":"#0"},"west":{"uv":[10.0,3.5,10.125,3.75],"tintindex":0,"rotation":0,"texture":"#0"},"up":{"uv":[10.0,3.5,9.0,3.375],"tintindex":0,"rotation":0,"texture":"#0"},"down":{"uv":[11.0,3.375,10.0,3.5],"tintindex":0,"rotation":0,"texture":"#0"}},"rotation":{"origin":[4.2666664,5.199997,0.5333333],"angle":-22.5,"axis":"z"}},{"from":[-10.666668,5.199997,15.466667],"to":[4.2666664,8.93333,17.333334],"faces":{"east":{"uv":[8.875,3.5,9.0,3.75],"tintindex":0,"rotation":0,"texture":"#0"},"south":{"uv":[9.0,3.5,10.0,3.75],"tintindex":0,"rotation":0,"texture":"#0"},"north":{"uv":[9.0,3.5,10.0,3.75],"tintindex":0,"rotation":0,"texture":"#0"},"west":{"uv":[10.0,3.5,10.125,3.75],"tintindex":0,"rotation":0,"texture":"#0"},"up":{"uv":[10.0,3.5,9.0,3.375],"tintindex":0,"rotation":0,"texture":"#0"},"down":{"uv":[11.0,3.375,10.0,3.5],"tintindex":0,"rotation":0,"texture":"#0"}},"rotation":{"origin":[4.2666664,5.199997,15.466667],"angle":-22.5,"axis":"z"}},{"from":[-4.133333,1.4666643,1.4666662],"to":[8.933333,14.533331,14.533334],"faces":{"east":{"uv":[0.0,5.625,0.875,6.5],"tintindex":0,"rotation":0,"texture":"#0"},"south":{"uv":[2.625,5.625,3.5,6.5],"tintindex":0,"rotation":0,"texture":"#0"},"north":{"uv":[0.875,5.625,1.75,6.5],"tintindex":0,"rotation":0,"texture":"#0"},"west":{"uv":[1.75,5.625,2.625,6.5],"tintindex":0,"rotation":0,"texture":"#0"},"up":{"uv":[1.75,5.625,0.875,4.75],"tintindex":0,"rotation":0,"texture":"#0"},"down":{"uv":[2.625,4.75,1.75,5.625],"tintindex":0,"rotation":0,"texture":"#0"}}}],"display":{"gui":{"rotation":[30,225,0]}}}