{"textures":{"0":"modelengine:entity/mso_lava_lord"},"elements":[{"from":[0.9999995,0.9999981,2.4],"to":[6.6,6.5999985,13.6],"faces":{"east":{"uv":[3.0,11.0,3.5,11.25],"tintindex":0,"rotation":0,"texture":"#0"},"south":{"uv":[5.125,12.0,5.375,12.25],"tintindex":0,"rotation":0,"texture":"#0"},"north":{"uv":[5.125,12.0,5.375,12.25],"tintindex":0,"rotation":0,"texture":"#0"},"west":{"uv":[3.75,11.0,4.25,11.25],"tintindex":0,"rotation":0,"texture":"#0"},"up":{"uv":[3.75,11.0,3.5,10.5],"tintindex":0,"rotation":0,"texture":"#0"},"down":{"uv":[4.0,10.5,3.75,11.0],"tintindex":0,"rotation":0,"texture":"#0"}}},{"from":[2.4,-8.800001,4.5],"to":[10.8,8.0,11.5],"faces":{"east":{"uv":[10.625,5.875,10.875,6.625],"tintindex":0,"rotation":0,"texture":"#0"},"south":{"uv":[11.5,5.875,11.875,6.625],"tintindex":0,"rotation":0,"texture":"#0"},"north":{"uv":[10.875,5.875,11.25,6.625],"tintindex":0,"rotation":0,"texture":"#0"},"west":{"uv":[11.25,5.875,11.5,6.625],"tintindex":0,"rotation":0,"texture":"#0"},"up":{"uv":[11.25,5.875,10.875,5.625],"tintindex":0,"rotation":0,"texture":"#0"},"down":{"uv":[11.625,5.625,11.25,5.875],"tintindex":0,"rotation":0,"texture":"#0"}}},{"from":[0.9999995,3.7999992,3.8000002],"to":[3.7999997,9.399998,12.2],"faces":{"east":{"uv":[7.5,11.5,7.875,11.75],"tintindex":0,"rotation":0,"texture":"#0"},"south":{"uv":[6.625,10.5,6.75,10.75],"tintindex":0,"rotation":0,"texture":"#0"},"north":{"uv":[6.625,10.5,6.75,10.75],"tintindex":0,"rotation":0,"texture":"#0"},"west":{"uv":[8.0,11.5,8.375,11.75],"tintindex":0,"rotation":0,"texture":"#0"},"up":{"uv":[8.0,11.5,7.875,11.125],"tintindex":0,"rotation":0,"texture":"#0"},"down":{"uv":[8.125,11.125,8.0,11.5],"tintindex":0,"rotation":0,"texture":"#0"}},"rotation":{"origin":[0.9999995,3.7999992,8.0],"angle":22.5,"axis":"z"}},{"from":[0.9999995,-4.6000023,3.8000002],"to":[3.7999997,0.9999981,12.2],"faces":{"east":{"uv":[11.125,7.0,11.5,7.25],"tintindex":0,"rotation":0,"texture":"#0"},"south":{"uv":[6.625,10.5,6.75,10.75],"tintindex":0,"rotation":0,"texture":"#0"},"north":{"uv":[6.625,10.5,6.75,10.75],"tintindex":0,"rotation":0,"texture":"#0"},"west":{"uv":[11.625,7.0,12.0,7.25],"tintindex":0,"rotation":0,"texture":"#0"},"up":{"uv":[11.625,7.0,11.5,6.625],"tintindex":0,"rotation":0,"texture":"#0"},"down":{"uv":[11.75,6.625,11.625,7.0],"tintindex":0,"rotation":0,"texture":"#0"}},"rotation":{"origin":[0.9999995,-4.6000023,8.0],"angle":22.5,"axis":"z"}},{"from":[1.7000003,-4.6000023,3.1],"to":[5.9,0.9999981,12.9],"faces":{"east":{"uv":[1.5,8.75,1.875,9.0],"tintindex":0,"rotation":0,"texture":"#0"},"south":{"uv":[1.875,8.75,2.0,9.0],"tintindex":0,"rotation":0,"texture":"#0"},"north":{"uv":[1.875,8.75,2.0,9.0],"tintindex":0,"rotation":0,"texture":"#0"},"west":{"uv":[2.0,8.75,2.375,9.0],"tintindex":0,"rotation":0,"texture":"#0"},"up":{"uv":[2.0,8.75,1.875,8.375],"tintindex":0,"rotation":0,"texture":"#0"},"down":{"uv":[2.125,8.375,2.0,8.75],"tintindex":0,"rotation":0,"texture":"#0"}}},{"from":[-0.39999962,0.29999924,5.2],"to":[2.4,5.8999977,10.8],"faces":{"east":{"uv":[3.0,12.0,3.25,12.25],"tintindex":0,"rotation":0,"texture":"#0"},"south":{"uv":[6.625,10.5,6.75,10.75],"tintindex":0,"rotation":0,"texture":"#0"},"north":{"uv":[5.875,10.5,6.0,10.75],"tintindex":0,"rotation":0,"texture":"#0"},"west":{"uv":[3.375,12.0,3.625,12.25],"tintindex":0,"rotation":0,"texture":"#0"},"up":{"uv":[6.0,10.75,5.875,10.5],"tintindex":0,"rotation":0,"texture":"#0"},"down":{"uv":[3.5,11.75,3.375,12.0],"tintindex":0,"rotation":0,"texture":"#0"}},"rotation":{"origin":[-0.39999962,0.29999924,8.0],"angle":22.5,"axis":"z"}},{"from":[7.2999997,-4.6000023,3.1],"to":[11.5,3.7999992,12.9],"faces":{"east":{"uv":[5.625,11.5,6.0,11.875],"tintindex":0,"rotation":0,"texture":"#0"},"south":{"uv":[0.75,10.5,0.875,10.875],"tintindex":0,"rotation":0,"texture":"#0"},"north":{"uv":[0.75,10.5,0.875,10.875],"tintindex":0,"rotation":0,"texture":"#0"},"west":{"uv":[0.5,8.75,0.875,9.125],"tintindex":0,"rotation":0,"texture":"#0"},"up":{"uv":[0.5,8.75,0.375,8.375],"tintindex":0,"rotation":0,"texture":"#0"},"down":{"uv":[0.625,8.375,0.5,8.75],"tintindex":0,"rotation":0,"texture":"#0"}}}],"display":{"gui":{"rotation":[30,225,0]}}}