{"textures":{"0":"modelengine:entity/mso_lava_lord"},"elements":[{"from":[2.3999977,-12.299999,-5.999999],"to":[5.200001,-6.700001,-0.39999962],"faces":{"east":{"uv":[6.125,4.5,5.875,4.75],"tintindex":0,"rotation":0,"texture":"#0"},"south":{"uv":[5.875,4.25,5.75,4.5],"tintindex":0,"rotation":0,"texture":"#0"},"north":{"uv":[5.875,4.25,5.75,4.5],"tintindex":0,"rotation":0,"texture":"#0"},"west":{"uv":[5.75,4.5,5.5,4.75],"tintindex":0,"rotation":0,"texture":"#0"},"up":{"uv":[5.75,4.5,5.875,4.25],"tintindex":0,"rotation":0,"texture":"#0"},"down":{"uv":[5.75,4.25,5.875,4.5],"tintindex":0,"rotation":0,"texture":"#0"}},"rotation":{"origin":[69.6,-9.5,-3.1999998],"angle":45.0,"axis":"x"}},{"from":[20.599998,-11.6,10.8],"to":[23.4,-6.0,16.4],"faces":{"east":{"uv":[5.5,4.5,5.75,4.75],"tintindex":0,"rotation":0,"texture":"#0"},"south":{"uv":[5.75,4.25,5.875,4.5],"tintindex":0,"rotation":0,"texture":"#0"},"north":{"uv":[5.75,4.25,5.875,4.5],"tintindex":0,"rotation":0,"texture":"#0"},"west":{"uv":[5.875,4.5,6.125,4.75],"tintindex":0,"rotation":0,"texture":"#0"},"up":{"uv":[5.875,4.5,5.75,4.25],"tintindex":0,"rotation":0,"texture":"#0"},"down":{"uv":[5.875,4.25,5.75,4.5],"tintindex":0,"rotation":0,"texture":"#0"}},"rotation":{"origin":[22.0,-8.799999,13.6],"angle":45.0,"axis":"x"}},{"from":[19.9,-7.3999996,2.4000006],"to":[22.699999,-1.7999992,8.0],"faces":{"east":{"uv":[5.5,4.5,5.75,4.75],"tintindex":0,"rotation":0,"texture":"#0"},"south":{"uv":[5.75,4.25,5.875,4.5],"tintindex":0,"rotation":0,"texture":"#0"},"north":{"uv":[5.75,4.25,5.875,4.5],"tintindex":0,"rotation":0,"texture":"#0"},"west":{"uv":[5.875,4.5,6.125,4.75],"tintindex":0,"rotation":0,"texture":"#0"},"up":{"uv":[5.875,4.5,5.75,4.25],"tintindex":0,"rotation":0,"texture":"#0"},"down":{"uv":[5.875,4.25,5.75,4.5],"tintindex":0,"rotation":0,"texture":"#0"}},"rotation":{"origin":[21.3,-4.6000004,5.2],"angle":45.0,"axis":"x"}},{"from":[16.4,-13.0,10.8],"to":[19.199999,-1.7999992,16.4],"faces":{"east":{"uv":[0.0,10.0,0.25,10.5],"tintindex":0,"rotation":0,"texture":"#0"},"south":{"uv":[0.625,10.0,0.75,10.5],"tintindex":0,"rotation":0,"texture":"#0"},"north":{"uv":[0.25,10.0,0.375,10.5],"tintindex":0,"rotation":0,"texture":"#0"},"west":{"uv":[0.375,10.0,0.625,10.5],"tintindex":0,"rotation":0,"texture":"#0"},"up":{"uv":[0.375,10.0,0.25,9.75],"tintindex":0,"rotation":0,"texture":"#0"},"down":{"uv":[0.5,9.75,0.375,10.0],"tintindex":0,"rotation":0,"texture":"#0"}}},{"from":[16.4,-13.0,2.4000006],"to":[19.199999,-1.7999992,8.0],"faces":{"east":{"uv":[8.75,10.375,9.0,10.875],"tintindex":0,"rotation":0,"texture":"#0"},"south":{"uv":[9.375,10.375,9.5,10.875],"tintindex":0,"rotation":0,"texture":"#0"},"north":{"uv":[9.0,10.375,9.125,10.875],"tintindex":0,"rotation":0,"texture":"#0"},"west":{"uv":[9.125,10.375,9.375,10.875],"tintindex":0,"rotation":0,"texture":"#0"},"up":{"uv":[9.125,10.375,9.0,10.125],"tintindex":0,"rotation":0,"texture":"#0"},"down":{"uv":[9.25,10.125,9.125,10.375],"tintindex":0,"rotation":0,"texture":"#0"}}},{"from":[5.200001,-13.0,10.8],"to":[16.4,-10.200001,16.4],"faces":{"east":{"uv":[5.5,4.125,5.75,4.25],"tintindex":0,"rotation":0,"texture":"#0"},"south":{"uv":[6.5,4.125,7.0,4.25],"tintindex":0,"rotation":0,"texture":"#0"},"north":{"uv":[5.75,4.125,6.25,4.25],"tintindex":0,"rotation":0,"texture":"#0"},"west":{"uv":[6.25,4.125,6.5,4.25],"tintindex":0,"rotation":0,"texture":"#0"},"up":{"uv":[6.25,4.125,5.75,3.875],"tintindex":0,"rotation":0,"texture":"#0"},"down":{"uv":[6.75,3.875,6.25,4.125],"tintindex":0,"rotation":0,"texture":"#0"}}},{"from":[2.3999977,-12.299999,2.4000006],"to":[5.200001,-6.700001,8.0],"faces":{"east":{"uv":[6.125,4.5,5.875,4.75],"tintindex":0,"rotation":0,"texture":"#0"},"south":{"uv":[5.875,4.25,5.75,4.5],"tintindex":0,"rotation":0,"texture":"#0"},"north":{"uv":[5.875,4.25,5.75,4.5],"tintindex":0,"rotation":0,"texture":"#0"},"west":{"uv":[5.75,4.5,5.5,4.75],"tintindex":0,"rotation":0,"texture":"#0"},"up":{"uv":[5.75,4.5,5.875,4.25],"tintindex":0,"rotation":0,"texture":"#0"},"down":{"uv":[5.75,4.25,5.875,4.5],"tintindex":0,"rotation":0,"texture":"#0"}},"rotation":{"origin":[69.6,-9.5,5.2],"angle":45.0,"axis":"x"}},{"from":[8.700001,-15.799999,10.8],"to":[22.699999,-10.200001,16.4],"faces":{"east":{"uv":[5.5,4.5,5.75,4.75],"tintindex":0,"rotation":0,"texture":"#0"},"south":{"uv":[5.375,6.0,6.0,6.25],"tintindex":0,"rotation":0,"texture":"#0"},"north":{"uv":[4.75,6.25,5.375,6.5],"tintindex":0,"rotation":0,"texture":"#0"},"west":{"uv":[5.375,6.25,5.625,6.5],"tintindex":0,"rotation":0,"texture":"#0"},"up":{"uv":[5.375,6.25,4.75,6.5],"tintindex":0,"rotation":0,"texture":"#0"},"down":{"uv":[6.0,6.0,5.375,6.25],"tintindex":0,"rotation":0,"texture":"#0"}},"rotation":{"origin":[21.3,-13.0,13.6],"angle":45.0,"axis":"x"}},{"from":[5.200001,-13.0,2.4000006],"to":[16.4,-10.200001,8.0],"faces":{"east":{"uv":[9.25,8.375,9.5,8.5],"tintindex":0,"rotation":0,"texture":"#0"},"south":{"uv":[10.25,8.375,10.75,8.5],"tintindex":0,"rotation":0,"texture":"#0"},"north":{"uv":[9.5,8.375,10.0,8.5],"tintindex":0,"rotation":0,"texture":"#0"},"west":{"uv":[10.0,8.375,10.25,8.5],"tintindex":0,"rotation":0,"texture":"#0"},"up":{"uv":[10.0,8.375,9.5,8.125],"tintindex":0,"rotation":0,"texture":"#0"},"down":{"uv":[10.5,8.125,10.0,8.375],"tintindex":0,"rotation":0,"texture":"#0"}}},{"from":[8.700001,-15.799999,2.4000006],"to":[22.699999,-10.200001,8.0],"faces":{"east":{"uv":[5.5,4.5,5.75,4.75],"tintindex":0,"rotation":0,"texture":"#0"},"south":{"uv":[5.375,6.0,6.0,6.25],"tintindex":0,"rotation":0,"texture":"#0"},"north":{"uv":[4.75,6.25,5.375,6.5],"tintindex":0,"rotation":0,"texture":"#0"},"west":{"uv":[5.375,6.25,5.625,6.5],"tintindex":0,"rotation":0,"texture":"#0"},"up":{"uv":[5.375,6.25,4.75,6.5],"tintindex":0,"rotation":0,"texture":"#0"},"down":{"uv":[6.0,6.0,5.375,6.25],"tintindex":0,"rotation":0,"texture":"#0"}},"rotation":{"origin":[21.3,-13.0,5.2],"angle":45.0,"axis":"x"}},{"from":[5.200001,-13.0,-5.999999],"to":[16.4,-10.200001,-0.39999962],"faces":{"east":{"uv":[10.75,0.25,11.0,0.375],"tintindex":0,"rotation":0,"texture":"#0"},"south":{"uv":[11.75,0.25,12.25,0.375],"tintindex":0,"rotation":0,"texture":"#0"},"north":{"uv":[11.0,0.25,11.5,0.375],"tintindex":0,"rotation":0,"texture":"#0"},"west":{"uv":[11.5,0.25,11.75,0.375],"tintindex":0,"rotation":0,"texture":"#0"},"up":{"uv":[11.5,0.25,11.0,0.0],"tintindex":0,"rotation":0,"texture":"#0"},"down":{"uv":[12.0,0.0,11.5,0.25],"tintindex":0,"rotation":0,"texture":"#0"}}},{"from":[19.9,-7.3999996,10.8],"to":[22.699999,-1.7999992,16.4],"faces":{"east":{"uv":[5.5,4.5,5.75,4.75],"tintindex":0,"rotation":0,"texture":"#0"},"south":{"uv":[5.75,4.25,5.875,4.5],"tintindex":0,"rotation":0,"texture":"#0"},"north":{"uv":[5.75,4.25,5.875,4.5],"tintindex":0,"rotation":0,"texture":"#0"},"west":{"uv":[5.875,4.5,6.125,4.75],"tintindex":0,"rotation":0,"texture":"#0"},"up":{"uv":[5.875,4.5,5.75,4.25],"tintindex":0,"rotation":0,"texture":"#0"},"down":{"uv":[5.875,4.25,5.75,4.5],"tintindex":0,"rotation":0,"texture":"#0"}},"rotation":{"origin":[21.3,-4.6000004,13.6],"angle":45.0,"axis":"x"}},{"from":[16.4,-13.0,-5.999999],"to":[19.199999,-1.7999992,-0.39999962],"faces":{"east":{"uv":[2.5,11.25,2.75,11.75],"tintindex":0,"rotation":0,"texture":"#0"},"south":{"uv":[3.125,11.25,3.25,11.75],"tintindex":0,"rotation":0,"texture":"#0"},"north":{"uv":[2.75,11.25,2.875,11.75],"tintindex":0,"rotation":0,"texture":"#0"},"west":{"uv":[2.875,11.25,3.125,11.75],"tintindex":0,"rotation":0,"texture":"#0"},"up":{"uv":[2.875,11.25,2.75,11.0],"tintindex":0,"rotation":0,"texture":"#0"},"down":{"uv":[3.0,11.0,2.875,11.25],"tintindex":0,"rotation":0,"texture":"#0"}}},{"from":[20.599998,-11.6,-5.999999],"to":[23.4,-6.0,-0.39999962],"faces":{"east":{"uv":[5.5,4.5,5.75,4.75],"tintindex":0,"rotation":0,"texture":"#0"},"south":{"uv":[5.75,4.25,5.875,4.5],"tintindex":0,"rotation":0,"texture":"#0"},"north":{"uv":[5.75,4.25,5.875,4.5],"tintindex":0,"rotation":0,"texture":"#0"},"west":{"uv":[5.875,4.5,6.125,4.75],"tintindex":0,"rotation":0,"texture":"#0"},"up":{"uv":[5.875,4.5,5.75,4.25],"tintindex":0,"rotation":0,"texture":"#0"},"down":{"uv":[5.875,4.25,5.75,4.5],"tintindex":0,"rotation":0,"texture":"#0"}},"rotation":{"origin":[22.0,-8.799999,-3.1999998],"angle":45.0,"axis":"x"}},{"from":[3.7999992,-11.6,-4.5999994],"to":[17.8,2.3999996,15.0],"faces":{"east":{"uv":[4.25,8.25,5.125,8.875],"tintindex":0,"rotation":0,"texture":"#0"},"south":{"uv":[4.25,8.25,3.625,8.875],"tintindex":0,"rotation":0,"texture":"#0"},"north":{"uv":[3.625,8.25,4.25,8.875],"tintindex":0,"rotation":0,"texture":"#0"},"west":{"uv":[4.25,8.25,5.125,8.875],"tintindex":0,"rotation":0,"texture":"#0"},"up":{"uv":[4.25,8.25,3.625,7.375],"tintindex":0,"rotation":0,"texture":"#0"},"down":{"uv":[4.25,7.375,3.625,8.25],"tintindex":0,"rotation":0,"texture":"#0"}}},{"from":[20.599998,-11.6,2.4000006],"to":[23.4,-6.0,8.0],"faces":{"east":{"uv":[5.5,4.5,5.75,4.75],"tintindex":0,"rotation":0,"texture":"#0"},"south":{"uv":[5.75,4.25,5.875,4.5],"tintindex":0,"rotation":0,"texture":"#0"},"north":{"uv":[5.75,4.25,5.875,4.5],"tintindex":0,"rotation":0,"texture":"#0"},"west":{"uv":[5.875,4.5,6.125,4.75],"tintindex":0,"rotation":0,"texture":"#0"},"up":{"uv":[5.875,4.5,5.75,4.25],"tintindex":0,"rotation":0,"texture":"#0"},"down":{"uv":[5.875,4.25,5.75,4.5],"tintindex":0,"rotation":0,"texture":"#0"}},"rotation":{"origin":[22.0,-8.799999,5.2],"angle":45.0,"axis":"x"}},{"from":[2.3999977,-12.299999,10.8],"to":[5.200001,-6.700001,16.4],"faces":{"east":{"uv":[6.125,4.5,5.875,4.75],"tintindex":0,"rotation":0,"texture":"#0"},"south":{"uv":[5.875,4.25,5.75,4.5],"tintindex":0,"rotation":0,"texture":"#0"},"north":{"uv":[5.875,4.25,5.75,4.5],"tintindex":0,"rotation":0,"texture":"#0"},"west":{"uv":[5.75,4.5,5.5,4.75],"tintindex":0,"rotation":0,"texture":"#0"},"up":{"uv":[5.75,4.5,5.875,4.25],"tintindex":0,"rotation":0,"texture":"#0"},"down":{"uv":[5.75,4.25,5.875,4.5],"tintindex":0,"rotation":0,"texture":"#0"}},"rotation":{"origin":[69.6,-9.5,13.6],"angle":45.0,"axis":"x"}},{"from":[8.700001,-15.799999,-5.999999],"to":[22.699999,-10.200001,-0.39999962],"faces":{"east":{"uv":[5.5,4.5,5.75,4.75],"tintindex":0,"rotation":0,"texture":"#0"},"south":{"uv":[5.375,6.0,6.0,6.25],"tintindex":0,"rotation":0,"texture":"#0"},"north":{"uv":[4.75,6.25,5.375,6.5],"tintindex":0,"rotation":0,"texture":"#0"},"west":{"uv":[5.375,6.25,5.625,6.5],"tintindex":0,"rotation":0,"texture":"#0"},"up":{"uv":[5.375,6.25,4.75,6.5],"tintindex":0,"rotation":0,"texture":"#0"},"down":{"uv":[6.0,6.0,5.375,6.25],"tintindex":0,"rotation":0,"texture":"#0"}},"rotation":{"origin":[21.3,-13.0,-3.1999998],"angle":45.0,"axis":"x"}},{"from":[19.199999,-13.0,-7.4000006],"to":[22.0,-4.6000004,17.8],"faces":{"east":{"uv":[7.875,8.625,9.0,9.0],"tintindex":0,"rotation":0,"texture":"#0"},"south":{"uv":[10.25,8.625,10.375,9.0],"tintindex":0,"rotation":0,"texture":"#0"},"north":{"uv":[9.0,8.625,9.125,9.0],"tintindex":0,"rotation":0,"texture":"#0"},"west":{"uv":[9.125,8.625,10.25,9.0],"tintindex":0,"rotation":0,"texture":"#0"},"up":{"uv":[9.125,8.625,9.0,7.5],"tintindex":0,"rotation":0,"texture":"#0"},"down":{"uv":[9.25,7.5,9.125,8.625],"tintindex":0,"rotation":0,"texture":"#0"}}},{"from":[19.9,-7.3999996,-5.999999],"to":[22.699999,-1.7999992,-0.39999962],"faces":{"east":{"uv":[5.5,4.5,5.75,4.75],"tintindex":0,"rotation":0,"texture":"#0"},"south":{"uv":[5.75,4.25,5.875,4.5],"tintindex":0,"rotation":0,"texture":"#0"},"north":{"uv":[5.75,4.25,5.875,4.5],"tintindex":0,"rotation":0,"texture":"#0"},"west":{"uv":[5.875,4.5,6.125,4.75],"tintindex":0,"rotation":0,"texture":"#0"},"up":{"uv":[5.875,4.5,5.75,4.25],"tintindex":0,"rotation":0,"texture":"#0"},"down":{"uv":[5.875,4.25,5.75,4.5],"tintindex":0,"rotation":0,"texture":"#0"}},"rotation":{"origin":[21.3,-4.6000004,-3.1999998],"angle":45.0,"axis":"x"}},{"from":[1.0,2.3999996,1.0],"to":[15.0,8.0,15.0],"faces":{"east":{"uv":[8.875,3.125,9.5,3.375],"tintindex":0,"rotation":0,"texture":"#0"},"south":{"uv":[10.75,3.125,11.375,3.375],"tintindex":0,"rotation":0,"texture":"#0"},"north":{"uv":[9.5,3.125,10.125,3.375],"tintindex":0,"rotation":0,"texture":"#0"},"west":{"uv":[10.125,3.125,10.75,3.375],"tintindex":0,"rotation":0,"texture":"#0"},"up":{"uv":[10.125,3.125,9.5,2.5],"tintindex":0,"rotation":0,"texture":"#0"},"down":{"uv":[10.75,2.5,10.125,3.125],"tintindex":0,"rotation":0,"texture":"#0"}}}],"display":{"gui":{"rotation":[30,225,0]}}}