{"textures":{"0":"modelengine:entity/mso_lava_lord"},"elements":[{"from":[12.200001,3.7999992,3.8000002],"to":[15.0,9.399998,12.2],"faces":{"east":{"uv":[8.375,11.5,8.0,11.75],"tintindex":0,"rotation":0,"texture":"#0"},"south":{"uv":[6.75,10.5,6.625,10.75],"tintindex":0,"rotation":0,"texture":"#0"},"north":{"uv":[6.75,10.5,6.625,10.75],"tintindex":0,"rotation":0,"texture":"#0"},"west":{"uv":[7.875,11.5,7.5,11.75],"tintindex":0,"rotation":0,"texture":"#0"},"up":{"uv":[7.875,11.5,8.0,11.125],"tintindex":0,"rotation":0,"texture":"#0"},"down":{"uv":[8.0,11.125,8.125,11.5],"tintindex":0,"rotation":0,"texture":"#0"}},"rotation":{"origin":[15.0,3.7999992,8.0],"angle":-22.5,"axis":"z"}},{"from":[10.1,-4.6000023,3.1],"to":[14.299999,0.9999981,12.9],"faces":{"east":{"uv":[2.375,8.75,2.0,9.0],"tintindex":0,"rotation":0,"texture":"#0"},"south":{"uv":[2.0,8.75,1.875,9.0],"tintindex":0,"rotation":0,"texture":"#0"},"north":{"uv":[2.0,8.75,1.875,9.0],"tintindex":0,"rotation":0,"texture":"#0"},"west":{"uv":[1.875,8.75,1.5,9.0],"tintindex":0,"rotation":0,"texture":"#0"},"up":{"uv":[1.875,8.75,2.0,8.375],"tintindex":0,"rotation":0,"texture":"#0"},"down":{"uv":[2.0,8.375,2.125,8.75],"tintindex":0,"rotation":0,"texture":"#0"}}},{"from":[5.2,-8.800001,4.5],"to":[13.6,8.0,11.5],"faces":{"east":{"uv":[11.5,5.875,11.25,6.625],"tintindex":0,"rotation":0,"texture":"#0"},"south":{"uv":[11.875,5.875,11.5,6.625],"tintindex":0,"rotation":0,"texture":"#0"},"north":{"uv":[11.25,5.875,10.875,6.625],"tintindex":0,"rotation":0,"texture":"#0"},"west":{"uv":[10.875,5.875,10.625,6.625],"tintindex":0,"rotation":0,"texture":"#0"},"up":{"uv":[10.875,5.875,11.25,5.625],"tintindex":0,"rotation":0,"texture":"#0"},"down":{"uv":[11.25,5.625,11.625,5.875],"tintindex":0,"rotation":0,"texture":"#0"}}},{"from":[13.6,0.29999924,5.2],"to":[16.4,5.8999977,10.8],"faces":{"east":{"uv":[3.625,12.0,3.375,12.25],"tintindex":0,"rotation":0,"texture":"#0"},"south":{"uv":[6.75,10.5,6.625,10.75],"tintindex":0,"rotation":0,"texture":"#0"},"north":{"uv":[6.0,10.5,5.875,10.75],"tintindex":0,"rotation":0,"texture":"#0"},"west":{"uv":[3.25,12.0,3.0,12.25],"tintindex":0,"rotation":0,"texture":"#0"},"up":{"uv":[5.875,10.75,6.0,10.5],"tintindex":0,"rotation":0,"texture":"#0"},"down":{"uv":[3.375,11.75,3.5,12.0],"tintindex":0,"rotation":0,"texture":"#0"}},"rotation":{"origin":[16.4,0.29999924,8.0],"angle":-22.5,"axis":"z"}},{"from":[4.5,-4.6000023,3.1],"to":[8.700001,3.7999992,12.9],"faces":{"east":{"uv":[0.875,8.75,0.5,9.125],"tintindex":0,"rotation":0,"texture":"#0"},"south":{"uv":[0.875,10.5,0.75,10.875],"tintindex":0,"rotation":0,"texture":"#0"},"north":{"uv":[0.875,10.5,0.75,10.875],"tintindex":0,"rotation":0,"texture":"#0"},"west":{"uv":[6.0,11.5,5.625,11.875],"tintindex":0,"rotation":0,"texture":"#0"},"up":{"uv":[0.375,8.75,0.5,8.375],"tintindex":0,"rotation":0,"texture":"#0"},"down":{"uv":[0.5,8.375,0.625,8.75],"tintindex":0,"rotation":0,"texture":"#0"}}},{"from":[9.4,0.9999981,2.4],"to":[15.0,6.5999985,13.6],"faces":{"east":{"uv":[4.25,11.0,3.75,11.25],"tintindex":0,"rotation":0,"texture":"#0"},"south":{"uv":[5.375,12.0,5.125,12.25],"tintindex":0,"rotation":0,"texture":"#0"},"north":{"uv":[5.375,12.0,5.125,12.25],"tintindex":0,"rotation":0,"texture":"#0"},"west":{"uv":[3.5,11.0,3.0,11.25],"tintindex":0,"rotation":0,"texture":"#0"},"up":{"uv":[3.5,11.0,3.75,10.5],"tintindex":0,"rotation":0,"texture":"#0"},"down":{"uv":[3.75,10.5,4.0,11.0],"tintindex":0,"rotation":0,"texture":"#0"}}},{"from":[12.200001,-4.6000023,3.8000002],"to":[15.0,0.9999981,12.2],"faces":{"east":{"uv":[12.0,7.0,11.625,7.25],"tintindex":0,"rotation":0,"texture":"#0"},"south":{"uv":[6.75,10.5,6.625,10.75],"tintindex":0,"rotation":0,"texture":"#0"},"north":{"uv":[6.75,10.5,6.625,10.75],"tintindex":0,"rotation":0,"texture":"#0"},"west":{"uv":[11.5,7.0,11.125,7.25],"tintindex":0,"rotation":0,"texture":"#0"},"up":{"uv":[11.5,7.0,11.625,6.625],"tintindex":0,"rotation":0,"texture":"#0"},"down":{"uv":[11.625,6.625,11.75,7.0],"tintindex":0,"rotation":0,"texture":"#0"}},"rotation":{"origin":[15.0,-4.6000023,8.0],"angle":-22.5,"axis":"z"}}],"display":{"gui":{"rotation":[30,225,0]}}}