{"textures":{"0":"modelengine:entity/mso_lava_lord"},"elements":[{"from":[8.700001,-1.0999994,-4.6000004],"to":[11.5,5.9000006,-0.39999962],"faces":{"east":{"uv":[1.0,0.125,0.875,0.375],"tintindex":0,"rotation":0,"texture":"#0"},"south":{"uv":[1.125,0.125,1.0,0.375],"tintindex":0,"rotation":0,"texture":"#0"},"north":{"uv":[0.875,0.125,0.75,0.375],"tintindex":0,"rotation":0,"texture":"#0"},"west":{"uv":[0.75,0.125,0.625,0.375],"tintindex":0,"rotation":0,"texture":"#0"},"up":{"uv":[0.75,0.125,0.875,0.0],"tintindex":0,"rotation":0,"texture":"#0"},"down":{"uv":[0.875,0.0,1.0,0.125],"tintindex":0,"rotation":0,"texture":"#0"}}},{"from":[2.4000006,-0.39999962,2.4],"to":[13.6,8.0,13.6],"faces":{"east":{"uv":[8.625,5.25,8.125,5.625],"tintindex":0,"rotation":0,"texture":"#0"},"south":{"uv":[8.625,5.25,8.125,5.625],"tintindex":0,"rotation":0,"texture":"#0"},"north":{"uv":[8.125,5.25,7.625,5.625],"tintindex":0,"rotation":0,"texture":"#0"},"west":{"uv":[8.625,5.25,8.125,5.625],"tintindex":0,"rotation":0,"texture":"#0"},"up":{"uv":[7.625,5.25,8.125,4.75],"tintindex":0,"rotation":0,"texture":"#0"},"down":{"uv":[8.125,4.75,8.625,5.25],"tintindex":0,"rotation":0,"texture":"#0"}}},{"from":[4.5000005,-1.0999994,-4.6000004],"to":[7.3,7.3,-0.39999962],"faces":{"east":{"uv":[0.375,2.5,0.25,2.875],"tintindex":0,"rotation":0,"texture":"#0"},"south":{"uv":[0.5,2.5,0.375,2.875],"tintindex":0,"rotation":0,"texture":"#0"},"north":{"uv":[0.25,2.5,0.125,2.875],"tintindex":0,"rotation":0,"texture":"#0"},"west":{"uv":[0.125,2.5,0.0,2.875],"tintindex":0,"rotation":0,"texture":"#0"},"up":{"uv":[0.125,2.5,0.25,2.375],"tintindex":0,"rotation":0,"texture":"#0"},"down":{"uv":[0.25,2.375,0.375,2.5],"tintindex":0,"rotation":0,"texture":"#0"}}},{"from":[1.7000003,-1.0999994,-4.6000004],"to":[4.5000005,5.9000006,-0.39999962],"faces":{"east":{"uv":[2.75,2.5,2.625,2.75],"tintindex":0,"rotation":0,"texture":"#0"},"south":{"uv":[2.875,2.5,2.75,2.75],"tintindex":0,"rotation":0,"texture":"#0"},"north":{"uv":[2.625,2.5,2.5,2.75],"tintindex":0,"rotation":0,"texture":"#0"},"west":{"uv":[2.5,2.5,2.375,2.75],"tintindex":0,"rotation":0,"texture":"#0"},"up":{"uv":[2.5,2.5,2.625,2.375],"tintindex":0,"rotation":0,"texture":"#0"},"down":{"uv":[2.625,2.375,2.75,2.5],"tintindex":0,"rotation":0,"texture":"#0"}},"rotation":{"origin":[4.5000005,4.5000005,-0.39999962],"angle":22.5,"axis":"y"}},{"from":[2.4000006,-0.39999962,-3.1999998],"to":[13.6,3.8000002,2.4],"faces":{"east":{"uv":[11.75,3.0,11.5,3.125],"tintindex":0,"rotation":0,"texture":"#0"},"south":{"uv":[12.25,3.0,11.75,3.125],"tintindex":0,"rotation":0,"texture":"#0"},"north":{"uv":[11.5,3.0,11.0,3.125],"tintindex":0,"rotation":0,"texture":"#0"},"west":{"uv":[11.0,3.0,10.75,3.125],"tintindex":0,"rotation":0,"texture":"#0"},"up":{"uv":[11.0,3.0,11.5,2.75],"tintindex":0,"rotation":0,"texture":"#0"},"down":{"uv":[11.5,2.75,12.0,3.0],"tintindex":0,"rotation":0,"texture":"#0"}}},{"from":[11.5,-1.0999994,-4.6000004],"to":[14.3,4.5000005,-0.39999962],"faces":{"east":{"uv":[1.125,2.5,1.0,2.75],"tintindex":0,"rotation":0,"texture":"#0"},"south":{"uv":[1.25,2.5,1.125,2.75],"tintindex":0,"rotation":0,"texture":"#0"},"north":{"uv":[1.0,2.5,0.875,2.75],"tintindex":0,"rotation":0,"texture":"#0"},"west":{"uv":[0.875,2.5,0.75,2.75],"tintindex":0,"rotation":0,"texture":"#0"},"up":{"uv":[0.875,2.5,1.0,2.375],"tintindex":0,"rotation":0,"texture":"#0"},"down":{"uv":[1.0,2.375,1.125,2.5],"tintindex":0,"rotation":0,"texture":"#0"}},"rotation":{"origin":[11.5,4.5000005,-0.39999962],"angle":-22.5,"axis":"y"}}],"display":{"gui":{"rotation":[30,225,0]}}}