{"textures":{"0":"modelengine:entity/mso_lava_lord"},"elements":[{"from":[13.133334,-1.8000011,0.5333333],"to":[15.0,3.8000002,4.266667],"faces":{"east":{"uv":[1.625,10.125,1.375,10.5],"tintindex":0,"rotation":0,"texture":"#0"},"south":{"uv":[1.75,10.125,1.625,10.5],"tintindex":0,"rotation":0,"texture":"#0"},"north":{"uv":[1.375,10.125,1.25,10.5],"tintindex":0,"rotation":0,"texture":"#0"},"west":{"uv":[1.25,10.125,1.0,10.5],"tintindex":0,"rotation":0,"texture":"#0"},"up":{"uv":[1.25,10.125,1.375,9.875],"tintindex":0,"rotation":0,"texture":"#0"},"down":{"uv":[1.375,9.875,1.5,10.125],"tintindex":0,"rotation":0,"texture":"#0"}},"rotation":{"origin":[15.0,-1.8000011,0.5333333],"angle":-22.5,"axis":"z"}},{"from":[13.133334,-5.533333,10.8],"to":[15.0,3.8000002,16.400002],"faces":{"east":{"uv":[0.875,0.375,0.5,1.0],"tintindex":0,"rotation":0,"texture":"#0"},"south":{"uv":[1.0,0.375,0.875,1.0],"tintindex":0,"rotation":0,"texture":"#0"},"north":{"uv":[0.5,0.375,0.375,1.0],"tintindex":0,"rotation":0,"texture":"#0"},"west":{"uv":[0.375,0.375,0.0,1.0],"tintindex":0,"rotation":0,"texture":"#0"},"up":{"uv":[0.375,0.375,0.5,0.0],"tintindex":0,"rotation":0,"texture":"#0"},"down":{"uv":[0.5,0.0,0.625,0.375],"tintindex":0,"rotation":0,"texture":"#0"}},"rotation":{"origin":[15.0,-5.533333,11.733334],"angle":-22.5,"axis":"z"}},{"from":[2.4,-12.533333,2.4],"to":[13.600001,4.2666674,13.6],"faces":{"east":{"uv":[8.0,0.75,7.25,1.875],"tintindex":0,"rotation":0,"texture":"#0"},"south":{"uv":[8.75,0.75,8.0,1.875],"tintindex":0,"rotation":0,"texture":"#0"},"north":{"uv":[7.25,0.75,6.5,1.875],"tintindex":0,"rotation":0,"texture":"#0"},"west":{"uv":[6.5,0.75,5.75,1.875],"tintindex":0,"rotation":0,"texture":"#0"},"up":{"uv":[6.5,0.75,7.25,0.0],"tintindex":0,"rotation":0,"texture":"#0"},"down":{"uv":[7.25,0.0,8.0,0.75],"tintindex":0,"rotation":0,"texture":"#0"}}},{"from":[1.4666672,-10.666668,1.4666662],"to":[14.533333,2.3999987,14.533334],"faces":{"east":{"uv":[5.5,4.75,4.625,5.625],"tintindex":0,"rotation":0,"texture":"#0"},"south":{"uv":[3.75,4.75,4.625,5.625],"tintindex":0,"rotation":0,"texture":"#0"},"north":{"uv":[4.625,4.75,3.75,5.625],"tintindex":0,"rotation":0,"texture":"#0"},"west":{"uv":[4.625,4.75,3.75,5.625],"tintindex":0,"rotation":0,"texture":"#0"},"up":{"uv":[3.75,4.75,4.625,3.875],"tintindex":0,"rotation":0,"texture":"#0"},"down":{"uv":[4.625,3.875,5.5,4.75],"tintindex":0,"rotation":0,"texture":"#0"}}},{"from":[13.133334,-7.3999996,-1.333333],"to":[15.0,-3.666667,6.133333],"faces":{"east":{"uv":[11.75,11.25,11.25,11.5],"tintindex":0,"rotation":0,"texture":"#0"},"south":{"uv":[11.875,11.25,11.75,11.5],"tintindex":0,"rotation":0,"texture":"#0"},"north":{"uv":[11.25,11.25,11.125,11.5],"tintindex":0,"rotation":0,"texture":"#0"},"west":{"uv":[11.125,11.25,10.625,11.5],"tintindex":0,"rotation":0,"texture":"#0"},"up":{"uv":[11.125,11.25,11.25,10.75],"tintindex":0,"rotation":0,"texture":"#0"},"down":{"uv":[11.25,10.75,11.375,11.25],"tintindex":0,"rotation":0,"texture":"#0"}},"rotation":{"origin":[15.0,-7.3999996,0.5333333],"angle":-22.5,"axis":"z"}},{"from":[13.133334,-10.666668,11.733334],"to":[15.0,-5.0666656,15.466667],"faces":{"east":{"uv":[11.875,11.75,11.625,12.125],"tintindex":0,"rotation":0,"texture":"#0"},"south":{"uv":[10.75,11.75,10.875,12.125],"tintindex":0,"rotation":0,"texture":"#0"},"north":{"uv":[11.625,11.75,11.5,12.125],"tintindex":0,"rotation":0,"texture":"#0"},"west":{"uv":[11.5,11.75,11.25,12.125],"tintindex":0,"rotation":0,"texture":"#0"},"up":{"uv":[11.5,11.75,11.625,11.5],"tintindex":0,"rotation":0,"texture":"#0"},"down":{"uv":[11.625,11.5,11.75,11.75],"tintindex":0,"rotation":0,"texture":"#0"}},"rotation":{"origin":[15.0,-10.666668,11.733334],"angle":-22.5,"axis":"z"}},{"from":[13.133334,-10.666668,0.5333333],"to":[15.0,-5.0666656,4.266667],"faces":{"east":{"uv":[11.125,11.75,10.875,12.125],"tintindex":0,"rotation":0,"texture":"#0"},"south":{"uv":[11.25,11.75,11.125,12.125],"tintindex":0,"rotation":0,"texture":"#0"},"north":{"uv":[10.875,11.75,10.75,12.125],"tintindex":0,"rotation":0,"texture":"#0"},"west":{"uv":[10.75,11.75,10.5,12.125],"tintindex":0,"rotation":0,"texture":"#0"},"up":{"uv":[10.75,11.75,10.875,11.5],"tintindex":0,"rotation":0,"texture":"#0"},"down":{"uv":[10.875,11.5,11.0,11.75],"tintindex":0,"rotation":0,"texture":"#0"}},"rotation":{"origin":[15.0,-10.666668,0.5333333],"angle":-22.5,"axis":"z"}},{"from":[3.333333,4.2666674,4.266667],"to":[12.666667,11.733333,11.733334],"faces":{"east":{"uv":[10.5,6.875,10.0,7.375],"tintindex":0,"rotation":0,"texture":"#0"},"south":{"uv":[10.0,6.875,9.375,7.375],"tintindex":0,"rotation":0,"texture":"#0"},"north":{"uv":[10.0,6.875,9.375,7.375],"tintindex":0,"rotation":0,"texture":"#0"},"west":{"uv":[10.5,6.875,10.0,7.375],"tintindex":0,"rotation":0,"texture":"#0"},"up":{"uv":[9.375,6.875,10.0,6.375],"tintindex":0,"rotation":0,"texture":"#0"},"down":{"uv":[10.0,6.375,10.625,6.875],"tintindex":0,"rotation":0,"texture":"#0"}}},{"from":[15.0,-1.8000011,4.266667],"to":[16.866667,5.6666665,11.733334],"faces":{"east":{"uv":[1.125,2.875,0.625,3.375],"tintindex":0,"rotation":0,"texture":"#0"},"south":{"uv":[1.25,2.875,1.125,3.375],"tintindex":0,"rotation":0,"texture":"#0"},"north":{"uv":[0.625,2.875,0.5,3.375],"tintindex":0,"rotation":0,"texture":"#0"},"west":{"uv":[0.5,2.875,0.0,3.375],"tintindex":0,"rotation":0,"texture":"#0"},"up":{"uv":[0.5,2.875,0.625,2.375],"tintindex":0,"rotation":0,"texture":"#0"},"down":{"uv":[0.625,2.375,0.75,2.875],"tintindex":0,"rotation":0,"texture":"#0"}},"rotation":{"origin":[16.866667,-1.8000011,8.0],"angle":-22.5,"axis":"z"}},{"from":[13.133334,-5.533333,-0.39999962],"to":[15.0,0.06666565,5.2],"faces":{"east":{"uv":[0.875,6.875,0.5,7.25],"tintindex":0,"rotation":0,"texture":"#0"},"south":{"uv":[1.0,6.875,0.875,7.25],"tintindex":0,"rotation":0,"texture":"#0"},"north":{"uv":[0.5,6.875,0.375,7.25],"tintindex":0,"rotation":0,"texture":"#0"},"west":{"uv":[0.375,6.875,0.0,7.25],"tintindex":0,"rotation":0,"texture":"#0"},"up":{"uv":[0.375,6.875,0.5,6.5],"tintindex":0,"rotation":0,"texture":"#0"},"down":{"uv":[0.5,6.5,0.625,6.875],"tintindex":0,"rotation":0,"texture":"#0"}},"rotation":{"origin":[15.0,-5.533333,0.5333333],"angle":-22.5,"axis":"z"}},{"from":[15.0,-5.533333,3.333333],"to":[16.866667,1.9333344,12.666667],"faces":{"east":{"uv":[6.625,10.5,6.0,11.0],"tintindex":0,"rotation":0,"texture":"#0"},"south":{"uv":[6.75,10.5,6.625,11.0],"tintindex":0,"rotation":0,"texture":"#0"},"north":{"uv":[6.0,10.5,5.875,11.0],"tintindex":0,"rotation":0,"texture":"#0"},"west":{"uv":[5.875,10.5,5.25,11.0],"tintindex":0,"rotation":0,"texture":"#0"},"up":{"uv":[5.875,10.5,6.0,9.875],"tintindex":0,"rotation":0,"texture":"#0"},"down":{"uv":[6.0,9.875,6.125,10.5],"tintindex":0,"rotation":0,"texture":"#0"}},"rotation":{"origin":[16.866667,-5.533333,8.0],"angle":-22.5,"axis":"z"}},{"from":[13.133334,-7.3999996,9.866667],"to":[15.0,-1.8000011,17.333334],"faces":{"east":{"uv":[5.625,11.0,5.125,11.375],"tintindex":0,"rotation":0,"texture":"#0"},"south":{"uv":[5.75,11.0,5.625,11.375],"tintindex":0,"rotation":0,"texture":"#0"},"north":{"uv":[5.125,11.0,5.0,11.375],"tintindex":0,"rotation":0,"texture":"#0"},"west":{"uv":[5.0,11.0,4.5,11.375],"tintindex":0,"rotation":0,"texture":"#0"},"up":{"uv":[5.0,11.0,5.125,10.5],"tintindex":0,"rotation":0,"texture":"#0"},"down":{"uv":[5.125,10.5,5.25,11.0],"tintindex":0,"rotation":0,"texture":"#0"}},"rotation":{"origin":[15.0,-7.3999996,11.733334],"angle":-22.5,"axis":"z"}},{"from":[13.133334,-1.8000011,11.733334],"to":[15.0,7.533333,15.466667],"faces":{"east":{"uv":[3.375,7.625,3.125,8.25],"tintindex":0,"rotation":0,"texture":"#0"},"south":{"uv":[3.5,7.625,3.375,8.25],"tintindex":0,"rotation":0,"texture":"#0"},"north":{"uv":[3.125,7.625,3.0,8.25],"tintindex":0,"rotation":0,"texture":"#0"},"west":{"uv":[3.0,7.625,2.75,8.25],"tintindex":0,"rotation":0,"texture":"#0"},"up":{"uv":[3.0,7.625,3.125,7.375],"tintindex":0,"rotation":0,"texture":"#0"},"down":{"uv":[3.125,7.375,3.25,7.625],"tintindex":0,"rotation":0,"texture":"#0"}},"rotation":{"origin":[15.0,-1.8000011,11.733334],"angle":-22.5,"axis":"z"}},{"from":[15.0,-7.3999996,2.4],"to":[16.866667,-1.8000011,13.6],"faces":{"east":{"uv":[10.875,10.0,10.125,10.375],"tintindex":0,"rotation":0,"texture":"#0"},"south":{"uv":[11.0,10.0,10.875,10.375],"tintindex":0,"rotation":0,"texture":"#0"},"north":{"uv":[10.125,10.0,10.0,10.375],"tintindex":0,"rotation":0,"texture":"#0"},"west":{"uv":[10.0,10.0,9.25,10.375],"tintindex":0,"rotation":0,"texture":"#0"},"up":{"uv":[10.0,10.0,10.125,9.25],"tintindex":0,"rotation":0,"texture":"#0"},"down":{"uv":[10.125,9.25,10.25,10.0],"tintindex":0,"rotation":0,"texture":"#0"}},"rotation":{"origin":[16.866667,-7.3999996,8.0],"angle":-22.5,"axis":"z"}},{"from":[15.0,-12.533333,4.266667],"to":[16.866667,-5.0666656,11.733334],"faces":{"east":{"uv":[10.5,10.875,10.0,11.375],"tintindex":0,"rotation":0,"texture":"#0"},"south":{"uv":[10.625,10.875,10.5,11.375],"tintindex":0,"rotation":0,"texture":"#0"},"north":{"uv":[10.0,10.875,9.875,11.375],"tintindex":0,"rotation":0,"texture":"#0"},"west":{"uv":[9.875,10.875,9.375,11.375],"tintindex":0,"rotation":0,"texture":"#0"},"up":{"uv":[9.875,10.875,10.0,10.375],"tintindex":0,"rotation":0,"texture":"#0"},"down":{"uv":[10.0,10.375,10.125,10.875],"tintindex":0,"rotation":0,"texture":"#0"}},"rotation":{"origin":[16.866667,-10.666668,8.0],"angle":-22.5,"axis":"z"}}],"display":{"gui":{"rotation":[30,225,0]}}}