{"textures":{"0":"modelengine:entity/mso_lava_lord"},"elements":[{"from":[-1.7999992,-11.6,-4.5999994],"to":[12.200001,2.3999996,15.0],"faces":{"east":{"uv":[5.125,8.25,4.25,8.875],"tintindex":0,"rotation":0,"texture":"#0"},"south":{"uv":[3.625,8.25,4.25,8.875],"tintindex":0,"rotation":0,"texture":"#0"},"north":{"uv":[4.25,8.25,3.625,8.875],"tintindex":0,"rotation":0,"texture":"#0"},"west":{"uv":[5.125,8.25,4.25,8.875],"tintindex":0,"rotation":0,"texture":"#0"},"up":{"uv":[3.625,8.25,4.25,7.375],"tintindex":0,"rotation":0,"texture":"#0"},"down":{"uv":[3.625,7.375,4.25,8.25],"tintindex":0,"rotation":0,"texture":"#0"}}},{"from":[-0.39999962,-13.0,2.4000006],"to":[10.799999,-10.200001,8.0],"faces":{"east":{"uv":[10.25,8.375,10.0,8.5],"tintindex":0,"rotation":0,"texture":"#0"},"south":{"uv":[10.75,8.375,10.25,8.5],"tintindex":0,"rotation":0,"texture":"#0"},"north":{"uv":[10.0,8.375,9.5,8.5],"tintindex":0,"rotation":0,"texture":"#0"},"west":{"uv":[9.5,8.375,9.25,8.5],"tintindex":0,"rotation":0,"texture":"#0"},"up":{"uv":[9.5,8.375,10.0,8.125],"tintindex":0,"rotation":0,"texture":"#0"},"down":{"uv":[10.0,8.125,10.5,8.375],"tintindex":0,"rotation":0,"texture":"#0"}}},{"from":[-6.699999,-7.3999996,-5.999999],"to":[-3.8999996,-1.7999992,-0.39999962],"faces":{"east":{"uv":[6.125,4.5,5.875,4.75],"tintindex":0,"rotation":0,"texture":"#0"},"south":{"uv":[5.875,4.25,5.75,4.5],"tintindex":0,"rotation":0,"texture":"#0"},"north":{"uv":[5.875,4.25,5.75,4.5],"tintindex":0,"rotation":0,"texture":"#0"},"west":{"uv":[5.75,4.5,5.5,4.75],"tintindex":0,"rotation":0,"texture":"#0"},"up":{"uv":[5.75,4.5,5.875,4.25],"tintindex":0,"rotation":0,"texture":"#0"},"down":{"uv":[5.75,4.25,5.875,4.5],"tintindex":0,"rotation":0,"texture":"#0"}},"rotation":{"origin":[-5.299999,-4.6000004,-3.1999998],"angle":45.0,"axis":"x"}},{"from":[-3.1999989,-13.0,-5.999999],"to":[-0.39999962,-1.7999992,-0.39999962],"faces":{"east":{"uv":[3.125,11.25,2.875,11.75],"tintindex":0,"rotation":0,"texture":"#0"},"south":{"uv":[3.25,11.25,3.125,11.75],"tintindex":0,"rotation":0,"texture":"#0"},"north":{"uv":[2.875,11.25,2.75,11.75],"tintindex":0,"rotation":0,"texture":"#0"},"west":{"uv":[2.75,11.25,2.5,11.75],"tintindex":0,"rotation":0,"texture":"#0"},"up":{"uv":[2.75,11.25,2.875,11.0],"tintindex":0,"rotation":0,"texture":"#0"},"down":{"uv":[2.875,11.0,3.0,11.25],"tintindex":0,"rotation":0,"texture":"#0"}}},{"from":[-6.699999,-7.3999996,2.4000006],"to":[-3.8999996,-1.7999992,8.0],"faces":{"east":{"uv":[6.125,4.5,5.875,4.75],"tintindex":0,"rotation":0,"texture":"#0"},"south":{"uv":[5.875,4.25,5.75,4.5],"tintindex":0,"rotation":0,"texture":"#0"},"north":{"uv":[5.875,4.25,5.75,4.5],"tintindex":0,"rotation":0,"texture":"#0"},"west":{"uv":[5.75,4.5,5.5,4.75],"tintindex":0,"rotation":0,"texture":"#0"},"up":{"uv":[5.75,4.5,5.875,4.25],"tintindex":0,"rotation":0,"texture":"#0"},"down":{"uv":[5.75,4.25,5.875,4.5],"tintindex":0,"rotation":0,"texture":"#0"}},"rotation":{"origin":[-5.299999,-4.6000004,5.2],"angle":45.0,"axis":"x"}},{"from":[-0.39999962,-13.0,-5.999999],"to":[10.799999,-10.200001,-0.39999962],"faces":{"east":{"uv":[11.75,0.25,11.5,0.375],"tintindex":0,"rotation":0,"texture":"#0"},"south":{"uv":[12.25,0.25,11.75,0.375],"tintindex":0,"rotation":0,"texture":"#0"},"north":{"uv":[11.5,0.25,11.0,0.375],"tintindex":0,"rotation":0,"texture":"#0"},"west":{"uv":[11.0,0.25,10.75,0.375],"tintindex":0,"rotation":0,"texture":"#0"},"up":{"uv":[11.0,0.25,11.5,0.0],"tintindex":0,"rotation":0,"texture":"#0"},"down":{"uv":[11.5,0.0,12.0,0.25],"tintindex":0,"rotation":0,"texture":"#0"}}},{"from":[1.0,2.3999996,1.0],"to":[15.0,8.0,15.0],"faces":{"east":{"uv":[10.75,3.125,10.125,3.375],"tintindex":0,"rotation":0,"texture":"#0"},"south":{"uv":[11.375,3.125,10.75,3.375],"tintindex":0,"rotation":0,"texture":"#0"},"north":{"uv":[10.125,3.125,9.5,3.375],"tintindex":0,"rotation":0,"texture":"#0"},"west":{"uv":[9.5,3.125,8.875,3.375],"tintindex":0,"rotation":0,"texture":"#0"},"up":{"uv":[9.5,3.125,10.125,2.5],"tintindex":0,"rotation":0,"texture":"#0"},"down":{"uv":[10.125,2.5,10.75,3.125],"tintindex":0,"rotation":0,"texture":"#0"}}},{"from":[-7.3999996,-11.6,10.8],"to":[-4.5999985,-6.0,16.4],"faces":{"east":{"uv":[6.125,4.5,5.875,4.75],"tintindex":0,"rotation":0,"texture":"#0"},"south":{"uv":[5.875,4.25,5.75,4.5],"tintindex":0,"rotation":0,"texture":"#0"},"north":{"uv":[5.875,4.25,5.75,4.5],"tintindex":0,"rotation":0,"texture":"#0"},"west":{"uv":[5.75,4.5,5.5,4.75],"tintindex":0,"rotation":0,"texture":"#0"},"up":{"uv":[5.75,4.5,5.875,4.25],"tintindex":0,"rotation":0,"texture":"#0"},"down":{"uv":[5.75,4.25,5.875,4.5],"tintindex":0,"rotation":0,"texture":"#0"}},"rotation":{"origin":[-6.0,-8.799999,13.6],"angle":45.0,"axis":"x"}},{"from":[-6.699999,-15.799999,10.8],"to":[7.299999,-10.200001,16.4],"faces":{"east":{"uv":[5.625,6.25,5.375,6.5],"tintindex":0,"rotation":0,"texture":"#0"},"south":{"uv":[6.0,6.0,5.375,6.25],"tintindex":0,"rotation":0,"texture":"#0"},"north":{"uv":[5.375,6.25,4.75,6.5],"tintindex":0,"rotation":0,"texture":"#0"},"west":{"uv":[5.75,4.5,5.5,4.75],"tintindex":0,"rotation":0,"texture":"#0"},"up":{"uv":[4.75,6.25,5.375,6.5],"tintindex":0,"rotation":0,"texture":"#0"},"down":{"uv":[5.375,6.0,6.0,6.25],"tintindex":0,"rotation":0,"texture":"#0"}},"rotation":{"origin":[-5.299999,-13.0,13.6],"angle":45.0,"axis":"x"}},{"from":[10.799999,-12.299999,2.4000006],"to":[13.600002,-6.700001,8.0],"faces":{"east":{"uv":[5.5,4.5,5.75,4.75],"tintindex":0,"rotation":0,"texture":"#0"},"south":{"uv":[5.75,4.25,5.875,4.5],"tintindex":0,"rotation":0,"texture":"#0"},"north":{"uv":[5.75,4.25,5.875,4.5],"tintindex":0,"rotation":0,"texture":"#0"},"west":{"uv":[5.875,4.5,6.125,4.75],"tintindex":0,"rotation":0,"texture":"#0"},"up":{"uv":[5.875,4.5,5.75,4.25],"tintindex":0,"rotation":0,"texture":"#0"},"down":{"uv":[5.875,4.25,5.75,4.5],"tintindex":0,"rotation":0,"texture":"#0"}},"rotation":{"origin":[-53.6,-9.5,5.2],"angle":45.0,"axis":"x"}},{"from":[-0.39999962,-13.0,10.8],"to":[10.799999,-10.200001,16.4],"faces":{"east":{"uv":[6.5,4.125,6.25,4.25],"tintindex":0,"rotation":0,"texture":"#0"},"south":{"uv":[7.0,4.125,6.5,4.25],"tintindex":0,"rotation":0,"texture":"#0"},"north":{"uv":[6.25,4.125,5.75,4.25],"tintindex":0,"rotation":0,"texture":"#0"},"west":{"uv":[5.75,4.125,5.5,4.25],"tintindex":0,"rotation":0,"texture":"#0"},"up":{"uv":[5.75,4.125,6.25,3.875],"tintindex":0,"rotation":0,"texture":"#0"},"down":{"uv":[6.25,3.875,6.75,4.125],"tintindex":0,"rotation":0,"texture":"#0"}}},{"from":[10.799999,-12.299999,-5.999999],"to":[13.600002,-6.700001,-0.39999962],"faces":{"east":{"uv":[5.5,4.5,5.75,4.75],"tintindex":0,"rotation":0,"texture":"#0"},"south":{"uv":[5.75,4.25,5.875,4.5],"tintindex":0,"rotation":0,"texture":"#0"},"north":{"uv":[5.75,4.25,5.875,4.5],"tintindex":0,"rotation":0,"texture":"#0"},"west":{"uv":[5.875,4.5,6.125,4.75],"tintindex":0,"rotation":0,"texture":"#0"},"up":{"uv":[5.875,4.5,5.75,4.25],"tintindex":0,"rotation":0,"texture":"#0"},"down":{"uv":[5.875,4.25,5.75,4.5],"tintindex":0,"rotation":0,"texture":"#0"}},"rotation":{"origin":[-53.6,-9.5,-3.1999998],"angle":45.0,"axis":"x"}},{"from":[-6.0,-13.0,-7.4000006],"to":[-3.1999989,-4.6000004,17.8],"faces":{"east":{"uv":[10.25,8.625,9.125,9.0],"tintindex":0,"rotation":0,"texture":"#0"},"south":{"uv":[10.375,8.625,10.25,9.0],"tintindex":0,"rotation":0,"texture":"#0"},"north":{"uv":[9.125,8.625,9.0,9.0],"tintindex":0,"rotation":0,"texture":"#0"},"west":{"uv":[9.0,8.625,7.875,9.0],"tintindex":0,"rotation":0,"texture":"#0"},"up":{"uv":[9.0,8.625,9.125,7.5],"tintindex":0,"rotation":0,"texture":"#0"},"down":{"uv":[9.125,7.5,9.25,8.625],"tintindex":0,"rotation":0,"texture":"#0"}}},{"from":[-3.1999989,-13.0,2.4000006],"to":[-0.39999962,-1.7999992,8.0],"faces":{"east":{"uv":[9.375,10.375,9.125,10.875],"tintindex":0,"rotation":0,"texture":"#0"},"south":{"uv":[9.5,10.375,9.375,10.875],"tintindex":0,"rotation":0,"texture":"#0"},"north":{"uv":[9.125,10.375,9.0,10.875],"tintindex":0,"rotation":0,"texture":"#0"},"west":{"uv":[9.0,10.375,8.75,10.875],"tintindex":0,"rotation":0,"texture":"#0"},"up":{"uv":[9.0,10.375,9.125,10.125],"tintindex":0,"rotation":0,"texture":"#0"},"down":{"uv":[9.125,10.125,9.25,10.375],"tintindex":0,"rotation":0,"texture":"#0"}}},{"from":[-7.3999996,-11.6,2.4000006],"to":[-4.5999985,-6.0,8.0],"faces":{"east":{"uv":[6.125,4.5,5.875,4.75],"tintindex":0,"rotation":0,"texture":"#0"},"south":{"uv":[5.875,4.25,5.75,4.5],"tintindex":0,"rotation":0,"texture":"#0"},"north":{"uv":[5.875,4.25,5.75,4.5],"tintindex":0,"rotation":0,"texture":"#0"},"west":{"uv":[5.75,4.5,5.5,4.75],"tintindex":0,"rotation":0,"texture":"#0"},"up":{"uv":[5.75,4.5,5.875,4.25],"tintindex":0,"rotation":0,"texture":"#0"},"down":{"uv":[5.75,4.25,5.875,4.5],"tintindex":0,"rotation":0,"texture":"#0"}},"rotation":{"origin":[-6.0,-8.799999,5.2],"angle":45.0,"axis":"x"}},{"from":[-6.699999,-15.799999,-5.999999],"to":[7.299999,-10.200001,-0.39999962],"faces":{"east":{"uv":[5.625,6.25,5.375,6.5],"tintindex":0,"rotation":0,"texture":"#0"},"south":{"uv":[6.0,6.0,5.375,6.25],"tintindex":0,"rotation":0,"texture":"#0"},"north":{"uv":[5.375,6.25,4.75,6.5],"tintindex":0,"rotation":0,"texture":"#0"},"west":{"uv":[5.75,4.5,5.5,4.75],"tintindex":0,"rotation":0,"texture":"#0"},"up":{"uv":[4.75,6.25,5.375,6.5],"tintindex":0,"rotation":0,"texture":"#0"},"down":{"uv":[5.375,6.0,6.0,6.25],"tintindex":0,"rotation":0,"texture":"#0"}},"rotation":{"origin":[-5.299999,-13.0,-3.1999998],"angle":45.0,"axis":"x"}},{"from":[10.799999,-12.299999,10.8],"to":[13.600002,-6.700001,16.4],"faces":{"east":{"uv":[5.5,4.5,5.75,4.75],"tintindex":0,"rotation":0,"texture":"#0"},"south":{"uv":[5.75,4.25,5.875,4.5],"tintindex":0,"rotation":0,"texture":"#0"},"north":{"uv":[5.75,4.25,5.875,4.5],"tintindex":0,"rotation":0,"texture":"#0"},"west":{"uv":[5.875,4.5,6.125,4.75],"tintindex":0,"rotation":0,"texture":"#0"},"up":{"uv":[5.875,4.5,5.75,4.25],"tintindex":0,"rotation":0,"texture":"#0"},"down":{"uv":[5.875,4.25,5.75,4.5],"tintindex":0,"rotation":0,"texture":"#0"}},"rotation":{"origin":[-53.6,-9.5,13.6],"angle":45.0,"axis":"x"}},{"from":[-6.699999,-15.799999,2.4000006],"to":[7.299999,-10.200001,8.0],"faces":{"east":{"uv":[5.625,6.25,5.375,6.5],"tintindex":0,"rotation":0,"texture":"#0"},"south":{"uv":[6.0,6.0,5.375,6.25],"tintindex":0,"rotation":0,"texture":"#0"},"north":{"uv":[5.375,6.25,4.75,6.5],"tintindex":0,"rotation":0,"texture":"#0"},"west":{"uv":[5.75,4.5,5.5,4.75],"tintindex":0,"rotation":0,"texture":"#0"},"up":{"uv":[4.75,6.25,5.375,6.5],"tintindex":0,"rotation":0,"texture":"#0"},"down":{"uv":[5.375,6.0,6.0,6.25],"tintindex":0,"rotation":0,"texture":"#0"}},"rotation":{"origin":[-5.299999,-13.0,5.2],"angle":45.0,"axis":"x"}},{"from":[-6.699999,-7.3999996,10.8],"to":[-3.8999996,-1.7999992,16.4],"faces":{"east":{"uv":[6.125,4.5,5.875,4.75],"tintindex":0,"rotation":0,"texture":"#0"},"south":{"uv":[5.875,4.25,5.75,4.5],"tintindex":0,"rotation":0,"texture":"#0"},"north":{"uv":[5.875,4.25,5.75,4.5],"tintindex":0,"rotation":0,"texture":"#0"},"west":{"uv":[5.75,4.5,5.5,4.75],"tintindex":0,"rotation":0,"texture":"#0"},"up":{"uv":[5.75,4.5,5.875,4.25],"tintindex":0,"rotation":0,"texture":"#0"},"down":{"uv":[5.75,4.25,5.875,4.5],"tintindex":0,"rotation":0,"texture":"#0"}},"rotation":{"origin":[-5.299999,-4.6000004,13.6],"angle":45.0,"axis":"x"}},{"from":[-3.1999989,-13.0,10.8],"to":[-0.39999962,-1.7999992,16.4],"faces":{"east":{"uv":[0.625,10.0,0.375,10.5],"tintindex":0,"rotation":0,"texture":"#0"},"south":{"uv":[0.75,10.0,0.625,10.5],"tintindex":0,"rotation":0,"texture":"#0"},"north":{"uv":[0.375,10.0,0.25,10.5],"tintindex":0,"rotation":0,"texture":"#0"},"west":{"uv":[0.25,10.0,0.0,10.5],"tintindex":0,"rotation":0,"texture":"#0"},"up":{"uv":[0.25,10.0,0.375,9.75],"tintindex":0,"rotation":0,"texture":"#0"},"down":{"uv":[0.375,9.75,0.5,10.0],"tintindex":0,"rotation":0,"texture":"#0"}}},{"from":[-7.3999996,-11.6,-5.999999],"to":[-4.5999985,-6.0,-0.39999962],"faces":{"east":{"uv":[6.125,4.5,5.875,4.75],"tintindex":0,"rotation":0,"texture":"#0"},"south":{"uv":[5.875,4.25,5.75,4.5],"tintindex":0,"rotation":0,"texture":"#0"},"north":{"uv":[5.875,4.25,5.75,4.5],"tintindex":0,"rotation":0,"texture":"#0"},"west":{"uv":[5.75,4.5,5.5,4.75],"tintindex":0,"rotation":0,"texture":"#0"},"up":{"uv":[5.75,4.5,5.875,4.25],"tintindex":0,"rotation":0,"texture":"#0"},"down":{"uv":[5.75,4.25,5.875,4.5],"tintindex":0,"rotation":0,"texture":"#0"}},"rotation":{"origin":[-6.0,-8.799999,-3.1999998],"angle":45.0,"axis":"x"}}],"display":{"gui":{"rotation":[30,225,0]}}}