{"textures":{"0":"modelengine:entity/mso_lava_lord"},"elements":[{"from":[11.733334,17.333334,3.333333],"to":[19.2,19.199997,12.666667],"faces":{"east":{"uv":[11.125,5.5,10.5,5.625],"tintindex":0,"rotation":0,"texture":"#0"},"south":{"uv":[11.625,5.5,11.125,5.625],"tintindex":0,"rotation":0,"texture":"#0"},"north":{"uv":[10.5,5.5,10.0,5.625],"tintindex":0,"rotation":0,"texture":"#0"},"west":{"uv":[10.0,5.5,9.375,5.625],"tintindex":0,"rotation":0,"texture":"#0"},"up":{"uv":[10.0,5.5,10.5,4.875],"tintindex":0,"rotation":0,"texture":"#0"},"down":{"uv":[10.5,4.875,11.0,5.5],"tintindex":0,"rotation":0,"texture":"#0"}}},{"from":[4.2666664,8.373332,15.0],"to":[9.866667,13.973333,18.733334],"faces":{"east":{"uv":[11.875,4.875,11.625,5.25],"tintindex":0,"rotation":0,"texture":"#0"},"south":{"uv":[6.0,11.5,5.625,11.875],"tintindex":0,"rotation":0,"texture":"#0"},"north":{"uv":[11.625,4.875,11.25,5.25],"tintindex":0,"rotation":0,"texture":"#0"},"west":{"uv":[11.25,4.875,11.0,5.25],"tintindex":0,"rotation":0,"texture":"#0"},"up":{"uv":[11.25,4.875,11.625,4.625],"tintindex":0,"rotation":0,"texture":"#0"},"down":{"uv":[11.625,4.625,12.0,4.875],"tintindex":0,"rotation":0,"texture":"#0"}},"rotation":{"origin":[8.0,10.240001,17.800001],"angle":-45.0,"axis":"z"}},{"from":[15.466667,4.2666674,3.333333],"to":[21.066666,13.600001,12.666667],"faces":{"east":{"uv":[5.5,9.875,4.875,10.5],"tintindex":0,"rotation":0,"texture":"#0"},"south":{"uv":[5.875,9.875,5.5,10.5],"tintindex":0,"rotation":0,"texture":"#0"},"north":{"uv":[5.5,9.875,5.875,10.5],"tintindex":0,"rotation":0,"texture":"#0"},"west":{"uv":[4.5,9.875,3.875,10.5],"tintindex":0,"rotation":0,"texture":"#0"},"up":{"uv":[4.5,9.875,4.875,9.25],"tintindex":0,"rotation":0,"texture":"#0"},"down":{"uv":[4.875,9.25,5.25,9.875],"tintindex":0,"rotation":0,"texture":"#0"}}},{"from":[15.466667,17.333334,9.866667],"to":[15.466667,26.666668,15.466667],"faces":{"east":{"uv":[0.75,11.625,1.125,12.25],"tintindex":0,"rotation":0,"texture":"#0"},"west":{"uv":[1.125,11.625,0.75,12.25],"tintindex":0,"rotation":0,"texture":"#0"}},"rotation":{"origin":[15.466667,17.333334,12.666667],"angle":22.5,"axis":"x"}},{"from":[8.0,2.3999987,-2.2666664],"to":[15.466667,15.466665,18.266666],"faces":{"east":{"uv":[3.25,3.75,1.875,4.625],"tintindex":0,"rotation":0,"texture":"#0"},"south":{"uv":[3.75,3.75,3.25,4.625],"tintindex":0,"rotation":0,"texture":"#0"},"north":{"uv":[1.875,3.75,1.375,4.625],"tintindex":0,"rotation":0,"texture":"#0"},"west":{"uv":[1.375,3.75,0.0,4.625],"tintindex":0,"rotation":0,"texture":"#0"},"up":{"uv":[1.375,3.75,1.875,2.375],"tintindex":0,"rotation":0,"texture":"#0"},"down":{"uv":[1.875,2.375,2.375,3.75],"tintindex":0,"rotation":0,"texture":"#0"}}},{"from":[12.666666,17.333334,3.333333],"to":[18.266668,26.666668,3.333333],"faces":{"south":{"uv":[1.5,11.625,1.125,12.25],"tintindex":0,"rotation":0,"texture":"#0"},"north":{"uv":[1.125,11.625,0.75,12.25],"tintindex":0,"rotation":0,"texture":"#0"}},"rotation":{"origin":[15.466667,17.333334,3.333333],"angle":-22.5,"axis":"x"}},{"from":[11.733334,8.0,-0.40000057],"to":[19.2,17.333334,16.400002],"faces":{"east":{"uv":[5.125,6.75,4.0,7.375],"tintindex":0,"rotation":0,"texture":"#0"},"south":{"uv":[5.625,6.75,5.125,7.375],"tintindex":0,"rotation":0,"texture":"#0"},"north":{"uv":[5.125,6.75,5.625,7.375],"tintindex":0,"rotation":0,"texture":"#0"},"west":{"uv":[3.5,6.75,2.375,7.375],"tintindex":0,"rotation":0,"texture":"#0"},"up":{"uv":[3.5,6.75,4.0,5.625],"tintindex":0,"rotation":0,"texture":"#0"},"down":{"uv":[4.0,5.625,4.5,6.75],"tintindex":0,"rotation":0,"texture":"#0"}}},{"from":[12.666666,17.333334,12.666667],"to":[18.266668,26.666668,12.666667],"faces":{"south":{"uv":[0.75,11.625,1.125,12.25],"tintindex":0,"rotation":0,"texture":"#0"},"north":{"uv":[1.125,11.625,0.75,12.25],"tintindex":0,"rotation":0,"texture":"#0"}},"rotation":{"origin":[15.466667,17.333334,12.666667],"angle":22.5,"axis":"x"}},{"from":[15.466667,19.199997,5.2],"to":[15.466667,30.4,10.8],"faces":{"east":{"uv":[1.125,11.625,0.75,12.25],"tintindex":0,"rotation":0,"texture":"#0"},"west":{"uv":[0.75,11.625,1.125,12.25],"tintindex":0,"rotation":0,"texture":"#0"}}},{"from":[15.466667,17.333334,0.5333333],"to":[15.466667,26.666668,6.133333],"faces":{"east":{"uv":[0.75,11.625,1.125,12.25],"tintindex":0,"rotation":0,"texture":"#0"},"west":{"uv":[1.125,11.625,0.75,12.25],"tintindex":0,"rotation":0,"texture":"#0"}},"rotation":{"origin":[15.466667,17.333334,3.333333],"angle":-22.5,"axis":"x"}},{"from":[12.666666,19.199997,8.0],"to":[18.266668,30.4,8.0],"faces":{"south":{"uv":[1.125,11.625,0.75,12.25],"tintindex":0,"rotation":0,"texture":"#0"},"north":{"uv":[0.75,11.625,1.125,12.25],"tintindex":0,"rotation":0,"texture":"#0"}}},{"from":[2.3999996,3.0533342,17.333334],"to":[9.866667,8.653331,19.2],"faces":{"east":{"uv":[8.75,6.5,8.625,6.875],"tintindex":0,"rotation":0,"texture":"#0"},"south":{"uv":[9.25,6.5,8.75,6.875],"tintindex":0,"rotation":0,"texture":"#0"},"north":{"uv":[8.625,6.5,8.125,6.875],"tintindex":0,"rotation":0,"texture":"#0"},"west":{"uv":[8.125,6.5,8.0,6.875],"tintindex":0,"rotation":0,"texture":"#0"},"up":{"uv":[8.125,6.5,8.625,6.375],"tintindex":0,"rotation":0,"texture":"#0"},"down":{"uv":[8.625,6.375,9.125,6.5],"tintindex":0,"rotation":0,"texture":"#0"}},"rotation":{"origin":[8.0,4.919998,18.266666],"angle":-45.0,"axis":"z"}},{"from":[9.866667,15.466665,1.4666662],"to":[11.733334,17.333334,14.533334],"faces":{"east":{"uv":[10.875,4.75,10.0,4.875],"tintindex":0,"rotation":0,"texture":"#0"},"south":{"uv":[11.0,4.75,10.875,4.875],"tintindex":0,"rotation":0,"texture":"#0"},"north":{"uv":[10.0,4.75,9.875,4.875],"tintindex":0,"rotation":0,"texture":"#0"},"west":{"uv":[9.875,4.75,9.0,4.875],"tintindex":0,"rotation":0,"texture":"#0"},"up":{"uv":[9.875,4.75,10.0,3.875],"tintindex":0,"rotation":0,"texture":"#0"},"down":{"uv":[10.0,3.875,10.125,4.75],"tintindex":0,"rotation":0,"texture":"#0"}}}],"display":{"gui":{"rotation":[30,225,0]}}}