{"textures":{"0":"modelengine:entity/mso_lava_lord"},"elements":[{"from":[19.9,12.200001,1.0],"to":[22.7,17.800003,15.0],"faces":{"east":{"uv":[9.25,10.875,8.625,11.125],"tintindex":0,"rotation":0,"texture":"#0"},"south":{"uv":[6.75,10.5,6.625,10.75],"tintindex":0,"rotation":0,"texture":"#0"},"north":{"uv":[6.75,10.5,6.625,10.75],"tintindex":0,"rotation":0,"texture":"#0"},"west":{"uv":[8.5,10.875,7.875,11.125],"tintindex":0,"rotation":0,"texture":"#0"},"up":{"uv":[8.5,10.875,8.625,10.25],"tintindex":0,"rotation":0,"texture":"#0"},"down":{"uv":[8.625,10.25,8.75,10.875],"tintindex":0,"rotation":0,"texture":"#0"}},"rotation":{"origin":[22.7,12.200001,8.0],"angle":-22.5,"axis":"z"}},{"from":[2.4,10.800003,-1.8000002],"to":[13.6,16.400002,1.0],"faces":{"east":{"uv":[9.375,5.75,9.5,6.0],"tintindex":0,"rotation":0,"texture":"#0"},"south":{"uv":[10.125,5.75,10.625,6.0],"tintindex":0,"rotation":0,"texture":"#0"},"north":{"uv":[9.5,5.75,10.0,6.0],"tintindex":0,"rotation":0,"texture":"#0"},"west":{"uv":[10.0,5.75,10.125,6.0],"tintindex":0,"rotation":0,"texture":"#0"},"up":{"uv":[10.0,5.75,9.5,5.625],"tintindex":0,"rotation":0,"texture":"#0"},"down":{"uv":[10.5,5.625,10.0,5.75],"tintindex":0,"rotation":0,"texture":"#0"}}},{"from":[19.9,8.0,3.8000002],"to":[22.7,13.600002,12.2],"faces":{"east":{"uv":[9.375,11.5,9.0,11.75],"tintindex":0,"rotation":0,"texture":"#0"},"south":{"uv":[1.25,11.375,1.125,11.625],"tintindex":0,"rotation":0,"texture":"#0"},"north":{"uv":[6.75,10.5,6.625,10.75],"tintindex":0,"rotation":0,"texture":"#0"},"west":{"uv":[8.875,11.5,8.5,11.75],"tintindex":0,"rotation":0,"texture":"#0"},"up":{"uv":[8.875,11.5,9.0,11.125],"tintindex":0,"rotation":0,"texture":"#0"},"down":{"uv":[9.0,11.125,9.125,11.5],"tintindex":0,"rotation":0,"texture":"#0"}},"rotation":{"origin":[22.7,8.0,8.0],"angle":-22.5,"axis":"z"}},{"from":[5.2,10.380001,15.0],"to":[13.6,18.780003,17.8],"faces":{"east":{"uv":[4.0,10.625,4.125,11.0],"tintindex":0,"rotation":0,"texture":"#0"},"south":{"uv":[5.625,11.5,6.0,11.875],"tintindex":0,"rotation":0,"texture":"#0"},"north":{"uv":[4.125,10.625,4.5,11.0],"tintindex":0,"rotation":0,"texture":"#0"},"west":{"uv":[4.5,10.625,4.625,11.0],"tintindex":0,"rotation":0,"texture":"#0"},"up":{"uv":[4.5,10.625,4.125,10.5],"tintindex":0,"rotation":0,"texture":"#0"},"down":{"uv":[4.875,10.5,4.5,10.625],"tintindex":0,"rotation":0,"texture":"#0"}},"rotation":{"origin":[8.0,13.18,16.4],"angle":45.0,"axis":"z"}},{"from":[3.8000002,8.0,-1.8000002],"to":[12.2,10.800003,1.0],"faces":{"east":{"uv":[0.0,7.375,0.125,7.5],"tintindex":0,"rotation":0,"texture":"#0"},"south":{"uv":[0.625,7.375,1.0,7.5],"tintindex":0,"rotation":0,"texture":"#0"},"north":{"uv":[0.125,7.375,0.5,7.5],"tintindex":0,"rotation":0,"texture":"#0"},"west":{"uv":[0.5,7.375,0.625,7.5],"tintindex":0,"rotation":0,"texture":"#0"},"up":{"uv":[0.5,7.375,0.125,7.25],"tintindex":0,"rotation":0,"texture":"#0"},"down":{"uv":[0.875,7.25,0.5,7.375],"tintindex":0,"rotation":0,"texture":"#0"}}},{"from":[16.119999,10.5199995,-2.08],"to":[22.279999,19.48,18.08],"faces":{"east":{"uv":[3.625,9.75,2.75,10.125],"tintindex":0,"rotation":0,"texture":"#0"},"south":{"uv":[2.75,9.75,2.5,10.125],"tintindex":0,"rotation":0,"texture":"#0"},"north":{"uv":[2.75,9.75,2.5,10.125],"tintindex":0,"rotation":0,"texture":"#0"},"west":{"uv":[2.5,9.75,1.625,10.125],"tintindex":0,"rotation":0,"texture":"#0"},"up":{"uv":[2.5,9.75,2.75,8.875],"tintindex":0,"rotation":0,"texture":"#0"},"down":{"uv":[2.75,8.875,3.0,9.75],"tintindex":0,"rotation":0,"texture":"#0"}}},{"from":[-3.1999998,8.0,1.0],"to":[19.2,22.0,15.0],"faces":{"east":{"uv":[5.75,8.0,6.375,8.625],"tintindex":0,"rotation":0,"texture":"#0"},"south":{"uv":[8.0,8.0,9.0,8.625],"tintindex":0,"rotation":0,"texture":"#0"},"north":{"uv":[6.375,8.0,7.375,8.625],"tintindex":0,"rotation":0,"texture":"#0"},"west":{"uv":[7.375,8.0,8.0,8.625],"tintindex":0,"rotation":0,"texture":"#0"},"up":{"uv":[7.375,8.0,6.375,7.375],"tintindex":0,"rotation":0,"texture":"#0"},"down":{"uv":[8.375,7.375,7.375,8.0],"tintindex":0,"rotation":0,"texture":"#0"}}},{"from":[5.2,5.200001,-2.5],"to":[10.8,10.800003,0.3000002],"faces":{"east":{"uv":[5.0,12.0,5.125,12.25],"tintindex":0,"rotation":0,"texture":"#0"},"south":{"uv":[5.5,12.0,5.75,12.25],"tintindex":0,"rotation":0,"texture":"#0"},"north":{"uv":[5.125,12.0,5.375,12.25],"tintindex":0,"rotation":0,"texture":"#0"},"west":{"uv":[5.375,12.0,5.5,12.25],"tintindex":0,"rotation":0,"texture":"#0"},"up":{"uv":[5.375,12.0,5.125,11.875],"tintindex":0,"rotation":0,"texture":"#0"},"down":{"uv":[5.625,11.875,5.375,12.0],"tintindex":0,"rotation":0,"texture":"#0"}},"rotation":{"origin":[8.0,8.0,-1.1000004],"angle":45.0,"axis":"z"}},{"from":[-6.2799997,10.5199995,-2.08],"to":[-0.119999886,19.48,18.08],"faces":{"east":{"uv":[1.625,9.75,2.5,10.125],"tintindex":0,"rotation":0,"texture":"#0"},"south":{"uv":[2.5,9.75,2.75,10.125],"tintindex":0,"rotation":0,"texture":"#0"},"north":{"uv":[2.5,9.75,2.75,10.125],"tintindex":0,"rotation":0,"texture":"#0"},"west":{"uv":[2.75,9.75,3.625,10.125],"tintindex":0,"rotation":0,"texture":"#0"},"up":{"uv":[2.75,9.75,2.5,8.875],"tintindex":0,"rotation":0,"texture":"#0"},"down":{"uv":[3.0,8.875,2.75,9.75],"tintindex":0,"rotation":0,"texture":"#0"}}},{"from":[-6.7,12.200001,1.0],"to":[-3.8999996,17.800003,15.0],"faces":{"east":{"uv":[7.875,10.875,8.5,11.125],"tintindex":0,"rotation":0,"texture":"#0"},"south":{"uv":[6.625,10.5,6.75,10.75],"tintindex":0,"rotation":0,"texture":"#0"},"north":{"uv":[6.625,10.5,6.75,10.75],"tintindex":0,"rotation":0,"texture":"#0"},"west":{"uv":[8.625,10.875,9.25,11.125],"tintindex":0,"rotation":0,"texture":"#0"},"up":{"uv":[8.625,10.875,8.5,10.25],"tintindex":0,"rotation":0,"texture":"#0"},"down":{"uv":[8.75,10.25,8.625,10.875],"tintindex":0,"rotation":0,"texture":"#0"}},"rotation":{"origin":[-6.7,12.200001,8.0],"angle":22.5,"axis":"z"}},{"from":[-6.7,8.0,3.8000002],"to":[-3.8999996,13.600002,12.2],"faces":{"east":{"uv":[8.5,11.5,8.875,11.75],"tintindex":0,"rotation":0,"texture":"#0"},"south":{"uv":[1.125,11.375,1.25,11.625],"tintindex":0,"rotation":0,"texture":"#0"},"north":{"uv":[6.625,10.5,6.75,10.75],"tintindex":0,"rotation":0,"texture":"#0"},"west":{"uv":[9.0,11.5,9.375,11.75],"tintindex":0,"rotation":0,"texture":"#0"},"up":{"uv":[9.0,11.5,8.875,11.125],"tintindex":0,"rotation":0,"texture":"#0"},"down":{"uv":[9.125,11.125,9.0,11.5],"tintindex":0,"rotation":0,"texture":"#0"}},"rotation":{"origin":[-6.7,8.0,8.0],"angle":22.5,"axis":"z"}}],"display":{"gui":{"rotation":[30,225,0]}}}