{"textures":{"0":"modelengine:entity/mso_lava_lord"},"elements":[{"from":[5.2,26.666668,4.2666664],"to":[10.8,28.53333,9.866667],"faces":{"east":{"uv":[3.0,9.625,3.375,9.75],"tintindex":0,"rotation":0,"texture":"#0"},"south":{"uv":[4.125,9.625,4.5,9.75],"tintindex":0,"rotation":0,"texture":"#0"},"north":{"uv":[3.375,9.625,3.75,9.75],"tintindex":0,"rotation":0,"texture":"#0"},"west":{"uv":[3.75,9.625,4.125,9.75],"tintindex":0,"rotation":0,"texture":"#0"},"up":{"uv":[3.75,9.625,3.375,9.25],"tintindex":0,"rotation":0,"texture":"#0"},"down":{"uv":[4.125,9.25,3.75,9.625],"tintindex":0,"rotation":0,"texture":"#0"}}},{"from":[6.133333,26.666668,9.866667],"to":[9.866667,28.53333,13.6],"faces":{"east":{"uv":[11.375,11.0,11.625,11.125],"tintindex":0,"rotation":0,"texture":"#0"},"south":{"uv":[12.125,11.0,12.375,11.125],"tintindex":0,"rotation":0,"texture":"#0"},"north":{"uv":[11.625,11.0,11.875,11.125],"tintindex":0,"rotation":0,"texture":"#0"},"west":{"uv":[11.875,11.0,12.125,11.125],"tintindex":0,"rotation":0,"texture":"#0"},"up":{"uv":[11.875,11.0,11.625,10.75],"tintindex":0,"rotation":0,"texture":"#0"},"down":{"uv":[12.125,10.75,11.875,11.0],"tintindex":0,"rotation":0,"texture":"#0"}}},{"from":[3.333333,22.93333,-2.2666664],"to":[12.666667,26.666668,-0.40000057],"faces":{"east":{"uv":[10.75,8.25,10.875,8.5],"tintindex":0,"rotation":0,"texture":"#0"},"south":{"uv":[11.625,8.25,12.25,8.5],"tintindex":0,"rotation":0,"texture":"#0"},"north":{"uv":[10.875,8.25,11.5,8.5],"tintindex":0,"rotation":0,"texture":"#0"},"west":{"uv":[11.5,8.25,11.625,8.5],"tintindex":0,"rotation":0,"texture":"#0"},"up":{"uv":[11.5,8.25,10.875,8.125],"tintindex":0,"rotation":0,"texture":"#0"},"down":{"uv":[12.125,8.125,11.5,8.25],"tintindex":0,"rotation":0,"texture":"#0"}}},{"from":[22.0,8.93333,-0.40000057],"to":[23.866667,14.533331,16.400002],"faces":{"east":{"uv":[10.375,6.0,9.25,6.375],"tintindex":0,"rotation":0,"texture":"#0"},"south":{"uv":[10.5,6.0,10.375,6.375],"tintindex":0,"rotation":0,"texture":"#0"},"north":{"uv":[9.25,6.0,9.125,6.375],"tintindex":0,"rotation":0,"texture":"#0"},"west":{"uv":[9.125,6.0,8.0,6.375],"tintindex":0,"rotation":0,"texture":"#0"},"up":{"uv":[9.125,6.0,9.25,4.875],"tintindex":0,"rotation":0,"texture":"#0"},"down":{"uv":[9.25,4.875,9.375,6.0],"tintindex":0,"rotation":0,"texture":"#0"}}},{"from":[-2.2666664,7.719996,17.333334],"to":[3.333333,13.319998,19.2],"faces":{"east":{"uv":[5.0,11.5,5.125,11.875],"tintindex":0,"rotation":0,"texture":"#0"},"south":{"uv":[5.625,11.5,6.0,11.875],"tintindex":0,"rotation":0,"texture":"#0"},"north":{"uv":[5.125,11.5,5.5,11.875],"tintindex":0,"rotation":0,"texture":"#0"},"west":{"uv":[5.5,11.5,5.625,11.875],"tintindex":0,"rotation":0,"texture":"#0"},"up":{"uv":[5.5,11.5,5.125,11.375],"tintindex":0,"rotation":0,"texture":"#0"},"down":{"uv":[5.875,11.375,5.5,11.5],"tintindex":0,"rotation":0,"texture":"#0"}},"rotation":{"origin":[-0.40000057,9.586665,18.266666],"angle":45.0,"axis":"z"}},{"from":[-6.0,7.0666656,-2.2666664],"to":[-0.40000057,12.666667,18.266666],"faces":{"east":{"uv":[5.0,5.625,6.375,6.0],"tintindex":0,"rotation":0,"texture":"#0"},"south":{"uv":[8.125,5.625,8.5,6.0],"tintindex":0,"rotation":0,"texture":"#0"},"north":{"uv":[6.375,5.625,6.75,6.0],"tintindex":0,"rotation":0,"texture":"#0"},"west":{"uv":[6.75,5.625,8.125,6.0],"tintindex":0,"rotation":0,"texture":"#0"},"up":{"uv":[6.75,5.625,6.375,4.25],"tintindex":0,"rotation":0,"texture":"#0"},"down":{"uv":[7.125,4.25,6.75,5.625],"tintindex":0,"rotation":0,"texture":"#0"}}},{"from":[16.400002,7.0666656,-2.2666664],"to":[22.0,12.666667,18.266666],"faces":{"east":{"uv":[8.125,5.625,6.75,6.0],"tintindex":0,"rotation":0,"texture":"#0"},"south":{"uv":[8.5,5.625,8.125,6.0],"tintindex":0,"rotation":0,"texture":"#0"},"north":{"uv":[6.75,5.625,6.375,6.0],"tintindex":0,"rotation":0,"texture":"#0"},"west":{"uv":[6.375,5.625,5.0,6.0],"tintindex":0,"rotation":0,"texture":"#0"},"up":{"uv":[6.375,5.625,6.75,4.25],"tintindex":0,"rotation":0,"texture":"#0"},"down":{"uv":[6.75,4.25,7.125,5.625],"tintindex":0,"rotation":0,"texture":"#0"}}},{"from":[-5.0666676,8.0,-0.40000057],"to":[21.066668,26.666668,16.400002],"faces":{"east":{"uv":[0.0,1.125,1.125,2.375],"tintindex":0,"rotation":0,"texture":"#0"},"south":{"uv":[4.0,1.125,5.75,2.375],"tintindex":0,"rotation":0,"texture":"#0"},"north":{"uv":[1.125,1.125,2.875,2.375],"tintindex":0,"rotation":0,"texture":"#0"},"west":{"uv":[2.875,1.125,4.0,2.375],"tintindex":0,"rotation":0,"texture":"#0"},"up":{"uv":[2.875,1.125,1.125,0.0],"tintindex":0,"rotation":0,"texture":"#0"},"down":{"uv":[4.625,0.0,2.875,1.125],"tintindex":0,"rotation":0,"texture":"#0"}}},{"from":[5.2,21.066666,-2.2666664],"to":[10.8,22.93333,-0.40000057],"faces":{"east":{"uv":[5.5,6.625,5.625,6.75],"tintindex":0,"rotation":0,"texture":"#0"},"south":{"uv":[6.125,6.625,6.5,6.75],"tintindex":0,"rotation":0,"texture":"#0"},"north":{"uv":[5.625,6.625,6.0,6.75],"tintindex":0,"rotation":0,"texture":"#0"},"west":{"uv":[6.0,6.625,6.125,6.75],"tintindex":0,"rotation":0,"texture":"#0"},"up":{"uv":[6.0,6.625,5.625,6.5],"tintindex":0,"rotation":0,"texture":"#0"},"down":{"uv":[6.375,6.5,6.0,6.625],"tintindex":0,"rotation":0,"texture":"#0"}}},{"from":[4.2666664,26.666668,-1.333334],"to":[11.733334,28.53333,4.2666664],"faces":{"east":{"uv":[10.25,9.75,10.625,9.875],"tintindex":0,"rotation":0,"texture":"#0"},"south":{"uv":[11.5,9.75,12.0,9.875],"tintindex":0,"rotation":0,"texture":"#0"},"north":{"uv":[10.625,9.75,11.125,9.875],"tintindex":0,"rotation":0,"texture":"#0"},"west":{"uv":[11.125,9.75,11.5,9.875],"tintindex":0,"rotation":0,"texture":"#0"},"up":{"uv":[11.125,9.75,10.625,9.375],"tintindex":0,"rotation":0,"texture":"#0"},"down":{"uv":[11.625,9.375,11.125,9.75],"tintindex":0,"rotation":0,"texture":"#0"}}},{"from":[7.0666666,28.53333,8.933333],"to":[8.933333,30.4,12.666667],"faces":{"east":{"uv":[9.125,2.75,9.375,2.875],"tintindex":0,"rotation":0,"texture":"#0"},"south":{"uv":[9.375,2.75,9.5,2.875],"tintindex":0,"rotation":0,"texture":"#0"},"north":{"uv":[9.0,2.75,9.125,2.875],"tintindex":0,"rotation":0,"texture":"#0"},"west":{"uv":[9.125,2.75,9.375,2.875],"tintindex":0,"rotation":0,"texture":"#0"},"up":{"uv":[9.125,2.75,9.0,2.5],"tintindex":0,"rotation":0,"texture":"#0"},"down":{"uv":[9.25,2.5,9.125,2.75],"tintindex":0,"rotation":0,"texture":"#0"}}},{"from":[6.133333,5.8533325,13.6],"to":[11.733334,11.453334,17.333334],"faces":{"east":{"uv":[11.0,1.125,11.25,1.5],"tintindex":0,"rotation":0,"texture":"#0"},"south":{"uv":[5.625,11.5,6.0,11.875],"tintindex":0,"rotation":0,"texture":"#0"},"north":{"uv":[11.25,1.125,11.625,1.5],"tintindex":0,"rotation":0,"texture":"#0"},"west":{"uv":[11.625,1.125,11.875,1.5],"tintindex":0,"rotation":0,"texture":"#0"},"up":{"uv":[11.625,1.125,11.25,0.875],"tintindex":0,"rotation":0,"texture":"#0"},"down":{"uv":[12.0,0.875,11.625,1.125],"tintindex":0,"rotation":0,"texture":"#0"}},"rotation":{"origin":[8.0,7.719996,16.400002],"angle":45.0,"axis":"z"}},{"from":[7.0666666,28.53333,-0.40000057],"to":[8.933333,30.4,3.333333],"faces":{"east":{"uv":[9.25,2.75,9.5,2.875],"tintindex":0,"rotation":0,"texture":"#0"},"south":{"uv":[5.5,8.125,5.625,8.25],"tintindex":0,"rotation":0,"texture":"#0"},"north":{"uv":[5.125,8.125,5.25,8.25],"tintindex":0,"rotation":0,"texture":"#0"},"west":{"uv":[9.25,2.75,9.5,2.875],"tintindex":0,"rotation":0,"texture":"#0"},"up":{"uv":[5.25,8.125,5.125,7.875],"tintindex":0,"rotation":0,"texture":"#0"},"down":{"uv":[5.375,7.875,5.25,8.125],"tintindex":0,"rotation":0,"texture":"#0"}}},{"from":[6.133333,28.53333,3.333333],"to":[9.866667,30.4,8.933333],"faces":{"east":{"uv":[8.625,0.375,9.0,0.5],"tintindex":0,"rotation":0,"texture":"#0"},"south":{"uv":[9.0,0.375,9.25,0.5],"tintindex":0,"rotation":0,"texture":"#0"},"north":{"uv":[8.375,0.375,8.625,0.5],"tintindex":0,"rotation":0,"texture":"#0"},"west":{"uv":[8.625,0.375,9.0,0.5],"tintindex":0,"rotation":0,"texture":"#0"},"up":{"uv":[8.625,0.375,8.375,0.0],"tintindex":0,"rotation":0,"texture":"#0"},"down":{"uv":[8.875,0.0,8.625,0.375],"tintindex":0,"rotation":0,"texture":"#0"}}},{"from":[-7.866667,8.93333,-0.40000057],"to":[-6.0,14.533331,16.400002],"faces":{"east":{"uv":[8.0,6.0,9.125,6.375],"tintindex":0,"rotation":0,"texture":"#0"},"south":{"uv":[10.375,6.0,10.5,6.375],"tintindex":0,"rotation":0,"texture":"#0"},"north":{"uv":[9.125,6.0,9.25,6.375],"tintindex":0,"rotation":0,"texture":"#0"},"west":{"uv":[9.25,6.0,10.375,6.375],"tintindex":0,"rotation":0,"texture":"#0"},"up":{"uv":[9.25,6.0,9.125,4.875],"tintindex":0,"rotation":0,"texture":"#0"},"down":{"uv":[9.375,4.875,9.25,6.0],"tintindex":0,"rotation":0,"texture":"#0"}}},{"from":[12.666667,7.719996,17.333334],"to":[18.266666,13.319998,19.2],"faces":{"east":{"uv":[5.625,11.5,5.5,11.875],"tintindex":0,"rotation":0,"texture":"#0"},"south":{"uv":[6.0,11.5,5.625,11.875],"tintindex":0,"rotation":0,"texture":"#0"},"north":{"uv":[5.5,11.5,5.125,11.875],"tintindex":0,"rotation":0,"texture":"#0"},"west":{"uv":[5.125,11.5,5.0,11.875],"tintindex":0,"rotation":0,"texture":"#0"},"up":{"uv":[5.125,11.5,5.5,11.375],"tintindex":0,"rotation":0,"texture":"#0"},"down":{"uv":[5.5,11.375,5.875,11.5],"tintindex":0,"rotation":0,"texture":"#0"}},"rotation":{"origin":[16.400002,9.586665,18.266666],"angle":-45.0,"axis":"z"}},{"from":[6.133333,9.586665,16.400002],"to":[13.6,17.05333,18.266666],"faces":{"east":{"uv":[1.25,11.125,1.375,11.625],"tintindex":0,"rotation":0,"texture":"#0"},"south":{"uv":[2.0,11.125,2.5,11.625],"tintindex":0,"rotation":0,"texture":"#0"},"north":{"uv":[1.375,11.125,1.875,11.625],"tintindex":0,"rotation":0,"texture":"#0"},"west":{"uv":[1.875,11.125,2.0,11.625],"tintindex":0,"rotation":0,"texture":"#0"},"up":{"uv":[1.875,11.125,1.375,11.0],"tintindex":0,"rotation":0,"texture":"#0"},"down":{"uv":[2.375,11.0,1.875,11.125],"tintindex":0,"rotation":0,"texture":"#0"}},"rotation":{"origin":[8.0,11.453334,17.333334],"angle":45.0,"axis":"z"}},{"from":[2.4,8.0,-2.2666664],"to":[13.6,19.199997,-0.40000057],"faces":{"east":{"uv":[1.75,10.25,1.875,11.0],"tintindex":0,"rotation":0,"texture":"#0"},"south":{"uv":[2.75,10.25,3.5,11.0],"tintindex":0,"rotation":0,"texture":"#0"},"north":{"uv":[1.875,10.25,2.625,11.0],"tintindex":0,"rotation":0,"texture":"#0"},"west":{"uv":[2.625,10.25,2.75,11.0],"tintindex":0,"rotation":0,"texture":"#0"},"up":{"uv":[2.625,10.25,1.875,10.125],"tintindex":0,"rotation":0,"texture":"#0"},"down":{"uv":[3.375,10.125,2.625,10.25],"tintindex":0,"rotation":0,"texture":"#0"}}}],"display":{"gui":{"rotation":[30,225,0]}}}