{"textures":{"0":"modelengine:entity/zombie_brute_texture"},"elements":[{"from":[4.499105,-0.9541559,2.330556],"to":[14.739104,14.405844,13.850556],"faces":{"east":{"uv":[1.5,7.3125,2.0625,8.0625],"tintindex":0,"rotation":0,"texture":"#0"},"south":{"uv":[7.5,0.0,8.0,0.75],"tintindex":0,"rotation":0,"texture":"#0"},"north":{"uv":[7.5,0.0,8.0,0.75],"tintindex":0,"rotation":0,"texture":"#0"},"west":{"uv":[1.5,7.3125,2.0625,8.0625],"tintindex":0,"rotation":0,"texture":"#0"},"up":{"uv":[4.25,8.0625,3.75,8.625],"tintindex":0,"rotation":0,"texture":"#0"},"down":{"uv":[4.25,8.0625,3.75,8.625],"tintindex":0,"rotation":0,"texture":"#0"}},"rotation":{"origin":[0.29836273,10.394474,1.5785646],"angle":45.0,"axis":"x"}}],"display":{"gui":{"rotation":[30,225,0]}}}