{"textures":{"0":"modelengine:entity/mso_lavastone_golem"},"elements":[{"from":[-2.0,8.0,2.0],"to":[4.0,20.0,14.0],"faces":{"east":{"uv":[2.0,6.25,3.5,7.75],"tintindex":0,"rotation":0,"texture":"#0"},"south":{"uv":[4.0,10.0,4.75,11.5],"tintindex":0,"rotation":0,"texture":"#0"},"north":{"uv":[0.0,10.0,0.75,11.5],"tintindex":0,"rotation":0,"texture":"#0"},"west":{"uv":[6.5,3.0,8.0,4.5],"tintindex":0,"rotation":0,"texture":"#0"},"up":{"uv":[10.0,11.75,9.25,10.25],"tintindex":0,"rotation":0,"texture":"#0"},"down":{"uv":[10.75,10.25,10.0,11.75],"tintindex":0,"rotation":0,"texture":"#0"}},"rotation":{"origin":[-2.0,8.0,8.0],"angle":22.5,"axis":"z"}},{"from":[-2.0,8.0,0.0],"to":[18.0,26.0,16.0],"faces":{"east":{"uv":[2.5,4.0,4.5,6.25],"tintindex":0,"rotation":0,"texture":"#0"},"south":{"uv":[0.0,2.25,2.5,4.5],"tintindex":0,"rotation":0,"texture":"#0"},"north":{"uv":[0.0,0.0,2.5,2.25],"tintindex":0,"rotation":0,"texture":"#0"},"west":{"uv":[0.0,4.5,2.0,6.75],"tintindex":0,"rotation":0,"texture":"#0"},"up":{"uv":[5.0,2.0,2.5,0.0],"tintindex":0,"rotation":0,"texture":"#0"},"down":{"uv":[5.0,2.0,2.5,4.0],"tintindex":0,"rotation":0,"texture":"#0"}}},{"from":[0.0,8.0,0.0],"to":[16.0,20.0,6.0],"faces":{"east":{"uv":[1.0,9.5,1.75,11.0],"tintindex":0,"rotation":0,"texture":"#0"},"south":{"uv":[5.0,0.0,7.0,1.5],"tintindex":0,"rotation":0,"texture":"#0"},"north":{"uv":[4.5,4.0,6.5,5.5],"tintindex":0,"rotation":0,"texture":"#0"},"west":{"uv":[1.75,9.5,2.5,11.0],"tintindex":0,"rotation":0,"texture":"#0"},"up":{"uv":[6.75,9.75,4.75,9.0],"tintindex":0,"rotation":0,"texture":"#0"},"down":{"uv":[11.0,4.75,9.0,5.5],"tintindex":0,"rotation":0,"texture":"#0"}},"rotation":{"origin":[8.0,8.0,0.0],"angle":-22.5,"axis":"x"}},{"from":[0.0,8.0,10.0],"to":[16.0,20.0,16.0],"faces":{"east":{"uv":[4.75,9.75,5.5,11.25],"tintindex":0,"rotation":0,"texture":"#0"},"south":{"uv":[4.5,5.5,6.5,7.0],"tintindex":0,"rotation":0,"texture":"#0"},"north":{"uv":[5.0,1.5,7.0,3.0],"tintindex":0,"rotation":0,"texture":"#0"},"west":{"uv":[5.5,9.75,6.25,11.25],"tintindex":0,"rotation":0,"texture":"#0"},"up":{"uv":[11.0,6.25,9.0,5.5],"tintindex":0,"rotation":0,"texture":"#0"},"down":{"uv":[11.0,6.25,9.0,7.0],"tintindex":0,"rotation":0,"texture":"#0"}},"rotation":{"origin":[8.0,8.0,16.0],"angle":22.5,"axis":"x"}},{"from":[12.0,22.0,5.0],"to":[16.0,30.0,11.0],"faces":{"east":{"uv":[13.0,1.0,12.25,2.0],"tintindex":0,"rotation":0,"texture":"#0"},"south":{"uv":[13.5,11.75,13.0,12.75],"tintindex":0,"rotation":0,"texture":"#0"},"north":{"uv":[12.25,13.0,11.75,14.0],"tintindex":0,"rotation":0,"texture":"#0"},"west":{"uv":[13.0,0.0,12.25,1.0],"tintindex":0,"rotation":0,"texture":"#0"},"up":{"uv":[8.75,11.75,9.25,11.0],"tintindex":0,"rotation":0,"texture":"#0"},"down":{"uv":[13.75,0.0,14.25,0.75],"tintindex":0,"rotation":0,"texture":"#0"}},"rotation":{"origin":[18.0,16.0,8.0],"angle":-22.5,"axis":"z"}},{"from":[1.0,22.0,11.0],"to":[5.0,28.0,15.0],"faces":{"east":{"uv":[1.5,13.75,2.0,14.5],"tintindex":0,"rotation":0,"texture":"#0"},"south":{"uv":[13.75,2.75,14.25,3.5],"tintindex":0,"rotation":0,"texture":"#0"},"north":{"uv":[13.75,0.75,14.25,1.5],"tintindex":0,"rotation":0,"texture":"#0"},"west":{"uv":[4.25,13.75,4.75,14.5],"tintindex":0,"rotation":0,"texture":"#0"},"up":{"uv":[11.0,4.75,10.5,4.25],"tintindex":0,"rotation":0,"texture":"#0"},"down":{"uv":[11.75,9.5,11.25,10.0],"tintindex":0,"rotation":0,"texture":"#0"}},"rotation":{"origin":[-1.0,16.0,13.0],"angle":22.5,"axis":"z"}},{"from":[11.0,22.0,11.0],"to":[15.0,28.0,15.0],"faces":{"east":{"uv":[4.75,13.75,4.25,14.5],"tintindex":0,"rotation":0,"texture":"#0"},"south":{"uv":[14.25,2.75,13.75,3.5],"tintindex":0,"rotation":0,"texture":"#0"},"north":{"uv":[14.25,0.75,13.75,1.5],"tintindex":0,"rotation":0,"texture":"#0"},"west":{"uv":[2.0,13.75,1.5,14.5],"tintindex":0,"rotation":0,"texture":"#0"},"up":{"uv":[10.5,4.75,11.0,4.25],"tintindex":0,"rotation":0,"texture":"#0"},"down":{"uv":[11.25,9.5,11.75,10.0],"tintindex":0,"rotation":0,"texture":"#0"}},"rotation":{"origin":[17.0,16.0,13.0],"angle":-22.5,"axis":"z"}},{"from":[2.0,20.0,2.0],"to":[14.0,26.0,8.0],"faces":{"east":{"uv":[12.5,10.25,13.25,11.0],"tintindex":0,"rotation":0,"texture":"#0"},"south":{"uv":[9.75,0.0,11.25,0.75],"tintindex":0,"rotation":0,"texture":"#0"},"north":{"uv":[9.0,9.5,10.5,10.25],"tintindex":0,"rotation":0,"texture":"#0"},"west":{"uv":[12.5,11.0,13.25,11.75],"tintindex":0,"rotation":0,"texture":"#0"},"up":{"uv":[11.25,1.5,9.75,0.75],"tintindex":0,"rotation":0,"texture":"#0"},"down":{"uv":[11.25,1.5,9.75,2.25],"tintindex":0,"rotation":0,"texture":"#0"}},"rotation":{"origin":[8.0,8.0,0.0],"angle":-22.5,"axis":"x"}},{"from":[12.0,8.0,2.0],"to":[18.0,20.0,14.0],"faces":{"east":{"uv":[8.0,3.0,6.5,4.5],"tintindex":0,"rotation":0,"texture":"#0"},"south":{"uv":[4.75,10.0,4.0,11.5],"tintindex":0,"rotation":0,"texture":"#0"},"north":{"uv":[0.75,10.0,0.0,11.5],"tintindex":0,"rotation":0,"texture":"#0"},"west":{"uv":[3.5,6.25,2.0,7.75],"tintindex":0,"rotation":0,"texture":"#0"},"up":{"uv":[9.25,11.75,10.0,10.25],"tintindex":0,"rotation":0,"texture":"#0"},"down":{"uv":[10.0,10.25,10.75,11.75],"tintindex":0,"rotation":0,"texture":"#0"}},"rotation":{"origin":[18.0,8.0,8.0],"angle":-22.5,"axis":"z"}},{"from":[12.0,8.0,4.0],"to":[20.0,22.0,12.0],"faces":{"east":{"uv":[9.0,8.25,8.0,10.0],"tintindex":0,"rotation":0,"texture":"#0"},"south":{"uv":[1.0,8.25,0.0,10.0],"tintindex":0,"rotation":0,"texture":"#0"},"north":{"uv":[9.0,4.75,8.0,6.5],"tintindex":0,"rotation":0,"texture":"#0"},"west":{"uv":[9.0,6.5,8.0,8.25],"tintindex":0,"rotation":0,"texture":"#0"},"up":{"uv":[10.75,11.0,11.75,10.0],"tintindex":0,"rotation":0,"texture":"#0"},"down":{"uv":[0.75,11.0,1.75,12.0],"tintindex":0,"rotation":0,"texture":"#0"}},"rotation":{"origin":[20.0,8.0,8.0],"angle":-22.5,"axis":"z"}},{"from":[4.0,24.0,10.0],"to":[12.0,32.0,14.0],"faces":{"east":{"uv":[1.5,6.75,2.0,7.75],"tintindex":0,"rotation":0,"texture":"#0"},"south":{"uv":[11.0,5.25,12.0,6.25],"tintindex":0,"rotation":0,"texture":"#0"},"north":{"uv":[11.0,4.25,12.0,5.25],"tintindex":0,"rotation":0,"texture":"#0"},"west":{"uv":[2.25,13.0,2.75,14.0],"tintindex":0,"rotation":0,"texture":"#0"},"up":{"uv":[14.0,4.0,13.0,3.5],"tintindex":0,"rotation":0,"texture":"#0"},"down":{"uv":[11.75,13.0,10.75,13.5],"tintindex":0,"rotation":0,"texture":"#0"}},"rotation":{"origin":[8.0,14.0,16.0],"angle":22.5,"axis":"x"}},{"from":[-1.0,24.0,9.0],"to":[5.0,30.0,13.0],"faces":{"east":{"uv":[6.25,9.75,6.75,10.5],"tintindex":0,"rotation":0,"texture":"#0"},"south":{"uv":[6.25,12.75,7.0,13.5],"tintindex":0,"rotation":0,"texture":"#0"},"north":{"uv":[3.75,12.75,4.5,13.5],"tintindex":0,"rotation":0,"texture":"#0"},"west":{"uv":[11.0,6.25,11.5,7.0],"tintindex":0,"rotation":0,"texture":"#0"},"up":{"uv":[13.0,14.0,12.25,13.5],"tintindex":0,"rotation":0,"texture":"#0"},"down":{"uv":[13.75,13.5,13.0,14.0],"tintindex":0,"rotation":0,"texture":"#0"}},"rotation":{"origin":[1.0,14.0,15.0],"angle":22.5,"axis":"x"}},{"from":[-4.0,8.0,4.0],"to":[4.0,22.0,12.0],"faces":{"east":{"uv":[8.0,6.5,9.0,8.25],"tintindex":0,"rotation":0,"texture":"#0"},"south":{"uv":[0.0,8.25,1.0,10.0],"tintindex":0,"rotation":0,"texture":"#0"},"north":{"uv":[8.0,4.75,9.0,6.5],"tintindex":0,"rotation":0,"texture":"#0"},"west":{"uv":[8.0,8.25,9.0,10.0],"tintindex":0,"rotation":0,"texture":"#0"},"up":{"uv":[11.75,11.0,10.75,10.0],"tintindex":0,"rotation":0,"texture":"#0"},"down":{"uv":[1.75,11.0,0.75,12.0],"tintindex":0,"rotation":0,"texture":"#0"}},"rotation":{"origin":[-4.0,8.0,8.0],"angle":22.5,"axis":"z"}},{"from":[11.0,24.0,9.0],"to":[17.0,30.0,13.0],"faces":{"east":{"uv":[11.5,6.25,11.0,7.0],"tintindex":0,"rotation":0,"texture":"#0"},"south":{"uv":[7.0,12.75,6.25,13.5],"tintindex":0,"rotation":0,"texture":"#0"},"north":{"uv":[4.5,12.75,3.75,13.5],"tintindex":0,"rotation":0,"texture":"#0"},"west":{"uv":[6.75,9.75,6.25,10.5],"tintindex":0,"rotation":0,"texture":"#0"},"up":{"uv":[12.25,14.0,13.0,13.5],"tintindex":0,"rotation":0,"texture":"#0"},"down":{"uv":[13.0,13.5,13.75,14.0],"tintindex":0,"rotation":0,"texture":"#0"}},"rotation":{"origin":[15.0,14.0,15.0],"angle":22.5,"axis":"x"}},{"from":[0.0,22.0,5.0],"to":[4.0,30.0,11.0],"faces":{"east":{"uv":[12.25,0.0,13.0,1.0],"tintindex":0,"rotation":0,"texture":"#0"},"south":{"uv":[13.0,11.75,13.5,12.75],"tintindex":0,"rotation":0,"texture":"#0"},"north":{"uv":[11.75,13.0,12.25,14.0],"tintindex":0,"rotation":0,"texture":"#0"},"west":{"uv":[12.25,1.0,13.0,2.0],"tintindex":0,"rotation":0,"texture":"#0"},"up":{"uv":[9.25,11.75,8.75,11.0],"tintindex":0,"rotation":0,"texture":"#0"},"down":{"uv":[14.25,0.0,13.75,0.75],"tintindex":0,"rotation":0,"texture":"#0"}},"rotation":{"origin":[-2.0,16.0,8.0],"angle":22.5,"axis":"z"}},{"from":[2.0,20.0,8.0],"to":[14.0,26.0,14.0],"faces":{"east":{"uv":[0.0,12.75,0.75,13.5],"tintindex":0,"rotation":0,"texture":"#0"},"south":{"uv":[10.0,7.0,11.5,7.75],"tintindex":0,"rotation":0,"texture":"#0"},"north":{"uv":[2.5,10.0,4.0,10.75],"tintindex":0,"rotation":0,"texture":"#0"},"west":{"uv":[0.75,12.75,1.5,13.5],"tintindex":0,"rotation":0,"texture":"#0"},"up":{"uv":[11.5,8.5,10.0,7.75],"tintindex":0,"rotation":0,"texture":"#0"},"down":{"uv":[9.25,10.25,7.75,11.0],"tintindex":0,"rotation":0,"texture":"#0"}},"rotation":{"origin":[8.0,8.0,16.0],"angle":22.5,"axis":"x"}}],"display":{"gui":{"rotation":[30,225,0]}}}