{"textures":{"0":"modelengine:entity/mso_lavastone_golem"},"elements":[{"from":[2.0,8.0,2.0],"to":[14.0,20.0,14.0],"faces":{"east":{"uv":[6.5,6.0,8.0,7.5],"tintindex":0,"rotation":0,"texture":"#0"},"south":{"uv":[0.0,6.75,1.5,8.25],"tintindex":0,"rotation":0,"texture":"#0"},"north":{"uv":[6.5,4.5,8.0,6.0],"tintindex":0,"rotation":0,"texture":"#0"},"west":{"uv":[7.0,0.0,8.5,1.5],"tintindex":0,"rotation":0,"texture":"#0"},"up":{"uv":[8.5,3.0,7.0,1.5],"tintindex":0,"rotation":0,"texture":"#0"},"down":{"uv":[5.0,7.0,3.5,8.5],"tintindex":0,"rotation":0,"texture":"#0"}}},{"from":[4.0,10.0,14.0],"to":[12.0,18.0,16.0],"faces":{"east":{"uv":[7.75,9.0,8.0,10.0],"tintindex":0,"rotation":0,"texture":"#0"},"south":{"uv":[10.75,11.0,11.75,12.0],"tintindex":0,"rotation":0,"texture":"#0"},"north":{"uv":[7.75,11.0,8.75,12.0],"tintindex":0,"rotation":0,"texture":"#0"},"west":{"uv":[0.75,10.0,1.0,11.0],"tintindex":0,"rotation":0,"texture":"#0"},"up":{"uv":[10.25,4.75,9.25,4.5],"tintindex":0,"rotation":0,"texture":"#0"},"down":{"uv":[8.75,10.0,7.75,10.25],"tintindex":0,"rotation":0,"texture":"#0"}}},{"from":[1.0,13.0,-0.5],"to":[8.0,19.0,1.5],"faces":{"east":{"uv":[6.5,14.25,6.75,15.0],"tintindex":0,"rotation":0,"texture":"#0"},"south":{"uv":[4.75,12.25,5.625,13.0],"tintindex":0,"rotation":0,"texture":"#0"},"north":{"uv":[1.75,12.25,2.625,13.0],"tintindex":0,"rotation":0,"texture":"#0"},"west":{"uv":[14.25,6.5,14.5,7.25],"tintindex":0,"rotation":0,"texture":"#0"},"up":{"uv":[14.875,11.5,14.0,11.25],"tintindex":0,"rotation":0,"texture":"#0"},"down":{"uv":[14.125,14.0,13.25,14.25],"tintindex":0,"rotation":0,"texture":"#0"}},"rotation":{"origin":[8.0,7.0,-0.5],"angle":22.5,"axis":"y"}},{"from":[0.0,10.0,4.0],"to":[2.0,18.0,12.0],"faces":{"east":{"uv":[4.75,11.25,5.75,12.25],"tintindex":0,"rotation":0,"texture":"#0"},"south":{"uv":[10.0,14.0,10.25,15.0],"tintindex":0,"rotation":0,"texture":"#0"},"north":{"uv":[14.0,9.75,14.25,10.75],"tintindex":0,"rotation":0,"texture":"#0"},"west":{"uv":[11.25,8.5,12.25,9.5],"tintindex":0,"rotation":0,"texture":"#0"},"up":{"uv":[10.5,15.0,10.25,14.0],"tintindex":0,"rotation":0,"texture":"#0"},"down":{"uv":[10.75,14.0,10.5,15.0],"tintindex":0,"rotation":0,"texture":"#0"}}},{"from":[8.0,7.0,-0.5],"to":[12.0,13.0,1.5],"faces":{"east":{"uv":[14.5,8.0,14.25,8.75],"tintindex":0,"rotation":0,"texture":"#0"},"south":{"uv":[7.5,13.75,7.0,14.5],"tintindex":0,"rotation":0,"texture":"#0"},"north":{"uv":[14.25,5.5,13.75,6.25],"tintindex":0,"rotation":0,"texture":"#0"},"west":{"uv":[14.5,7.25,14.25,8.0],"tintindex":0,"rotation":0,"texture":"#0"},"up":{"uv":[9.75,2.5,10.25,2.25],"tintindex":0,"rotation":0,"texture":"#0"},"down":{"uv":[11.25,2.0,11.75,2.25],"tintindex":0,"rotation":0,"texture":"#0"}},"rotation":{"origin":[8.0,1.0,-0.5],"angle":-22.5,"axis":"y"}},{"from":[4.0,20.0,4.0],"to":[12.0,22.0,12.0],"faces":{"east":{"uv":[14.0,5.25,15.0,5.5],"tintindex":0,"rotation":0,"texture":"#0"},"south":{"uv":[14.0,9.25,15.0,9.5],"tintindex":0,"rotation":0,"texture":"#0"},"north":{"uv":[14.0,2.5,15.0,2.75],"tintindex":0,"rotation":0,"texture":"#0"},"west":{"uv":[14.0,9.5,15.0,9.75],"tintindex":0,"rotation":0,"texture":"#0"},"up":{"uv":[12.25,1.0,11.25,0.0],"tintindex":0,"rotation":0,"texture":"#0"},"down":{"uv":[12.25,1.0,11.25,2.0],"tintindex":0,"rotation":0,"texture":"#0"}}},{"from":[4.0,7.0,-0.5],"to":[8.0,13.0,1.5],"faces":{"east":{"uv":[14.25,7.25,14.5,8.0],"tintindex":0,"rotation":0,"texture":"#0"},"south":{"uv":[7.0,13.75,7.5,14.5],"tintindex":0,"rotation":0,"texture":"#0"},"north":{"uv":[13.75,5.5,14.25,6.25],"tintindex":0,"rotation":0,"texture":"#0"},"west":{"uv":[14.25,8.0,14.5,8.75],"tintindex":0,"rotation":0,"texture":"#0"},"up":{"uv":[10.25,2.5,9.75,2.25],"tintindex":0,"rotation":0,"texture":"#0"},"down":{"uv":[11.75,2.0,11.25,2.25],"tintindex":0,"rotation":0,"texture":"#0"}},"rotation":{"origin":[8.0,1.0,-0.5],"angle":22.5,"axis":"y"}},{"from":[8.0,13.0,-0.5],"to":[15.0,19.0,1.5],"faces":{"east":{"uv":[14.5,6.5,14.25,7.25],"tintindex":0,"rotation":0,"texture":"#0"},"south":{"uv":[5.625,12.25,4.75,13.0],"tintindex":0,"rotation":0,"texture":"#0"},"north":{"uv":[2.625,12.25,1.75,13.0],"tintindex":0,"rotation":0,"texture":"#0"},"west":{"uv":[6.75,14.25,6.5,15.0],"tintindex":0,"rotation":0,"texture":"#0"},"up":{"uv":[14.0,11.5,14.875,11.25],"tintindex":0,"rotation":0,"texture":"#0"},"down":{"uv":[13.25,14.0,14.125,14.25],"tintindex":0,"rotation":0,"texture":"#0"}},"rotation":{"origin":[8.0,7.0,-0.5],"angle":-22.5,"axis":"y"}},{"from":[14.0,10.0,4.0],"to":[16.0,18.0,12.0],"faces":{"east":{"uv":[12.25,8.5,11.25,9.5],"tintindex":0,"rotation":0,"texture":"#0"},"south":{"uv":[10.25,14.0,10.0,15.0],"tintindex":0,"rotation":0,"texture":"#0"},"north":{"uv":[14.25,9.75,14.0,10.75],"tintindex":0,"rotation":0,"texture":"#0"},"west":{"uv":[5.75,11.25,4.75,12.25],"tintindex":0,"rotation":0,"texture":"#0"},"up":{"uv":[10.25,15.0,10.5,14.0],"tintindex":0,"rotation":0,"texture":"#0"},"down":{"uv":[10.5,14.0,10.75,15.0],"tintindex":0,"rotation":0,"texture":"#0"}}}],"display":{"gui":{"rotation":[30,225,0]}}}