{"textures":{"0":"modelengine:entity/mso_lavastone_golem"},"elements":[{"from":[2.0,2.0,5.0],"to":[8.0,12.0,11.0],"faces":{"east":{"uv":[1.75,11.0,2.5,12.25],"tintindex":0,"rotation":0,"texture":"#0"},"south":{"uv":[0.0,11.5,0.75,12.75],"tintindex":0,"rotation":0,"texture":"#0"},"north":{"uv":[3.25,10.75,4.0,12.0],"tintindex":0,"rotation":0,"texture":"#0"},"west":{"uv":[4.0,11.5,4.75,12.75],"tintindex":0,"rotation":0,"texture":"#0"},"up":{"uv":[13.25,2.75,12.5,2.0],"tintindex":0,"rotation":0,"texture":"#0"},"down":{"uv":[13.25,9.5,12.5,10.25],"tintindex":0,"rotation":0,"texture":"#0"}},"rotation":{"origin":[2.0,2.0,8.0],"angle":22.5,"axis":"z"}},{"from":[3.5,2.0,6.0],"to":[12.5,10.0,12.0],"faces":{"east":{"uv":[10.75,12.0,11.5,13.0],"tintindex":0,"rotation":0,"texture":"#0"},"south":{"uv":[10.5,3.25,11.625,4.25],"tintindex":0,"rotation":0,"texture":"#0"},"north":{"uv":[10.5,2.25,11.625,3.25],"tintindex":0,"rotation":0,"texture":"#0"},"west":{"uv":[11.5,12.0,12.25,13.0],"tintindex":0,"rotation":0,"texture":"#0"},"up":{"uv":[13.125,4.75,12.0,4.0],"tintindex":0,"rotation":0,"texture":"#0"},"down":{"uv":[13.125,4.75,12.0,5.5],"tintindex":0,"rotation":0,"texture":"#0"}},"rotation":{"origin":[8.0,2.0,12.0],"angle":22.5,"axis":"x"}},{"from":[5.5,9.5,4.0],"to":[10.5,13.5,10.0],"faces":{"east":{"uv":[13.5,11.5,14.25,12.0],"tintindex":0,"rotation":0,"texture":"#0"},"south":{"uv":[13.75,13.0,14.375,13.5],"tintindex":0,"rotation":0,"texture":"#0"},"north":{"uv":[13.75,12.5,14.375,13.0],"tintindex":0,"rotation":0,"texture":"#0"},"west":{"uv":[13.5,12.0,14.25,12.5],"tintindex":0,"rotation":0,"texture":"#0"},"up":{"uv":[13.875,4.75,13.25,4.0],"tintindex":0,"rotation":0,"texture":"#0"},"down":{"uv":[13.875,4.75,13.25,5.5],"tintindex":0,"rotation":0,"texture":"#0"}},"rotation":{"origin":[8.0,-2.5,12.0],"angle":22.5,"axis":"x"}},{"from":[2.0,2.0,4.0],"to":[14.0,14.0,12.0],"faces":{"east":{"uv":[6.75,9.0,7.75,10.5],"tintindex":0,"rotation":0,"texture":"#0"},"south":{"uv":[6.5,7.5,8.0,9.0],"tintindex":0,"rotation":0,"texture":"#0"},"north":{"uv":[5.0,7.0,6.5,8.5],"tintindex":0,"rotation":0,"texture":"#0"},"west":{"uv":[9.0,7.0,10.0,8.5],"tintindex":0,"rotation":0,"texture":"#0"},"up":{"uv":[6.5,4.0,5.0,3.0],"tintindex":0,"rotation":0,"texture":"#0"},"down":{"uv":[10.5,8.5,9.0,9.5],"tintindex":0,"rotation":0,"texture":"#0"}}},{"from":[5.5,9.5,6.0],"to":[10.5,13.5,12.0],"faces":{"east":{"uv":[8.5,2.5,9.25,3.0],"tintindex":0,"rotation":0,"texture":"#0"},"south":{"uv":[9.25,13.75,9.875,14.25],"tintindex":0,"rotation":0,"texture":"#0"},"north":{"uv":[8.5,13.75,9.125,14.25],"tintindex":0,"rotation":0,"texture":"#0"},"west":{"uv":[5.75,8.5,6.5,9.0],"tintindex":0,"rotation":0,"texture":"#0"},"up":{"uv":[13.625,13.5,13.0,12.75],"tintindex":0,"rotation":0,"texture":"#0"},"down":{"uv":[13.875,2.0,13.25,2.75],"tintindex":0,"rotation":0,"texture":"#0"}},"rotation":{"origin":[8.0,-2.5,4.0],"angle":-22.5,"axis":"x"}},{"from":[8.0,2.0,5.0],"to":[14.0,12.0,11.0],"faces":{"east":{"uv":[4.75,11.5,4.0,12.75],"tintindex":0,"rotation":0,"texture":"#0"},"south":{"uv":[0.75,11.5,0.0,12.75],"tintindex":0,"rotation":0,"texture":"#0"},"north":{"uv":[4.0,10.75,3.25,12.0],"tintindex":0,"rotation":0,"texture":"#0"},"west":{"uv":[2.5,11.0,1.75,12.25],"tintindex":0,"rotation":0,"texture":"#0"},"up":{"uv":[12.5,2.75,13.25,2.0],"tintindex":0,"rotation":0,"texture":"#0"},"down":{"uv":[12.5,9.5,13.25,10.25],"tintindex":0,"rotation":0,"texture":"#0"}},"rotation":{"origin":[14.0,2.0,8.0],"angle":-22.5,"axis":"z"}},{"from":[8.0,2.0,6.0],"to":[16.0,14.0,10.0],"faces":{"east":{"uv":[3.75,12.0,3.25,13.5],"tintindex":0,"rotation":0,"texture":"#0"},"south":{"uv":[4.75,8.5,3.75,10.0],"tintindex":0,"rotation":0,"texture":"#0"},"north":{"uv":[3.75,8.5,2.75,10.0],"tintindex":0,"rotation":0,"texture":"#0"},"west":{"uv":[10.75,11.75,10.25,13.25],"tintindex":0,"rotation":0,"texture":"#0"},"up":{"uv":[4.75,9.0,5.75,8.5],"tintindex":0,"rotation":0,"texture":"#0"},"down":{"uv":[13.0,1.5,14.0,2.0],"tintindex":0,"rotation":0,"texture":"#0"}},"rotation":{"origin":[16.0,2.0,8.0],"angle":-22.5,"axis":"z"}},{"from":[3.5,2.0,4.0],"to":[12.5,10.0,10.0],"faces":{"east":{"uv":[7.25,12.0,8.0,13.0],"tintindex":0,"rotation":0,"texture":"#0"},"south":{"uv":[9.25,3.5,10.375,4.5],"tintindex":0,"rotation":0,"texture":"#0"},"north":{"uv":[9.25,2.5,10.375,3.5],"tintindex":0,"rotation":0,"texture":"#0"},"west":{"uv":[8.0,12.0,8.75,13.0],"tintindex":0,"rotation":0,"texture":"#0"},"up":{"uv":[12.625,8.25,11.5,7.5],"tintindex":0,"rotation":0,"texture":"#0"},"down":{"uv":[12.875,3.25,11.75,4.0],"tintindex":0,"rotation":0,"texture":"#0"}},"rotation":{"origin":[8.0,2.0,4.0],"angle":-22.5,"axis":"x"}},{"from":[0.0,2.0,6.0],"to":[8.0,14.0,10.0],"faces":{"east":{"uv":[10.25,11.75,10.75,13.25],"tintindex":0,"rotation":0,"texture":"#0"},"south":{"uv":[3.75,8.5,4.75,10.0],"tintindex":0,"rotation":0,"texture":"#0"},"north":{"uv":[2.75,8.5,3.75,10.0],"tintindex":0,"rotation":0,"texture":"#0"},"west":{"uv":[3.25,12.0,3.75,13.5],"tintindex":0,"rotation":0,"texture":"#0"},"up":{"uv":[5.75,9.0,4.75,8.5],"tintindex":0,"rotation":0,"texture":"#0"},"down":{"uv":[14.0,1.5,13.0,2.0],"tintindex":0,"rotation":0,"texture":"#0"}},"rotation":{"origin":[0.0,2.0,8.0],"angle":22.5,"axis":"z"}}],"display":{"gui":{"rotation":[30,225,0]}}}