{"textures":{"0":"modelengine:entity/mso_lavastone_golem"},"elements":[{"from":[3.0,17.0,-1.0],"to":[4.799999,23.0,5.0],"faces":{"east":{"uv":[8.5,13.0,9.25,13.75],"tintindex":0,"rotation":0,"texture":"#0"},"south":{"uv":[9.75,14.25,10.0,15.0],"tintindex":0,"rotation":0,"texture":"#0"},"north":{"uv":[9.5,14.25,9.75,15.0],"tintindex":0,"rotation":0,"texture":"#0"},"west":{"uv":[9.25,13.0,10.0,13.75],"tintindex":0,"rotation":0,"texture":"#0"},"up":{"uv":[14.5,10.5,14.25,9.75],"tintindex":0,"rotation":0,"texture":"#0"},"down":{"uv":[11.0,14.25,10.75,15.0],"tintindex":0,"rotation":0,"texture":"#0"}},"rotation":{"origin":[3.0,20.0,5.0],"angle":-22.5,"axis":"y"}},{"from":[1.0,19.0,5.0],"to":[5.0,29.0,11.0],"faces":{"east":{"uv":[11.75,9.5,12.5,10.75],"tintindex":0,"rotation":0,"texture":"#0"},"south":{"uv":[12.25,8.25,12.75,9.5],"tintindex":0,"rotation":0,"texture":"#0"},"north":{"uv":[12.25,6.25,12.75,7.5],"tintindex":0,"rotation":0,"texture":"#0"},"west":{"uv":[11.75,10.75,12.5,12.0],"tintindex":0,"rotation":0,"texture":"#0"},"up":{"uv":[8.0,14.5,7.5,13.75],"tintindex":0,"rotation":0,"texture":"#0"},"down":{"uv":[8.5,13.75,8.0,14.5],"tintindex":0,"rotation":0,"texture":"#0"}}},{"from":[3.0,17.0,11.0],"to":[4.799999,23.0,17.0],"faces":{"east":{"uv":[7.0,13.0,7.75,13.75],"tintindex":0,"rotation":0,"texture":"#0"},"south":{"uv":[8.75,14.25,9.0,15.0],"tintindex":0,"rotation":0,"texture":"#0"},"north":{"uv":[8.5,14.25,8.75,15.0],"tintindex":0,"rotation":0,"texture":"#0"},"west":{"uv":[7.75,13.0,8.5,13.75],"tintindex":0,"rotation":0,"texture":"#0"},"up":{"uv":[9.25,15.0,9.0,14.25],"tintindex":0,"rotation":0,"texture":"#0"},"down":{"uv":[9.5,14.25,9.25,15.0],"tintindex":0,"rotation":0,"texture":"#0"}},"rotation":{"origin":[3.0,20.0,11.0],"angle":22.5,"axis":"y"}},{"from":[0.5,1.0,5.5],"to":[5.5,5.0,10.5],"faces":{"east":{"uv":[14.0,1.5,14.625,2.0],"tintindex":0,"rotation":0,"texture":"#0"},"south":{"uv":[14.0,2.0,14.625,2.5],"tintindex":0,"rotation":0,"texture":"#0"},"north":{"uv":[13.75,13.5,14.375,14.0],"tintindex":0,"rotation":0,"texture":"#0"},"west":{"uv":[14.0,3.5,14.625,4.0],"tintindex":0,"rotation":0,"texture":"#0"},"up":{"uv":[3.375,14.125,2.75,13.5],"tintindex":0,"rotation":0,"texture":"#0"},"down":{"uv":[4.125,13.5,3.5,14.125],"tintindex":0,"rotation":0,"texture":"#0"}},"rotation":{"origin":[3.0,4.0,8.0],"angle":-45.0,"axis":"z"}},{"from":[3.0,5.0,13.0],"to":[5.0,17.0,19.0],"faces":{"east":{"uv":[6.25,10.5,7.0,12.0],"tintindex":0,"rotation":0,"texture":"#0"},"south":{"uv":[11.5,13.5,11.75,15.0],"tintindex":0,"rotation":0,"texture":"#0"},"north":{"uv":[6.75,13.5,7.0,15.0],"tintindex":0,"rotation":0,"texture":"#0"},"west":{"uv":[7.0,10.5,7.75,12.0],"tintindex":0,"rotation":0,"texture":"#0"},"up":{"uv":[4.0,12.75,3.75,12.0],"tintindex":0,"rotation":0,"texture":"#0"},"down":{"uv":[0.25,14.25,0.0,15.0],"tintindex":0,"rotation":0,"texture":"#0"}},"rotation":{"origin":[3.0,8.0,13.0],"angle":22.5,"axis":"y"}},{"from":[-1.0,18.5,7.0],"to":[1.0,20.5,9.0],"faces":{"east":{"uv":[10.25,2.25,10.5,2.5],"tintindex":0,"rotation":0,"texture":"#0"},"south":{"uv":[10.25,4.5,10.5,4.75],"tintindex":0,"rotation":0,"texture":"#0"},"north":{"uv":[8.75,10.0,9.0,10.25],"tintindex":0,"rotation":0,"texture":"#0"},"west":{"uv":[10.5,10.0,10.75,10.25],"tintindex":0,"rotation":0,"texture":"#0"},"up":{"uv":[11.75,8.5,11.5,8.25],"tintindex":0,"rotation":0,"texture":"#0"},"down":{"uv":[12.0,4.0,11.75,4.25],"tintindex":0,"rotation":0,"texture":"#0"}},"rotation":{"origin":[0.0,19.5,8.0],"angle":-45.0,"axis":"z"}},{"from":[-1.0,14.5,7.0],"to":[1.0,16.5,9.0],"faces":{"east":{"uv":[10.25,2.25,10.5,2.5],"tintindex":0,"rotation":0,"texture":"#0"},"south":{"uv":[10.25,4.5,10.5,4.75],"tintindex":0,"rotation":0,"texture":"#0"},"north":{"uv":[8.75,10.0,9.0,10.25],"tintindex":0,"rotation":0,"texture":"#0"},"west":{"uv":[10.5,10.0,10.75,10.25],"tintindex":0,"rotation":0,"texture":"#0"},"up":{"uv":[11.75,8.5,11.5,8.25],"tintindex":0,"rotation":0,"texture":"#0"},"down":{"uv":[12.0,4.0,11.75,4.25],"tintindex":0,"rotation":0,"texture":"#0"}},"rotation":{"origin":[0.0,15.5,8.0],"angle":-45.0,"axis":"z"}},{"from":[1.0,-2.0,6.0],"to":[5.0,1.0,10.0],"faces":{"east":{"uv":[14.25,0.75,14.75,1.125],"tintindex":0,"rotation":0,"texture":"#0"},"south":{"uv":[1.0,14.25,1.5,14.625],"tintindex":0,"rotation":0,"texture":"#0"},"north":{"uv":[0.5,14.25,1.0,14.625],"tintindex":0,"rotation":0,"texture":"#0"},"west":{"uv":[2.75,14.25,3.25,14.625],"tintindex":0,"rotation":0,"texture":"#0"},"up":{"uv":[13.0,3.25,12.5,2.75],"tintindex":0,"rotation":0,"texture":"#0"},"down":{"uv":[14.5,4.75,14.0,5.25],"tintindex":0,"rotation":0,"texture":"#0"}},"rotation":{"origin":[3.0,1.0,8.0],"angle":45.0,"axis":"y"}},{"from":[5.0,5.0,5.0],"to":[11.0,11.0,11.0],"faces":{"east":{"uv":[12.75,7.0,13.5,7.75],"tintindex":0,"rotation":0,"texture":"#0"},"south":{"uv":[12.75,7.75,13.5,8.5],"tintindex":0,"rotation":0,"texture":"#0"},"north":{"uv":[12.75,6.25,13.5,7.0],"tintindex":0,"rotation":0,"texture":"#0"},"west":{"uv":[12.75,8.5,13.5,9.25],"tintindex":0,"rotation":0,"texture":"#0"},"up":{"uv":[13.0,13.5,12.25,12.75],"tintindex":0,"rotation":0,"texture":"#0"},"down":{"uv":[13.75,0.0,13.0,0.75],"tintindex":0,"rotation":0,"texture":"#0"}}},{"from":[-1.0,6.5,7.0],"to":[1.0,8.5,9.0],"faces":{"east":{"uv":[10.25,2.25,10.5,2.5],"tintindex":0,"rotation":0,"texture":"#0"},"south":{"uv":[10.25,4.5,10.5,4.75],"tintindex":0,"rotation":0,"texture":"#0"},"north":{"uv":[8.75,10.0,9.0,10.25],"tintindex":0,"rotation":0,"texture":"#0"},"west":{"uv":[10.5,10.0,10.75,10.25],"tintindex":0,"rotation":0,"texture":"#0"},"up":{"uv":[11.75,8.5,11.5,8.25],"tintindex":0,"rotation":0,"texture":"#0"},"down":{"uv":[12.0,4.0,11.75,4.25],"tintindex":0,"rotation":0,"texture":"#0"}},"rotation":{"origin":[0.0,7.5,8.0],"angle":-45.0,"axis":"z"}},{"from":[3.0,5.0,-3.0],"to":[5.0,17.0,3.0],"faces":{"east":{"uv":[10.5,8.5,11.25,10.0],"tintindex":0,"rotation":0,"texture":"#0"},"south":{"uv":[4.75,13.75,5.0,15.25],"tintindex":0,"rotation":0,"texture":"#0"},"north":{"uv":[2.0,13.75,2.25,15.25],"tintindex":0,"rotation":0,"texture":"#0"},"west":{"uv":[2.5,10.75,3.25,12.25],"tintindex":0,"rotation":0,"texture":"#0"},"up":{"uv":[14.5,0.75,14.25,0.0],"tintindex":0,"rotation":0,"texture":"#0"},"down":{"uv":[0.5,14.25,0.25,15.0],"tintindex":0,"rotation":0,"texture":"#0"}},"rotation":{"origin":[3.0,8.0,3.0],"angle":-22.5,"axis":"y"}},{"from":[3.0,23.0,11.0],"to":[4.799999,27.0,15.0],"faces":{"east":{"uv":[12.25,14.0,12.75,14.5],"tintindex":0,"rotation":0,"texture":"#0"},"south":{"uv":[13.5,14.25,13.75,14.75],"tintindex":0,"rotation":0,"texture":"#0"},"north":{"uv":[13.25,14.25,13.5,14.75],"tintindex":0,"rotation":0,"texture":"#0"},"west":{"uv":[12.75,14.0,13.25,14.5],"tintindex":0,"rotation":0,"texture":"#0"},"up":{"uv":[14.0,14.75,13.75,14.25],"tintindex":0,"rotation":0,"texture":"#0"},"down":{"uv":[14.25,14.25,14.0,14.75],"tintindex":0,"rotation":0,"texture":"#0"}},"rotation":{"origin":[3.0,24.0,11.0],"angle":22.5,"axis":"y"}},{"from":[-1.0,10.5,7.0],"to":[1.0,12.5,9.0],"faces":{"east":{"uv":[10.25,2.25,10.5,2.5],"tintindex":0,"rotation":0,"texture":"#0"},"south":{"uv":[10.25,4.5,10.5,4.75],"tintindex":0,"rotation":0,"texture":"#0"},"north":{"uv":[8.75,10.0,9.0,10.25],"tintindex":0,"rotation":0,"texture":"#0"},"west":{"uv":[10.5,10.0,10.75,10.25],"tintindex":0,"rotation":0,"texture":"#0"},"up":{"uv":[11.75,8.5,11.5,8.25],"tintindex":0,"rotation":0,"texture":"#0"},"down":{"uv":[12.0,4.0,11.75,4.25],"tintindex":0,"rotation":0,"texture":"#0"}},"rotation":{"origin":[0.0,11.5,8.0],"angle":-45.0,"axis":"z"}},{"from":[3.0,23.0,1.0],"to":[4.799999,27.0,5.0],"faces":{"east":{"uv":[14.0,10.75,14.5,11.25],"tintindex":0,"rotation":0,"texture":"#0"},"south":{"uv":[6.0,13.0,6.25,13.5],"tintindex":0,"rotation":0,"texture":"#0"},"north":{"uv":[2.5,9.5,2.75,10.0],"tintindex":0,"rotation":0,"texture":"#0"},"west":{"uv":[11.75,14.0,12.25,14.5],"tintindex":0,"rotation":0,"texture":"#0"},"up":{"uv":[14.5,12.0,14.25,11.5],"tintindex":0,"rotation":0,"texture":"#0"},"down":{"uv":[14.5,12.0,14.25,12.5],"tintindex":0,"rotation":0,"texture":"#0"}},"rotation":{"origin":[3.0,24.0,5.0],"angle":-22.5,"axis":"y"}},{"from":[-1.0,22.5,7.0],"to":[1.0,24.5,9.0],"faces":{"east":{"uv":[10.25,2.25,10.5,2.5],"tintindex":0,"rotation":0,"texture":"#0"},"south":{"uv":[10.25,4.5,10.5,4.75],"tintindex":0,"rotation":0,"texture":"#0"},"north":{"uv":[8.75,10.0,9.0,10.25],"tintindex":0,"rotation":0,"texture":"#0"},"west":{"uv":[10.5,10.0,10.75,10.25],"tintindex":0,"rotation":0,"texture":"#0"},"up":{"uv":[11.75,8.5,11.5,8.25],"tintindex":0,"rotation":0,"texture":"#0"},"down":{"uv":[12.0,4.0,11.75,4.25],"tintindex":0,"rotation":0,"texture":"#0"}},"rotation":{"origin":[0.0,23.5,8.0],"angle":-45.0,"axis":"z"}},{"from":[1.0,5.0,3.0],"to":[5.0,19.0,13.0],"faces":{"east":{"uv":[1.5,7.75,2.75,9.5],"tintindex":0,"rotation":0,"texture":"#0"},"south":{"uv":[5.75,11.25,6.25,13.0],"tintindex":0,"rotation":0,"texture":"#0"},"north":{"uv":[2.0,4.5,2.5,6.25],"tintindex":0,"rotation":0,"texture":"#0"},"west":{"uv":[8.0,3.0,9.25,4.75],"tintindex":0,"rotation":0,"texture":"#0"},"up":{"uv":[1.5,9.5,1.0,8.25],"tintindex":0,"rotation":0,"texture":"#0"},"down":{"uv":[3.25,12.25,2.75,13.5],"tintindex":0,"rotation":0,"texture":"#0"}}}],"display":{"gui":{"rotation":[30,225,0]}}}