{"textures":{"0":"modelengine:entity/mso_lavastone_golem"},"elements":[{"from":[10.0,-0.75,3.0],"to":[13.0,5.25,7.0],"faces":{"east":{"uv":[5.0,13.75,5.5,14.5],"tintindex":0,"rotation":0,"texture":"#0"},"south":{"uv":[14.0,4.0,14.375,4.75],"tintindex":0,"rotation":0,"texture":"#0"},"north":{"uv":[2.25,14.0,2.625,14.75],"tintindex":0,"rotation":0,"texture":"#0"},"west":{"uv":[5.5,13.75,6.0,14.5],"tintindex":0,"rotation":0,"texture":"#0"},"up":{"uv":[14.625,3.25,14.25,2.75],"tintindex":0,"rotation":0,"texture":"#0"},"down":{"uv":[3.625,14.25,3.25,14.75],"tintindex":0,"rotation":0,"texture":"#0"}}},{"from":[10.5,7.5,7.0],"to":[12.5,9.5,9.0],"faces":{"east":{"uv":[10.25,2.25,10.5,2.5],"tintindex":0,"rotation":0,"texture":"#0"},"south":{"uv":[10.25,4.5,10.5,4.75],"tintindex":0,"rotation":0,"texture":"#0"},"north":{"uv":[8.75,10.0,9.0,10.25],"tintindex":0,"rotation":0,"texture":"#0"},"west":{"uv":[10.5,10.0,10.75,10.25],"tintindex":0,"rotation":0,"texture":"#0"},"up":{"uv":[11.75,8.5,11.5,8.25],"tintindex":0,"rotation":0,"texture":"#0"},"down":{"uv":[12.0,4.0,11.75,4.25],"tintindex":0,"rotation":0,"texture":"#0"}},"rotation":{"origin":[11.5,8.5,8.0],"angle":-45.0,"axis":"z"}},{"from":[4.0,-4.0,3.0],"to":[10.0,6.0,13.0],"faces":{"east":{"uv":[8.5,0.0,9.75,1.25],"tintindex":0,"rotation":0,"texture":"#0"},"south":{"uv":[11.75,2.0,12.5,3.25],"tintindex":0,"rotation":0,"texture":"#0"},"north":{"uv":[11.5,6.25,12.25,7.5],"tintindex":0,"rotation":0,"texture":"#0"},"west":{"uv":[8.5,1.25,9.75,2.5],"tintindex":0,"rotation":0,"texture":"#0"},"up":{"uv":[9.5,13.0,8.75,11.75],"tintindex":0,"rotation":0,"texture":"#0"},"down":{"uv":[10.25,11.75,9.5,13.0],"tintindex":0,"rotation":0,"texture":"#0"}}},{"from":[7.0,7.5,10.5],"to":[9.0,9.5,12.5],"faces":{"east":{"uv":[8.75,10.0,9.0,10.25],"tintindex":0,"rotation":0,"texture":"#0"},"south":{"uv":[10.25,2.25,10.5,2.5],"tintindex":0,"rotation":0,"texture":"#0"},"north":{"uv":[10.5,10.0,10.75,10.25],"tintindex":0,"rotation":0,"texture":"#0"},"west":{"uv":[10.25,4.5,10.5,4.75],"tintindex":0,"rotation":0,"texture":"#0"},"up":{"uv":[11.75,8.5,11.5,8.25],"tintindex":0,"rotation":90,"texture":"#0"},"down":{"uv":[12.0,4.0,11.75,4.25],"tintindex":0,"rotation":270,"texture":"#0"}},"rotation":{"origin":[8.0,8.5,11.5],"angle":45.0,"axis":"z"}},{"from":[5.5,6.0,5.5],"to":[10.5,11.0,10.5],"faces":{"east":{"uv":[10.0,13.25,10.625,13.875],"tintindex":0,"rotation":0,"texture":"#0"},"south":{"uv":[13.25,10.0,13.875,10.625],"tintindex":0,"rotation":0,"texture":"#0"},"north":{"uv":[13.25,9.25,13.875,9.875],"tintindex":0,"rotation":0,"texture":"#0"},"west":{"uv":[13.25,10.75,13.875,11.375],"tintindex":0,"rotation":0,"texture":"#0"},"up":{"uv":[0.625,14.125,0.0,13.5],"tintindex":0,"rotation":0,"texture":"#0"},"down":{"uv":[1.375,13.5,0.75,14.125],"tintindex":0,"rotation":0,"texture":"#0"}},"rotation":{"origin":[8.0,8.0,8.0],"angle":-45.0,"axis":"z"}},{"from":[3.5,7.5,7.0],"to":[5.5,9.5,9.0],"faces":{"east":{"uv":[10.25,2.25,10.5,2.5],"tintindex":0,"rotation":0,"texture":"#0"},"south":{"uv":[10.25,4.5,10.5,4.75],"tintindex":0,"rotation":0,"texture":"#0"},"north":{"uv":[8.75,10.0,9.0,10.25],"tintindex":0,"rotation":0,"texture":"#0"},"west":{"uv":[10.5,10.0,10.75,10.25],"tintindex":0,"rotation":0,"texture":"#0"},"up":{"uv":[11.75,8.5,11.5,8.25],"tintindex":0,"rotation":0,"texture":"#0"},"down":{"uv":[12.0,4.0,11.75,4.25],"tintindex":0,"rotation":0,"texture":"#0"}},"rotation":{"origin":[4.5,8.5,8.0],"angle":-45.0,"axis":"z"}},{"from":[10.0,-1.0,7.0],"to":[13.0,2.0,11.0],"faces":{"east":{"uv":[3.75,14.25,4.25,14.625],"tintindex":0,"rotation":0,"texture":"#0"},"south":{"uv":[11.0,14.25,11.375,14.625],"tintindex":0,"rotation":0,"texture":"#0"},"north":{"uv":[14.25,8.75,14.625,9.125],"tintindex":0,"rotation":0,"texture":"#0"},"west":{"uv":[14.25,5.5,14.75,5.875],"tintindex":0,"rotation":0,"texture":"#0"},"up":{"uv":[6.375,14.75,6.0,14.25],"tintindex":0,"rotation":0,"texture":"#0"},"down":{"uv":[14.625,6.0,14.25,6.5],"tintindex":0,"rotation":0,"texture":"#0"}}},{"from":[7.0,7.5,3.5],"to":[9.0,9.5,5.5],"faces":{"east":{"uv":[8.75,10.0,9.0,10.25],"tintindex":0,"rotation":0,"texture":"#0"},"south":{"uv":[10.25,2.25,10.5,2.5],"tintindex":0,"rotation":0,"texture":"#0"},"north":{"uv":[10.5,10.0,10.75,10.25],"tintindex":0,"rotation":0,"texture":"#0"},"west":{"uv":[10.25,4.5,10.5,4.75],"tintindex":0,"rotation":0,"texture":"#0"},"up":{"uv":[11.75,8.5,11.5,8.25],"tintindex":0,"rotation":90,"texture":"#0"},"down":{"uv":[12.0,4.0,11.75,4.25],"tintindex":0,"rotation":270,"texture":"#0"}},"rotation":{"origin":[8.0,8.5,4.5],"angle":45.0,"axis":"z"}}],"display":{"gui":{"rotation":[30,225,0]}}}