{"textures":{"0":"modelengine:entity/mso_lavastone_golem"},"elements":[{"from":[3.5,7.5,7.0],"to":[5.5,9.5,9.0],"faces":{"east":{"uv":[10.25,2.25,10.5,2.5],"tintindex":0,"rotation":0,"texture":"#0"},"south":{"uv":[10.25,4.5,10.5,4.75],"tintindex":0,"rotation":0,"texture":"#0"},"north":{"uv":[8.75,10.0,9.0,10.25],"tintindex":0,"rotation":0,"texture":"#0"},"west":{"uv":[10.5,10.0,10.75,10.25],"tintindex":0,"rotation":0,"texture":"#0"},"up":{"uv":[11.75,8.5,11.5,8.25],"tintindex":0,"rotation":0,"texture":"#0"},"down":{"uv":[12.0,4.0,11.75,4.25],"tintindex":0,"rotation":0,"texture":"#0"}},"rotation":{"origin":[4.5,8.5,8.0],"angle":-45.0,"axis":"z"}},{"from":[10.5,7.5,7.0],"to":[12.5,9.5,9.0],"faces":{"east":{"uv":[10.25,2.25,10.5,2.5],"tintindex":0,"rotation":0,"texture":"#0"},"south":{"uv":[10.25,4.5,10.5,4.75],"tintindex":0,"rotation":0,"texture":"#0"},"north":{"uv":[8.75,10.0,9.0,10.25],"tintindex":0,"rotation":0,"texture":"#0"},"west":{"uv":[10.5,10.0,10.75,10.25],"tintindex":0,"rotation":0,"texture":"#0"},"up":{"uv":[11.75,8.5,11.5,8.25],"tintindex":0,"rotation":0,"texture":"#0"},"down":{"uv":[12.0,4.0,11.75,4.25],"tintindex":0,"rotation":0,"texture":"#0"}},"rotation":{"origin":[11.5,8.5,8.0],"angle":-45.0,"axis":"z"}},{"from":[7.0,7.5,3.5],"to":[9.0,9.5,5.5],"faces":{"east":{"uv":[8.75,10.0,9.0,10.25],"tintindex":0,"rotation":0,"texture":"#0"},"south":{"uv":[10.25,2.25,10.5,2.5],"tintindex":0,"rotation":0,"texture":"#0"},"north":{"uv":[10.5,10.0,10.75,10.25],"tintindex":0,"rotation":0,"texture":"#0"},"west":{"uv":[10.25,4.5,10.5,4.75],"tintindex":0,"rotation":0,"texture":"#0"},"up":{"uv":[11.75,8.5,11.5,8.25],"tintindex":0,"rotation":90,"texture":"#0"},"down":{"uv":[12.0,4.0,11.75,4.25],"tintindex":0,"rotation":270,"texture":"#0"}},"rotation":{"origin":[8.0,8.5,4.5],"angle":45.0,"axis":"z"}},{"from":[7.0,7.5,10.5],"to":[9.0,9.5,12.5],"faces":{"east":{"uv":[8.75,10.0,9.0,10.25],"tintindex":0,"rotation":0,"texture":"#0"},"south":{"uv":[10.25,2.25,10.5,2.5],"tintindex":0,"rotation":0,"texture":"#0"},"north":{"uv":[10.5,10.0,10.75,10.25],"tintindex":0,"rotation":0,"texture":"#0"},"west":{"uv":[10.25,4.5,10.5,4.75],"tintindex":0,"rotation":0,"texture":"#0"},"up":{"uv":[11.75,8.5,11.5,8.25],"tintindex":0,"rotation":90,"texture":"#0"},"down":{"uv":[12.0,4.0,11.75,4.25],"tintindex":0,"rotation":270,"texture":"#0"}},"rotation":{"origin":[8.0,8.5,11.5],"angle":45.0,"axis":"z"}},{"from":[5.5,6.0,5.5],"to":[10.5,11.0,10.5],"faces":{"east":{"uv":[13.5,6.25,14.125,6.875],"tintindex":0,"rotation":0,"texture":"#0"},"south":{"uv":[13.5,7.0,14.125,7.625],"tintindex":0,"rotation":0,"texture":"#0"},"north":{"uv":[6.0,13.5,6.625,14.125],"tintindex":0,"rotation":0,"texture":"#0"},"west":{"uv":[13.5,7.75,14.125,8.375],"tintindex":0,"rotation":0,"texture":"#0"},"up":{"uv":[14.125,9.125,13.5,8.5],"tintindex":0,"rotation":0,"texture":"#0"},"down":{"uv":[11.375,13.5,10.75,14.125],"tintindex":0,"rotation":0,"texture":"#0"}},"rotation":{"origin":[8.0,8.0,8.0],"angle":-45.0,"axis":"z"}}],"display":{"gui":{"rotation":[30,225,0]}}}