{"textures":{"0":"modelengine:entity/mso_lavastone_golem"},"elements":[{"from":[2.0,1.0,7.0],"to":[4.0,3.0,9.0],"faces":{"east":{"uv":[10.25,2.25,10.5,2.5],"tintindex":0,"rotation":0,"texture":"#0"},"south":{"uv":[10.25,4.5,10.5,4.75],"tintindex":0,"rotation":0,"texture":"#0"},"north":{"uv":[8.75,10.0,9.0,10.25],"tintindex":0,"rotation":0,"texture":"#0"},"west":{"uv":[10.5,10.0,10.75,10.25],"tintindex":0,"rotation":0,"texture":"#0"},"up":{"uv":[11.75,8.5,11.5,8.25],"tintindex":0,"rotation":0,"texture":"#0"},"down":{"uv":[12.0,4.0,11.75,4.25],"tintindex":0,"rotation":0,"texture":"#0"}},"rotation":{"origin":[3.0,2.0,8.0],"angle":-45.0,"axis":"z"}},{"from":[12.0,1.0,7.0],"to":[14.0,3.0,9.0],"faces":{"east":{"uv":[10.75,10.0,10.5,10.25],"tintindex":0,"rotation":0,"texture":"#0"},"south":{"uv":[10.5,4.5,10.25,4.75],"tintindex":0,"rotation":0,"texture":"#0"},"north":{"uv":[9.0,10.0,8.75,10.25],"tintindex":0,"rotation":0,"texture":"#0"},"west":{"uv":[10.5,2.25,10.25,2.5],"tintindex":0,"rotation":0,"texture":"#0"},"up":{"uv":[11.5,8.5,11.75,8.25],"tintindex":0,"rotation":0,"texture":"#0"},"down":{"uv":[11.75,4.0,12.0,4.25],"tintindex":0,"rotation":0,"texture":"#0"}},"rotation":{"origin":[13.0,2.0,8.0],"angle":45.0,"axis":"z"}},{"from":[4.0,-1.0,5.0],"to":[12.0,5.0,11.0],"faces":{"east":{"uv":[2.75,7.75,3.5,8.5],"tintindex":0,"rotation":0,"texture":"#0"},"south":{"uv":[0.75,12.0,1.75,12.75],"tintindex":0,"rotation":0,"texture":"#0"},"north":{"uv":[3.5,6.25,4.5,7.0],"tintindex":0,"rotation":0,"texture":"#0"},"west":{"uv":[12.25,12.0,13.0,12.75],"tintindex":0,"rotation":0,"texture":"#0"},"up":{"uv":[13.0,6.25,12.0,5.5],"tintindex":0,"rotation":0,"texture":"#0"},"down":{"uv":[7.25,12.0,6.25,12.75],"tintindex":0,"rotation":0,"texture":"#0"}}}],"display":{"gui":{"rotation":[30,225,0]}}}