{"textures":{"0":"modelengine:entity/mso_lavastone_golem"},"elements":[{"from":[3.0,1.0,7.0],"to":[5.0,3.0,9.0],"faces":{"east":{"uv":[10.25,2.25,10.5,2.5],"tintindex":0,"rotation":0,"texture":"#0"},"south":{"uv":[10.25,4.5,10.5,4.75],"tintindex":0,"rotation":0,"texture":"#0"},"north":{"uv":[8.75,10.0,9.0,10.25],"tintindex":0,"rotation":0,"texture":"#0"},"west":{"uv":[10.5,10.0,10.75,10.25],"tintindex":0,"rotation":0,"texture":"#0"},"up":{"uv":[11.75,8.5,11.5,8.25],"tintindex":0,"rotation":0,"texture":"#0"},"down":{"uv":[12.0,4.0,11.75,4.25],"tintindex":0,"rotation":0,"texture":"#0"}},"rotation":{"origin":[4.0,2.0,8.0],"angle":-45.0,"axis":"z"}},{"from":[11.0,1.0,7.0],"to":[13.0,3.0,9.0],"faces":{"east":{"uv":[10.75,10.0,10.5,10.25],"tintindex":0,"rotation":0,"texture":"#0"},"south":{"uv":[10.5,4.5,10.25,4.75],"tintindex":0,"rotation":0,"texture":"#0"},"north":{"uv":[9.0,10.0,8.75,10.25],"tintindex":0,"rotation":0,"texture":"#0"},"west":{"uv":[10.5,2.25,10.25,2.5],"tintindex":0,"rotation":0,"texture":"#0"},"up":{"uv":[11.5,8.5,11.75,8.25],"tintindex":0,"rotation":0,"texture":"#0"},"down":{"uv":[11.75,4.0,12.0,4.25],"tintindex":0,"rotation":0,"texture":"#0"}},"rotation":{"origin":[12.0,2.0,8.0],"angle":45.0,"axis":"z"}},{"from":[5.0,-1.0,5.0],"to":[11.0,5.0,11.0],"faces":{"east":{"uv":[1.5,13.0,2.25,13.75],"tintindex":0,"rotation":0,"texture":"#0"},"south":{"uv":[13.0,2.75,13.75,3.5],"tintindex":0,"rotation":0,"texture":"#0"},"north":{"uv":[13.0,0.75,13.75,1.5],"tintindex":0,"rotation":0,"texture":"#0"},"west":{"uv":[4.5,13.0,5.25,13.75],"tintindex":0,"rotation":0,"texture":"#0"},"up":{"uv":[6.0,13.75,5.25,13.0],"tintindex":0,"rotation":0,"texture":"#0"},"down":{"uv":[13.75,5.5,13.0,6.25],"tintindex":0,"rotation":0,"texture":"#0"}}}],"display":{"gui":{"rotation":[30,225,0]}}}