{"textures":{"0":"modelengine:entity/ghoul_texture"},"elements":[{"from":[5.53125,5.6893396,1.6464462],"to":[10.456249,7.6893396,7.646446],"faces":{"east":{"uv":[9.25,3.375,10.0,3.625],"tintindex":0,"rotation":0,"texture":"#0"},"south":{"uv":[9.375,8.0,10.0,8.25],"tintindex":0,"rotation":0,"texture":"#0"},"north":{"uv":[0.5,9.375,1.125,9.625],"tintindex":0,"rotation":0,"texture":"#0"},"west":{"uv":[3.5,9.25,4.25,9.5],"tintindex":0,"rotation":0,"texture":"#0"},"up":{"uv":[5.375,8.75,4.75,8.0],"tintindex":0,"rotation":0,"texture":"#0"},"down":{"uv":[8.625,7.875,8.0,8.625],"tintindex":0,"rotation":0,"texture":"#0"}}},{"from":[5.5062494,5.25,6.5857863],"to":[10.50625,7.25,10.585787],"faces":{"east":{"uv":[3.5,9.625,4.0,9.875],"tintindex":0,"rotation":0,"texture":"#0"},"south":{"uv":[8.625,9.375,9.25,9.625],"tintindex":0,"rotation":0,"texture":"#0"},"north":{"uv":[9.375,8.375,10.0,8.625],"tintindex":0,"rotation":0,"texture":"#0"},"west":{"uv":[6.625,9.625,7.125,9.875],"tintindex":0,"rotation":0,"texture":"#0"},"up":{"uv":[4.25,5.5,3.625,5.0],"tintindex":0,"rotation":0,"texture":"#0"},"down":{"uv":[6.625,8.875,6.0,9.375],"tintindex":0,"rotation":0,"texture":"#0"}},"rotation":{"origin":[7.50625,6.75,6.5857863],"angle":-45.0,"axis":"x"}}],"display":{"gui":{"rotation":[30,225,0]}}}