{"textures":{"0":"modelengine:entity/ghoul_texture"},"elements":[{"from":[6.5,3.75,8.0],"to":[10.5,5.75,8.0],"faces":{"south":{"uv":[10.125,2.625,9.625,2.875],"tintindex":0,"rotation":0,"texture":"#0"},"north":{"uv":[9.625,2.625,10.125,2.875],"tintindex":0,"rotation":0,"texture":"#0"}},"rotation":{"origin":[9.0,6.0,8.225],"angle":45.0,"axis":"z"}},{"from":[8.5,5.75,7.5],"to":[10.5,8.75,8.5],"faces":{"east":{"uv":[2.25,7.5,2.375,7.875],"tintindex":0,"rotation":0,"texture":"#0"},"south":{"uv":[8.125,9.625,8.375,10.0],"tintindex":0,"rotation":0,"texture":"#0"},"north":{"uv":[7.75,9.625,8.0,10.0],"tintindex":0,"rotation":0,"texture":"#0"},"west":{"uv":[7.75,9.125,7.875,9.5],"tintindex":0,"rotation":0,"texture":"#0"},"up":{"uv":[10.0,0.875,9.75,0.75],"tintindex":0,"rotation":0,"texture":"#0"},"down":{"uv":[1.125,9.75,0.875,9.875],"tintindex":0,"rotation":0,"texture":"#0"}},"rotation":{"origin":[9.0,6.0,7.7250004],"angle":45.0,"axis":"z"}}],"display":{"gui":{"rotation":[30,225,0]}}}