{"textures":{"0":"modelengine:entity/ghoul_texture"},"elements":[{"from":[1.4520001,-2.279499,5.0627747],"to":[5.452,7.720501,11.062775],"faces":{"east":{"uv":[7.25,1.125,8.0,2.375],"tintindex":0,"rotation":0,"texture":"#0"},"south":{"uv":[0.0,8.0,0.5,9.25],"tintindex":0,"rotation":0,"texture":"#0"},"north":{"uv":[0.0,8.0,0.5,9.25],"tintindex":0,"rotation":0,"texture":"#0"},"west":{"uv":[7.25,1.125,8.0,2.375],"tintindex":0,"rotation":0,"texture":"#0"},"up":{"uv":[9.125,4.125,8.625,3.375],"tintindex":0,"rotation":0,"texture":"#0"},"down":{"uv":[9.25,7.25,8.75,8.0],"tintindex":0,"rotation":0,"texture":"#0"}},"rotation":{"origin":[9.069981,-1.4462223,9.647094],"angle":-22.5,"axis":"z"}}],"display":{"gui":{"rotation":[30,225,0]}}}