{"textures":{"0":"modelengine:entity/ghoul_texture"},"elements":[{"from":[6.477976,-1.5364075,6.327778],"to":[9.477976,8.463593,10.327778],"faces":{"east":{"uv":[2.875,8.0,3.375,9.25],"tintindex":0,"rotation":0,"texture":"#0"},"south":{"uv":[8.125,1.0,8.5,2.25],"tintindex":0,"rotation":0,"texture":"#0"},"north":{"uv":[8.125,1.0,8.5,2.25],"tintindex":0,"rotation":0,"texture":"#0"},"west":{"uv":[2.875,8.0,3.375,9.25],"tintindex":0,"rotation":0,"texture":"#0"},"up":{"uv":[7.625,9.625,7.25,9.125],"tintindex":0,"rotation":0,"texture":"#0"},"down":{"uv":[7.625,9.625,7.25,9.125],"tintindex":0,"rotation":0,"texture":"#0"}}}],"display":{"gui":{"rotation":[30,225,0]}}}