{"textures":{"0":"modelengine:entity/ghoul_texture"},"elements":[{"from":[10.548,-2.279499,5.0627747],"to":[14.548,7.720501,11.062775],"faces":{"east":{"uv":[8.0,1.125,7.25,2.375],"tintindex":0,"rotation":0,"texture":"#0"},"south":{"uv":[0.5,8.0,0.0,9.25],"tintindex":0,"rotation":0,"texture":"#0"},"north":{"uv":[0.5,8.0,0.0,9.25],"tintindex":0,"rotation":0,"texture":"#0"},"west":{"uv":[8.0,1.125,7.25,2.375],"tintindex":0,"rotation":0,"texture":"#0"},"up":{"uv":[8.625,4.125,9.125,3.375],"tintindex":0,"rotation":0,"texture":"#0"},"down":{"uv":[8.75,7.25,9.25,8.0],"tintindex":0,"rotation":0,"texture":"#0"}},"rotation":{"origin":[6.93002,-1.4462223,9.647094],"angle":22.5,"axis":"z"}}],"display":{"gui":{"rotation":[30,225,0]}}}