{"textures":{"0":"modelengine:entity/ghoul_texture"},"elements":[{"from":[8.47127,3.6376023,7.5],"to":[10.47127,7.6376023,8.5],"faces":{"east":{"uv":[2.375,6.875,2.25,7.375],"tintindex":0,"rotation":0,"texture":"#0"},"south":{"uv":[4.625,9.25,4.375,9.75],"tintindex":0,"rotation":0,"texture":"#0"},"north":{"uv":[6.0,6.875,5.75,7.375],"tintindex":0,"rotation":0,"texture":"#0"},"west":{"uv":[4.5,5.0,4.375,5.5],"tintindex":0,"rotation":0,"texture":"#0"},"up":{"uv":[5.75,5.375,6.0,5.25],"tintindex":0,"rotation":0,"texture":"#0"},"down":{"uv":[7.0,4.875,7.25,5.0],"tintindex":0,"rotation":0,"texture":"#0"}},"rotation":{"origin":[7.32127,3.8876023,8.0],"angle":22.5,"axis":"z"}},{"from":[6.4712696,1.6376023,6.5249996],"to":[10.47127,3.6376023,6.5249996],"faces":{"south":{"uv":[9.375,9.375,9.875,9.625],"tintindex":0,"rotation":0,"texture":"#0"},"north":{"uv":[9.875,9.375,9.375,9.625],"tintindex":0,"rotation":0,"texture":"#0"}},"rotation":{"origin":[7.32127,3.8876023,8.5],"angle":22.5,"axis":"z"}},{"from":[8.47127,3.6376023,6.0249996],"to":[10.47127,7.6376023,7.0249996],"faces":{"east":{"uv":[2.375,6.875,2.25,7.375],"tintindex":0,"rotation":0,"texture":"#0"},"south":{"uv":[4.625,9.25,4.375,9.75],"tintindex":0,"rotation":0,"texture":"#0"},"north":{"uv":[6.0,6.875,5.75,7.375],"tintindex":0,"rotation":0,"texture":"#0"},"west":{"uv":[4.5,5.0,4.375,5.5],"tintindex":0,"rotation":0,"texture":"#0"},"up":{"uv":[5.75,5.375,6.0,5.25],"tintindex":0,"rotation":0,"texture":"#0"},"down":{"uv":[7.0,4.875,7.25,5.0],"tintindex":0,"rotation":0,"texture":"#0"}},"rotation":{"origin":[7.32127,3.8876023,8.0],"angle":22.5,"axis":"z"}},{"from":[6.4712696,1.6376023,8.0],"to":[10.47127,3.6376023,8.0],"faces":{"south":{"uv":[9.375,9.375,9.875,9.625],"tintindex":0,"rotation":0,"texture":"#0"},"north":{"uv":[9.875,9.375,9.375,9.625],"tintindex":0,"rotation":0,"texture":"#0"}},"rotation":{"origin":[7.32127,3.8876023,8.5],"angle":22.5,"axis":"z"}},{"from":[6.4712696,1.6376023,9.474999],"to":[10.47127,3.6376023,9.474999],"faces":{"south":{"uv":[9.375,9.375,9.875,9.625],"tintindex":0,"rotation":0,"texture":"#0"},"north":{"uv":[9.875,9.375,9.375,9.625],"tintindex":0,"rotation":0,"texture":"#0"}},"rotation":{"origin":[7.32127,3.8876023,8.5],"angle":22.5,"axis":"z"}},{"from":[8.47127,3.6376023,8.974999],"to":[10.47127,7.6376023,9.975],"faces":{"east":{"uv":[2.375,6.875,2.25,7.375],"tintindex":0,"rotation":0,"texture":"#0"},"south":{"uv":[4.625,9.25,4.375,9.75],"tintindex":0,"rotation":0,"texture":"#0"},"north":{"uv":[6.0,6.875,5.75,7.375],"tintindex":0,"rotation":0,"texture":"#0"},"west":{"uv":[4.5,5.0,4.375,5.5],"tintindex":0,"rotation":0,"texture":"#0"},"up":{"uv":[5.75,5.375,6.0,5.25],"tintindex":0,"rotation":0,"texture":"#0"},"down":{"uv":[7.0,4.875,7.25,5.0],"tintindex":0,"rotation":0,"texture":"#0"}},"rotation":{"origin":[7.32127,3.8876023,8.0],"angle":22.5,"axis":"z"}}],"display":{"gui":{"rotation":[30,225,0]}}}