{"textures":{"0":"modelengine:entity/ghoul_texture"},"elements":[{"from":[6.522024,-1.5364075,6.327778],"to":[9.522024,8.463593,10.327778],"faces":{"east":{"uv":[3.375,8.0,2.875,9.25],"tintindex":0,"rotation":0,"texture":"#0"},"south":{"uv":[8.5,1.0,8.125,2.25],"tintindex":0,"rotation":0,"texture":"#0"},"north":{"uv":[8.5,1.0,8.125,2.25],"tintindex":0,"rotation":0,"texture":"#0"},"west":{"uv":[3.375,8.0,2.875,9.25],"tintindex":0,"rotation":0,"texture":"#0"},"up":{"uv":[7.25,9.625,7.625,9.125],"tintindex":0,"rotation":0,"texture":"#0"},"down":{"uv":[7.25,9.625,7.625,9.125],"tintindex":0,"rotation":0,"texture":"#0"}}}],"display":{"gui":{"rotation":[30,225,0]}}}